stratum,risk_rank,risk_id,risk_name,eigenvector,pa_id,pa_name,pa_description,is_race_framed,notes
1,5,alignmentforum__5b5d2d9e4c89e193769aa693286677cb__node_1,Societal disruption from rapid AI progress,0.0006423598112738704,alignmentforum__5b5d2d9e4c89e193769aa693286677cb__node_3,Competitive deployment pressures reducing safety measures,"Corporate or national races for advantage may incentivise deploying untrustworthy AI systems prematurely, lowering safety standards.",1,
1,8,lesswrong__905466ccf5781608111ee0c06eccc1eb__node_2,societal destabilization from unregulated dual-use AI deployment,0.0005959698858787812,lesswrong__905466ccf5781608111ee0c06eccc1eb__node_5,competitive race dynamics among AI developers reducing safety investment,"Firms fear losing advantage to rivals or other nations, creating pressure to prioritize capability scaling over cautious safety practices.",1,
1,12,eaforum__bf452fd7f3e160813c67849cddb24464__node_0,Human disempowerment by competitively deployed advanced AI systems,0.0005730776559158713,eaforum__bf452fd7f3e160813c67849cddb24464__node_1,Competitive pressures incentivizing rapid AI capability deployment over safety,"Analysis that firms feel forced to ship more capable AI quickly to beat rivals, which sidelines safety work.",1,
1,15,blogs__c1103fb8ef04326e258d11f79b7239b0__node_0,Catastrophic outcomes from misaligned advanced AI systems,0.0005525664652898917,blogs__c1103fb8ef04326e258d11f79b7239b0__node_3,Competitive race dynamics reducing investment in AI safety,Developers may under-invest in safety when competing to deploy transformative AI first.,1,
1,16,arxiv__c758dc937fb57a01341dc969f1d6c818__node_2,Structural instability in international security from AI integration,0.0005335772302721203,arxiv__c758dc937fb57a01341dc969f1d6c818__node_9,Competitive AI arms race dynamics accelerating unsafe deployment,"States or firms prioritise speed over safety, reducing willingness to share safety techniques or impose controls.",1,
1,17,blogs__3b7ad1c66d9766782292985e0ac6b47d__node_2,Geopolitical power imbalance from concentrated AI capabilities,0.0005307831846070023,blogs__3b7ad1c66d9766782292985e0ac6b47d__node_6,Competitive pressures incentivizing early deployment of unsafe AI,Problem that commercial or national races push actors to release systems before adequate alignment or security work is complete.,1,
1,21,special_docs__19faa2aadbed90bddb7dd10c1aaec5db__node_1,Global catastrophic coordination failure from superintelligent AI,0.0005237111863810477,special_docs__19faa2aadbed90bddb7dd10c1aaec5db__node_7,AI race dynamics reducing safety investment,Competition to be first with super-intelligence incentivises cutting safety corners (Coordination failures & AI risk).,1,
1,26,eaforum__35c26f47b349c1c680df6e34a13ee2c2__node_0,Race to the bottom on AI safety in global AI development,0.0004965797106005388,eaforum__35c26f47b349c1c680df6e34a13ee2c2__node_2,Competitive pressure between AI developers reducing safety investments,"Firms or states prioritise performance and deployment speed over safety to remain competitive, undermining careful development practices.",1,
1,30,youtube__72dbfa51468bca8a9a1c0013a1b2656f__node_2,AGI development race increasing existential risk,0.0004933725378421499,youtube__72dbfa51468bca8a9a1c0013a1b2656f__node_5,Competitive incentives reducing cooperation among AI developers,Firms or nations may prioritise speed over safety due to competitive pressure.,1,
1,32,eaforum__375368cb9a4890792d50702825783fb6__node_1,Destabilizing AI arms race in multipolar world,0.0004873847089088891,eaforum__375368cb9a4890792d50702825783fb6__node_5,Competitive dynamics incentivizing speed over safety,"Actors in an AI arms race prioritize rapid capability gains, reducing investment in safety measures.",1,
1,34,special_docs__dd4a8c96c3460723fbfd075ba1fe7ee8__node_0,Unsafe AGI deployment due to inadequate international cooperation in AI governance,0.00048395449197356115,special_docs__dd4a8c96c3460723fbfd075ba1fe7ee8__node_2,Competitive incentives in AI R&D accelerating deployment over safety in geopolitical context,"Problem mechanism where nation-states and corporations prioritize speed and capability gains, lowering investment in cooperative safety measures.",1,
1,37,eaforum__c966383fea973b7d444285f0144a2f3e__node_5,rapid AI progress outpacing societal adaptation,0.0004671437801958484,eaforum__c966383fea973b7d444285f0144a2f3e__node_11,competitive race dynamics incentivising speed over safety,"Actors fear falling behind rivals, pushing them to accelerate AI development and cut safety corners.",1,
1,39,eaforum__622c5140d13f751d4d67a2e13c7ffacf__node_0,Underinvestment in AI safety from competitive AI development race,0.0004598428215005779,eaforum__622c5140d13f751d4d67a2e13c7ffacf__node_2,Competitive race incentives among AI labs and nations,"Economic and geopolitical pressures reward rapid capability gains, creating incentives to prioritise speed over safety or oversight.",1,
1,40,lesswrong__0bbbda94ed65d3d65bc92b564dae4651__node_1,Unsafe AI deployment driven by race dynamics,0.00045940233905102806,lesswrong__0bbbda94ed65d3d65bc92b564dae4651__node_5,Competitive pressures reducing safety investments in AI development,"When multiple actors vie for AI dominance, delay penalties incentivise shortening evaluation cycles and skipping rigorous safety checks.",1,
1,41,eaforum__93bc71ab55db7c2ee28ac5d0662ea125__node_1,Adversarial technological maturity among AI-enabled actors,0.00044888616366821127,eaforum__93bc71ab55db7c2ee28ac5d0662ea125__node_4,Race dynamics accelerating AI deployment,"Competitive pressures among states or firms that encourage faster, less-safe AI development.",1,
1,47,youtube__5e34178834c3a7b28c3d66875b3551a7__node_0,Catastrophic AGI misalignment in competitive arms race,0.00040112794622381055,youtube__5e34178834c3a7b28c3d66875b3551a7__node_2,Arms race incentives reducing AI safety diligence,"Competitive pressure rewards faster progress and penalises time spent on exhaustive alignment and testing, leading to reduced diligence.",1,
1,48,youtube__5e34178834c3a7b28c3d66875b3551a7__node_1,Proliferation of lethal autonomous weapons in military arms race,0.00040112794622381055,youtube__5e34178834c3a7b28c3d66875b3551a7__node_2,Arms race incentives reducing AI safety diligence,"Competitive pressure rewards faster progress and penalises time spent on exhaustive alignment and testing, leading to reduced diligence.",1,
1,52,youtube__e6cc906fc260b51b8b01ae4c2dac78ac__node_4,Uncontrolled AI development from misaligned superorganisms,0.0003765833493175399,youtube__e6cc906fc260b51b8b01ae4c2dac78ac__node_9,Competitive incentives driving unsafe AI race among corporations and nations,Economic and geopolitical competition encourages rapid deployment over safety considerations.,1,
1,54,eaforum__3fb0cce84681cec76831a19c3d6fb971__node_0,Strategic misuse of transformative AI by influential actors,0.0003747347884734959,eaforum__3fb0cce84681cec76831a19c3d6fb971__node_2,AI development arms race incentives among governments and companies,"Competitive pressure to reach transformative AI first, potentially motivating actors to cut corners on safety or to weaponise AI.",1,
1,56,blogs__9cfda631256bcf6ad6d04ef7601bdb8d__node_1,Global coordination failure in AI development leading to unsafe deployment,0.0003389523265261005,blogs__9cfda631256bcf6ad6d04ef7601bdb8d__node_6,Competitive pressure reduces safety margins in AI development,Firms or nations may cut corners on alignment to outpace rivals.,1,
1,58,youtube__0d734b93dae6dd3f68b3f90fe7fec8d0__node_2,destabilizing international AI arms race,0.00033529519906744514,youtube__0d734b93dae6dd3f68b3f90fe7fec8d0__node_4,competitive incentives for rapid AI deployment reducing safety measures,Economic and geopolitical pressure encourages actors to prioritise capability gains over thorough safety work.,1,
1,64,eaforum__9c2134fc797f80f47922ed745e680a1a__node_0,Catastrophic misuse of God-like AI systems,0.00031126598755008394,eaforum__9c2134fc797f80f47922ed745e680a1a__node_3,Unchecked competitive race among leading AI labs,"Major companies compete to deploy increasingly powerful models quickly, creating incentives that sideline safety.",1,
1,73,blogs__21b0fba572f51edc62eb4c17a888d733__node_2,Uncontrollable advanced weapon proliferation via widely deployed AI,0.000287444809364903,blogs__21b0fba572f51edc62eb4c17a888d733__node_4,Incentivized racing among AI developers in commercial competition,"Firms rush to release more powerful models to stay ahead, discouraging caution.",1,
1,74,blogs__21b0fba572f51edc62eb4c17a888d733__node_3,Societal epistemic breakdown from AI-generated propaganda,0.000287444809364903,blogs__21b0fba572f51edc62eb4c17a888d733__node_4,Incentivized racing among AI developers in commercial competition,"Firms rush to release more powerful models to stay ahead, discouraging caution.",1,
1,75,eaforum__140c762ceca1d9e9533ba37929170f1a__node_2,Race-driven reduction of AI safety measures,0.00028120035823175926,eaforum__140c762ceca1d9e9533ba37929170f1a__node_5,Competitive pressure incentivizing speed over safety in AI development,"Firms may disable or omit safety features (e.g., emergency braking) to avoid falling behind rivals, worsening systemic risk.",1,
1,78,blogs__3efe9da74358f30f077055f8a2bbd2be__node_1,Safety research lagging behind accelerated AI capability progress,0.0002776275634917001,blogs__3efe9da74358f30f077055f8a2bbd2be__node_5,Investment race dynamics reducing safety prioritization,Competitive pressure among actors to advance AI capabilities can lead them to sacrifice or defer investment in safety work.,1,
1,79,lesswrong__1c2200455997df9ae17a62024f9a960b__node_0,Unsafe superintelligence deployment due to AI development race,0.0002717768957395296,lesswrong__1c2200455997df9ae17a62024f9a960b__node_1,Race dynamic reducing investment in safety in competitive AI development,"In a close contest for first superintelligence, each team gains by devoting resources to capability rather than costly safety measures, creating a systemic reduction in safety effort.",1,
1,80,eaforum__8e9ef353e8159f143b9cd79a48c36f5e__node_0,existential catastrophe from unsafe transformative AI deployment,0.0002689044844318006,eaforum__8e9ef353e8159f143b9cd79a48c36f5e__node_1,competitive deployment incentives in AI labs,"Economic and reputational pressures push AI labs to release increasingly capable systems quickly, often ahead of comprehensive safety checks.",1,
1,82,arbital__c6eb0e7be173ad123ced5cd79086cf9f__node_0,Catastrophic AI system failures from safety-neglect in arms race context,0.0002597963530048026,arbital__c6eb0e7be173ad123ced5cd79086cf9f__node_1,Competitive race to the bottom on AI safety among developers,"Situation where multiple AI actors reduce investment in safety to outpace rivals, lowering overall safety standards.",1,
1,83,lesswrong__529ccbe964f9e7f9e85668325a034430__node_1,Accelerated AGI arms race between nations leading to unsafe development,0.0002580225172556963,lesswrong__529ccbe964f9e7f9e85668325a034430__node_5,Geopolitical competition incentivizes speed over safety in AI development,International rivalry can prioritize being first over building safe systems.,1,
1,84,special_docs__32e8de0db7549c84e1dac76e1fd37389__node_0,Existential catastrophe from misaligned AGI in global governance,0.00025716841148921786,special_docs__32e8de0db7549c84e1dac76e1fd37389__node_3,Safety corner-cutting incentivized by AGI race dynamics in development,Competitive pressure to deploy capabilities first encourages teams to under-invest in safety (Frameworks for Coordination – AI race dynamics).,1,
1,85,eaforum__771dbc4f251cf5812a736ea9ad51d3ad__node_2,Accelerated unsafe AI deployment due to development arms race,0.0002564192247312796,eaforum__771dbc4f251cf5812a736ea9ad51d3ad__node_5,Incentive mismatch in AI development race scenarios,"Developers have incentives to deploy faster even when it undermines collective safety, characteristic of arms-race situations.",1,
1,89,youtube__f1c95c93eea11501d1f7f1a9f234d05f__node_2,Loss of coordination among major AI actors,0.00024574141466425167,youtube__f1c95c93eea11501d1f7f1a9f234d05f__node_5,Competitive incentives favor speed over safety in AI labs,"Market and prestige rewards push labs to deploy new capabilities quickly, at the expense of thorough safety work.",1,
1,96,alignmentforum__cff99d72b86cdcc0b3f4d90030858dd3__node_1,Automated warfare escalation due to autonomous weapons,0.00023420375857519985,alignmentforum__cff99d72b86cdcc0b3f4d90030858dd3__node_5,Deployment pressure in AI race reduces safety margins,"Nations and firms competing for strategic or commercial advantage may shorten testing phases, cede control, or prioritise capabilities over robustness.",1,
1,97,eaforum__21aeb0e749029cd8c291291d56f6df4b__node_0,Unsafe deployment of powerful AI systems in industry,0.00022956593698895443,eaforum__21aeb0e749029cd8c291291d56f6df4b__node_1,Competitive race to the bottom on safety incentives in AI industry,"Firms fear losing competitive advantage, so they under-invest in safety, increasing overall deployment risk.",1,
1,100,eaforum__814a52931899dd9edb895898b674f672__node_1,Economic displacement of screenwriters by AI automation,0.00021767561566044208,eaforum__814a52931899dd9edb895898b674f672__node_5,Competitive pressure incentivizing rapid AI deployment,"Problem analysis that economic rivalry between tech firms drives fast scaling and release, often ahead of robust safeguards.",1,
2,>100,special_docs__d7540ad163504b57cb7398c4e89546ee__node_14,Catastrophic misalignment from high-level machine intelligence in global context,8.904656476512114e-18,special_docs__d7540ad163504b57cb7398c4e89546ee__node_15,Concentration of HLMI development among few actors with strong competitive incentives,"HLMI research requires massive resources, limiting players to a few states/firms, increasing race pressure and secrecy.",1,
2,>100,special_docs__21f064ab9f06b815067d3f3d432dc549__node_0,AI-disaster from unsafe first advanced AI,8.422154741238283e-05,special_docs__21f064ab9f06b815067d3f3d432dc549__node_1,Safety skimping incentives in AI arms race,Competing teams lower safety level s to finish first because victory rewards outweigh perceived extra risk.,1,
2,>100,special_docs__34bccca783f3b9f29b8709ba28a226de__node_1,Catastrophic deaths from superintelligent AI,0.0001687840463552052,special_docs__34bccca783f3b9f29b8709ba28a226de__node_10,Uncontrolled arms race in AI development,Rapid pursuit of increasingly capable AI by multiple actors without adequate safety alignment.,1,
2,>100,blogs__1e0f6ca4ac6a4c66c0aee41c69da7cfa__node_0,Existential harm to humans from uncontrolled AI systems,2.1133291112290727e-36,blogs__1e0f6ca4ac6a4c66c0aee41c69da7cfa__node_1,Emergence of competing AIs lacking alignment safeguards,"The appearance of artificial agents that are not subject to common safety constraints, creating direct competitive threats to humanity.",0,FP: describes AI-AI competition not human race to develop AI
2,>100,arxiv__4f947aa9df9f912dca89c7b3870b09fc__node_14,Catastrophic AI accident due to weak safety culture in AI labs,1.111472303556098e-06,arxiv__4f947aa9df9f912dca89c7b3870b09fc__node_15,Competitive pressure driving insufficient organizational safety processes,Problem analysis that intense market or geopolitical competition incentivises labs to ship capabilities before rigorous safety testing and governance structures are in place.,1,
2,>100,special_docs__775db43b90c24aa56b78d231c998775a__node_1,Great power conflict escalated by AI-driven instability,4.658776109046932e-06,special_docs__775db43b90c24aa56b78d231c998775a__node_6,Competitive dynamics and misperception during rapid AI technological change,"States race for AI advantage, potentially misreading opponents or automation capabilities, heightening war risks.",1,
2,>100,youtube__e9108282a7733c053116a3e31e628ef3__node_1,Global instability due to AI competition,6.86724904785546e-06,youtube__e9108282a7733c053116a3e31e628ef3__node_5,Great power competition over AI capabilities,"States vie for economic and military benefits from AI, potentially heightening tensions and miscalculation.",1,
2,>100,special_docs__fa984fb79b5d14dd0a364e9dfedefd9a__node_1,Destabilizing great-power AI arms race,4.1873947487602045e-05,special_docs__fa984fb79b5d14dd0a364e9dfedefd9a__node_4,National and corporate incentives for competitive AI development,"Economic and strategic benefits push firms and states to accelerate AI R&D, fostering a race dynamic.",1,
2,>100,eaforum__625faf0e3315bb0b982543b9feaf3dd1__node_0,Mutual destruction from uncontrollable ultimate technology escalation,7.07579543548423e-36,eaforum__625faf0e3315bb0b982543b9feaf3dd1__node_1,Technological arms race incentives among rival actors in ultimate technology development,"Rival groups fear domination and therefore pursue ever-higher technology levels, increasing accident risk.",1,
2,>100,special_docs__a7027258e63016a4a6176a4b5d76dfb0__node_1,Global instability from AI development arms race,8.57472220301136e-05,special_docs__a7027258e63016a4a6176a4b5d76dfb0__node_4,Competitive incentives lowering safety standards in AGI arms race,"Actors may sacrifice rigorous safety testing to win the development race, amplifying systemic risk.",1,
2,>100,lesswrong__8b207f88486abfc4cfda9bc2ae64ace4__node_2,Malthusian upload scenario in post-human economy,6.104543592111853e-21,lesswrong__8b207f88486abfc4cfda9bc2ae64ace4__node_8,Economic competition among uploads driving resource exhaustion,"Uploads replicate to out-compete each other, pushing resource consumption until average welfare collapses.",0,FP: describes competition among digital uploads not AI development race
2,>100,special_docs__5906ff638db93496720f987eac9e053c__node_1,Technonationalist AI economic blocs formation,8.678384281035059e-40,special_docs__5906ff638db93496720f987eac9e053c__node_4,Propagation of AI arms race narratives in policy discourse,Simplistic memes such as an inevitable US-China AI arms race steer policy toward competitive rather than cooperative stances.,1,meta-discussion about race framing
2,>100,lesswrong__c00a8e9e3cc2566189cf19dfe0a4753a__node_0,Failure of scalable AI alignment schemes under ongoing value-competition coupling,6.192554189537496e-15,lesswrong__c00a8e9e3cc2566189cf19dfe0a4753a__node_2,Competitive pressure from successor alignment difficulty in AGI economy,Agents that cannot cheaply ensure their successors share their exact values face incentives to act competitively and accumulate resources before value drift occurs.,0,FP: describes AGI agents facing competitive pressure not human race
2,>100,special_docs__5bbc953a34ea8f1a7b35a0e0f56d5d2d__node_2,Suffering from rogue AI developers lacking humane constraints,8.804456793983581e-05,special_docs__5bbc953a34ea8f1a7b35a0e0f56d5d2d__node_3,Competitive dynamics incentivising single-winner AI development,"Geopolitical rivalry creates incentives for states or firms to prioritise speed and secrecy over safety, leading to arms-race behaviour.",1,
2,>100,alignmentforum__3fdc489e72ab5b15c4baf92f30341414__node_4,Human value erosion due to economic competition with AI systems,5.571948437562228e-16,alignmentforum__3fdc489e72ab5b15c4baf92f30341414__node_9,Competitive pressures favoring short-term gains over long-term values in AI deployment,Mechanism explaining how economic competition can prioritize performance metrics that sideline shared human values.,1,
2,>100,lesswrong__351f3a9664d8807edf2483cdf2635866__node_0,Extreme suffering risks from AI conflict,1.4137041457420853e-11,lesswrong__351f3a9664d8807edf2483cdf2635866__node_1,Zero-sum competition among transformative AI systems,"Situations where multiple advanced AI agents view resource acquisition as a zero-sum game, leading to potential violent or coercive interactions.",0,FP: describes AI-AI competition not human race
