family_id,group_id,n_paths,signature_str,jaccard_sim_to_centroid
83,1,162,de:6 & im:31 & pr:30 & th:5 & va:0,0.4
106,1,135,de:29 & im:12 & pr:0 & th:5 & va:0,0.4
111,1,126,de:28 & im:9 & pr:7 & th:39 & va:0,0.1667
163,1,76,de:7 & im:7 & pr:39 & th:5 & va:0,0.4
174,1,69,de:38 & im:7 & pr:5 & th:12 & va:0,0.1667
191,1,58,de:38 & im:10 & pr:7 & th:12 & va:0,0.1667
302,1,29,de:6 & im:31 & pr:30 & pr:6 & th:5 & va:0,0.3333
348,1,25,de:21 & im:5 & pr:39 & th:39 & va:0,0.1667
350,1,25,de:38 & de:6 & im:10 & im:3 & pr:31 & pr:32 & pr:4 & va:0 & va:23,0.1
364,1,23,de:7 & im:7 & pr:39 & pr:6 & th:5 & va:0,0.3333
392,1,21,de:28 & im:9 & pr:6 & pr:7 & th:39 & va:0,0.1429
405,1,20,de:29 & im:12 & pr:0 & pr:6 & th:5 & va:0,0.3333
441,1,18,de:29 & im:29 & pr:0 & th:34 & va:14,0.0
458,1,17,de:38 & im:10 & pr:6 & pr:7 & th:12 & va:0,0.1429
663,1,12,de:38 & de:6 & im:10 & im:3 & pr:21 & pr:32 & pr:4 & th:31 & va:0 & va:23,0.0909
698,1,11,de:6 & im:31 & pr:12 & pr:30 & th:5 & va:0,0.3333
792,1,9,de:28 & im:9 & pr:19 & pr:7 & th:39 & va:0,0.1429
822,1,9,de:21 & im:5 & pr:5 & th:39 & va:31,0.0
852,1,8,de:7 & im:7 & pr:19 & pr:39 & th:5 & va:0,0.3333
886,1,8,de:29 & im:12 & pr:0 & pr:31 & th:5 & va:0,0.3333
902,1,8,de:38 & im:7 & pr:22 & th:12 & va:13,0.0
954,1,7,de:6 & im:31 & pr:19 & pr:30 & th:5 & va:0,0.3333
1001,1,7,de:29 & im:12 & pr:0 & pr:33 & th:5 & va:0,0.3333
1064,1,7,de:6 & im:31 & pr:27 & pr:30 & th:5 & va:0,0.3333
1118,1,6,de:38 & de:6 & im:10 & im:3 & pr:19 & pr:31 & pr:32 & pr:4 & va:0 & va:23,0.0909
1143,1,6,de:29 & im:12 & pr:0 & pr:9 & th:5 & va:0,0.3333
1184,1,6,de:6 & im:31 & pr:30 & pr:33 & th:5 & va:0,0.3333
1230,1,6,de:29 & im:12 & pr:0 & pr:19 & th:5 & va:0,0.3333
1310,1,6,de:28 & im:9 & pr:27 & pr:7 & th:39 & va:0,0.1429
1427,1,5,de:7 & im:7 & pr:27 & pr:39 & th:5 & va:0,0.3333
1472,1,5,de:38 & de:6 & im:10 & im:3 & pr:31 & pr:32 & pr:33 & pr:4 & va:0 & va:23,0.0909
1483,1,5,de:6 & im:31 & pr:30 & pr:31 & th:5 & va:0,0.3333
1500,1,5,de:38 & im:10 & pr:19 & pr:7 & th:12 & va:0,0.1429
1523,1,5,de:21 & im:5 & pr:12 & pr:39 & th:39 & va:0,0.1429
1525,1,5,de:29 & im:12 & pr:0 & pr:12 & th:5 & va:0,0.3333
1534,1,5,de:3 & im:9 & pr:19 & th:37 & va:0,0.1667
6,2,746,de:3 & im:16 & pr:39 & th:36 & va:26,0.8
24,2,328,de:3 & im:16 & pr:39 & th:36 & va:0,0.8
32,2,281,de:3 & im:8 & pr:39 & pr:7 & th:36 & va:0,0.4286
46,2,230,de:29 & im:16 & pr:39 & th:36 & va:26,0.5
57,2,211,de:3 & im:16 & pr:7 & va:0,0.3333
107,2,128,de:3 & im:16 & pr:23 & th:36 & va:0,0.5
117,2,122,de:3 & im:16 & pr:39 & pr:6 & th:36 & va:26,0.6667
141,2,92,de:3 & im:16 & pr:39 & th:36 & va:7,0.8
143,2,90,de:3 & im:16 & pr:7 & th:36 & va:0,0.5
197,2,56,de:3 & im:16 & pr:38 & th:12 & va:26,0.2857
205,2,52,de:3 & im:16 & pr:39 & pr:6 & th:36 & va:0,0.6667
215,2,47,de:3 & im:16 & pr:19 & pr:39 & th:36 & va:26,0.6667
220,2,43,de:3 & im:8 & pr:39 & pr:6 & pr:7 & th:36 & va:0,0.375
247,2,36,de:3 & im:33 & pr:16 & pr:19 & pr:2 & th:34 & va:26,0.1
268,2,33,de:29 & im:16 & pr:39 & pr:6 & th:36 & va:26,0.4286
304,2,29,de:3 & im:16 & pr:23 & pr:6 & th:36 & va:0,0.4286
316,2,28,de:3 & im:16 & pr:6 & pr:7 & va:0,0.2857
320,2,28,de:3 & im:33 & pr:2 & th:34 & va:26,0.125
337,2,26,de:3 & im:16 & pr:2 & th:36 & va:26,0.5
346,2,25,de:3 & im:16 & pr:23 & pr:39 & th:36 & va:0,0.6667
349,2,25,de:3 & im:16 & pr:27 & pr:39 & th:36 & va:26,0.6667
353,2,24,de:3 & im:16 & pr:39 & pr:6 & th:36 & va:7,0.6667
361,2,24,de:3 & im:16 & pr:12 & pr:39 & th:36 & va:0,0.6667
369,2,23,de:1 & im:13 & im:18 & pr:2 & th:34 & va:26,0.0
377,2,22,de:3 & im:16 & pr:6 & pr:7 & th:36 & va:0,0.4286
394,2,21,pr:39,0.25
408,2,20,de:3 & im:16 & pr:38 & pr:6 & th:12 & va:26,0.25
413,2,20,de:3 & im:16 & pr:27 & pr:39 & th:36 & va:0,0.6667
414,2,20,de:3 & im:16 & pr:2 & th:36 & va:0,0.5
419,2,20,de:3 & im:16 & pr:12 & pr:39 & th:36 & va:26,0.6667
426,2,19,de:3 & im:10 & pr:0 & th:39 & va:0,0.125
438,2,18,de:3 & im:16 & pr:19 & pr:39 & th:36 & va:0,0.6667
451,2,18,de:1 & im:18 & pr:2 & th:34 & va:26,0.0
453,2,18,de:3 & im:16 & pr:39 & pr:4 & th:36 & va:26,0.6667
485,2,16,de:3 & im:16 & pr:13 & pr:3 & th:15 & va:13,0.25
491,2,16,de:3 & im:21 & pr:0 & th:13 & va:8,0.125
492,2,16,de:3 & im:21 & pr:0 & th:19 & va:8,0.125
493,2,16,pr:23 & pr:39,0.2
505,2,16,de:29 & de:3 & im:11 & im:29 & pr:0 & th:10 & th:34 & va:8,0.0909
535,2,15,de:3 & im:33 & pr:19 & pr:2 & th:34 & va:26,0.1111
536,2,15,de:3 & im:33 & pr:0 & pr:19 & th:34 & va:26,0.1111
547,2,15,de:20 & de:3 & im:16 & pr:11 & pr:39 & pr:4 & pr:5 & th:12 & th:2 & th:36 & va:26,0.3636
550,2,14,de:3 & im:16 & pr:32 & pr:39 & th:36 & va:26,0.6667
572,2,14,de:3 & im:16 & pr:33 & pr:39 & th:36 & va:26,0.6667
593,2,13,de:3 & im:8 & pr:19 & pr:39 & pr:7 & th:36 & va:0,0.375
608,2,13,de:29 & im:16 & pr:12 & pr:39 & th:36 & va:26,0.4286
609,2,13,de:1 & im:13 & im:18 & pr:0 & th:34 & va:26,0.0
618,2,12,de:29 & im:16 & pr:19 & pr:39 & th:36 & va:26,0.4286
627,2,12,de:14 & de:3 & im:16 & im:25 & pr:14 & pr:39 & th:26 & th:36 & va:20 & va:26,0.4
629,2,12,de:3 & im:16 & pr:23 & pr:39 & th:36 & va:26,0.6667
636,2,12,de:29 & im:16 & pr:27 & pr:39 & th:36 & va:26,0.4286
641,2,12,de:3 & im:33 & pr:0 & pr:16 & th:34 & va:26,0.1111
645,2,12,de:3 & im:16 & pr:3 & th:15 & va:13,0.2857
652,2,12,de:3 & im:16 & pr:31 & pr:39 & th:36 & va:26,0.6667
662,2,12,de:3 & im:16 & pr:39 & pr:7 & th:36 & th:37 & va:26,0.5714
664,2,12,de:3 & im:16 & pr:11 & pr:39 & th:36 & va:26,0.6667
691,2,11,de:3 & im:16 & pr:33 & pr:39 & th:36 & va:0,0.6667
717,2,10,de:3 & im:16 & pr:19 & pr:39 & th:36 & va:7,0.6667
718,2,10,de:3 & im:16 & pr:19 & pr:23 & th:36 & va:0,0.4286
726,2,10,de:3 & im:16 & pr:39 & pr:9 & th:36 & va:0,0.6667
728,2,10,de:3 & im:16 & pr:39 & pr:9 & th:36 & va:26,0.6667
736,2,10,de:3 & im:8 & pr:27 & pr:39 & pr:7 & th:36 & va:0,0.375
738,2,10,de:3 & im:0 & pr:39 & th:36 & va:26,0.5
764,2,10,de:3 & im:11 & pr:0 & va:8,0.1429
765,2,10,de:1 & im:18 & pr:0 & th:34 & va:26,0.0
780,2,10,de:3 & im:16 & pr:39 & pr:5 & th:36 & va:26,0.6667
781,2,10,de:20 & de:3 & im:16 & pr:39 & pr:4 & pr:5 & th:1 & th:2 & th:36 & va:26,0.4
796,2,9,de:18 & im:8 & pr:39 & th:36 & va:0,0.2857
802,2,9,de:3 & im:16 & pr:2 & pr:39 & th:36 & va:26,0.6667
807,2,9,de:3 & im:16 & pr:31 & pr:39 & th:36 & va:0,0.6667
844,2,8,de:3 & im:16 & pr:19 & pr:7 & va:0,0.2857
846,2,8,im:13 & pr:2 & pr:39 & th:3 & va:36,0.125
855,2,8,de:3 & im:16 & pr:19 & pr:38 & th:12 & va:26,0.25
863,2,8,de:3 & im:16 & pr:23 & pr:7 & th:36 & va:0,0.4286
874,2,8,de:3 & im:24 & pr:39 & th:36 & va:26,0.5
877,2,8,de:3 & im:16 & pr:16 & pr:39 & th:36 & va:26,0.6667
894,2,8,de:3 & im:8 & pr:31 & pr:39 & pr:7 & th:36 & va:0,0.375
899,2,8,de:3 & im:16 & pr:12 & pr:23 & pr:39 & th:36 & va:26 & va:38,0.5
908,2,8,de:3 & im:16 & pr:2 & va:26,0.3333
912,2,8,de:3 & im:8 & pr:11 & pr:39 & pr:7 & th:36 & va:0,0.375
913,2,8,de:29 & de:3 & im:16 & im:29 & pr:0 & pr:39 & th:34 & th:36 & va:26,0.4444
922,2,8,de:3 & im:16 & pr:11 & pr:7 & va:0,0.2857
929,2,8,de:3 & im:16 & pr:27 & pr:7 & va:0,0.2857
936,2,8,de:20 & de:3 & im:16 & im:19 & pr:35 & pr:39 & pr:7 & th:12 & th:36 & va:26,0.4
949,2,7,de:3 & im:8 & pr:23 & pr:39 & pr:7 & th:36 & va:0,0.375
991,2,7,de:3 & im:16 & pr:33 & pr:7 & va:0,0.2857
1024,2,7,de:3 & im:8 & pr:33 & pr:39 & pr:7 & th:36 & va:0,0.375
1029,2,7,de:3 & im:16 & pr:31 & pr:7 & va:0,0.2857
1059,2,7,de:3 & im:16 & pr:2 & th:19 & va:26,0.2857
1060,2,7,de:1 & im:13 & im:18 & pr:2 & th:34 & va:26 & va:8,0.0
1077,2,7,de:3 & im:16 & pr:11 & pr:39 & th:36 & va:0,0.6667
1119,2,6,de:3 & im:33 & pr:19 & pr:2 & pr:39 & th:34 & va:26,0.2222
1131,2,6,de:3 & im:33 & pr:0 & th:34 & va:26,0.125
1138,2,6,de:3 & im:16 & pr:0 & pr:39 & th:36 & va:26,0.6667
1169,2,6,de:3 & im:16 & pr:0 & pr:33 & th:1 & va:0,0.25
1181,2,6,de:3 & im:16 & pr:33 & pr:7 & th:36 & va:0,0.4286
1182,2,6,de:29 & im:16 & pr:33 & pr:39 & th:36 & va:26,0.4286
1188,2,6,de:3 & im:16 & pr:23 & pr:33 & th:36 & va:0,0.4286
1246,2,6,de:3 & im:16 & pr:12 & pr:23 & pr:39 & th:36 & va:0 & va:38,0.5
1248,2,6,de:3 & im:16 & pr:12 & pr:7 & va:0,0.2857
1261,2,6,de:3 & im:16 & pr:39 & th:13 & va:26,0.5
1281,2,6,de:29 & im:16 & pr:39 & pr:4 & th:36 & va:26,0.4286
1282,2,6,de:3 & im:16 & pr:39 & pr:4 & th:36 & va:0,0.6667
1347,2,6,de:3 & im:16 & pr:28 & th:10 & va:26,0.2857
1359,2,5,de:3 & im:16 & pr:23 & pr:7 & va:0,0.2857
1391,2,5,de:29 & im:16 & pr:23 & pr:39 & th:36 & va:26,0.4286
1404,2,5,de:3 & im:16 & pr:7 & pr:9 & va:0,0.2857
1416,2,5,de:3 & im:8 & pr:39 & pr:7 & pr:9 & th:36 & va:0,0.375
1420,2,5,de:3 & im:16 & pr:27 & pr:39 & th:36 & va:7,0.6667
1421,2,5,de:3 & im:16 & pr:23 & pr:27 & th:36 & va:0,0.4286
1459,2,5,de:3 & im:16 & pr:33 & pr:39 & th:36 & va:7,0.6667
1480,2,5,de:3 & im:16 & pr:31 & pr:7 & th:36 & va:0,0.4286
1481,2,5,de:29 & im:16 & pr:31 & pr:39 & th:36 & va:26,0.4286
1485,2,5,de:3 & im:16 & pr:23 & pr:31 & th:36 & va:0,0.4286
1516,2,5,pr:12 & pr:39,0.2
1524,2,5,de:14 & de:3 & im:16 & im:25 & pr:12 & pr:14 & pr:39 & th:26 & th:36 & va:20 & va:26,0.3636
1536,2,5,de:3 & im:33 & pr:10 & th:34 & va:36,0.125
1583,2,5,im:13 & pr:12 & pr:2 & pr:39 & th:3 & va:36,0.1111
1595,2,5,de:20 & de:3 & im:16 & pr:39 & pr:4 & pr:5 & th:12 & th:2 & th:36 & va:26,0.4
1596,2,5,de:20 & de:3 & im:16 & pr:11 & pr:39 & pr:4 & pr:5 & th:1 & th:2 & th:36 & va:26,0.3636
15,3,394,de:25 & im:34 & pr:32 & th:21 & va:30,0.8
25,3,326,de:25 & im:34 & pr:4 & th:21 & va:27,0.5
43,3,246,de:25 & im:34 & pr:31 & pr:32,0.6
62,3,197,de:25 & im:34 & pr:32 & th:21 & va:17,0.8
190,3,58,de:25 & im:34 & pr:32 & pr:6 & th:21 & va:30,0.6667
238,3,37,de:25 & im:34 & pr:4 & pr:6 & th:21 & va:27,0.4286
281,3,32,de:25 & im:34 & pr:31 & pr:32 & pr:6,0.5
306,3,29,de:25 & im:34 & pr:32 & pr:6 & th:21 & va:17,0.6667
418,3,20,de:25 & im:34 & pr:31 & pr:32 & th:21 & va:30,0.6667
437,3,18,de:25 & im:34 & pr:19 & pr:4 & th:21 & va:27,0.4286
526,3,15,de:25 & im:34 & pr:32 & th:33 & va:33,0.5
570,3,14,de:25 & im:34 & pr:32 & pr:33 & th:21 & va:30,0.6667
599,3,13,de:25 & im:34 & pr:27 & pr:4 & th:21 & va:27,0.4286
669,3,12,de:25 & im:34 & pr:11 & pr:32 & th:21 & va:30,0.6667
708,3,10,de:25 & im:34 & pr:23 & pr:32 & th:21 & va:30,0.6667
722,3,10,de:25 & im:34 & pr:6 & th:12,0.3333
727,3,10,de:25 & im:34 & pr:32 & pr:9 & th:21 & va:30,0.6667
809,3,9,de:25 & im:34 & pr:31 & pr:32 & th:21 & va:17,0.6667
837,3,8,de:25 & im:34 & pr:26 & th:22 & va:33,0.2857
878,3,8,de:25 & im:34 & pr:19 & pr:31 & pr:32,0.5
880,3,8,de:25 & im:34 & pr:13 & pr:32 & th:21 & va:30,0.6667
906,3,8,de:25 & im:34 & pr:12 & pr:32 & th:21 & va:30,0.6667
940,3,8,de:25 & im:34 & pr:27 & pr:32 & th:21 & va:30,0.6667
944,3,7,de:25 & im:34 & pr:23 & pr:4 & th:21 & va:27,0.4286
994,3,7,de:25 & im:34 & pr:33 & pr:4 & th:21 & va:27,0.4286
1007,3,7,de:25 & im:34 & pr:32 & pr:33 & th:21 & va:17,0.6667
1009,3,7,de:25 & im:34 & pr:31 & pr:32 & pr:33,0.5
1032,3,7,de:25 & im:34 & pr:31 & pr:4 & th:21 & va:27,0.4286
1076,3,7,de:25 & im:34 & pr:11 & pr:4 & th:21 & va:27,0.4286
1095,3,6,de:25 & im:34 & pr:4 & th:21 & va:33,0.5
1144,3,6,de:25 & im:34 & pr:4 & pr:9 & th:21 & va:27,0.4286
1236,3,6,de:25 & im:34 & pr:19 & pr:32 & th:21 & va:30,0.6667
1243,3,6,de:25 & im:34 & pr:12 & pr:4 & th:21 & va:27,0.4286
1293,3,6,de:25 & im:34 & pr:11 & pr:31 & pr:32,0.5
1296,3,6,de:25 & im:34 & pr:11 & pr:32 & th:21 & va:17,0.6667
1315,3,6,de:25 & im:34 & pr:11 & pr:14 & pr:32 & pr:6 & th:21 & va:30,0.5
1357,3,5,de:25 & im:34 & pr:4 & th:33 & va:33,0.2857
1362,3,5,de:25 & im:34 & pr:23 & pr:31 & pr:32,0.5
1366,3,5,de:25 & im:34 & pr:23 & pr:32 & th:21 & va:17,0.6667
1409,3,5,de:25 & im:34 & pr:32 & pr:9 & th:21 & va:17,0.6667
1410,3,5,de:25 & im:34 & pr:31 & pr:32 & pr:9,0.5
1546,3,5,de:25 & im:34 & pr:32 & pr:4 & th:21 & va:30,0.6667
1585,3,5,de:25 & im:34 & pr:4 & va:33,0.3333
1591,3,5,de:25 & im:34 & pr:27 & pr:31 & pr:32,0.5
11,4,444,de:11 & im:9 & pr:33 & th:35 & va:15,1.0
68,4,182,de:29 & im:9 & pr:33 & th:9 & va:38,0.25
180,4,64,de:11 & im:9 & pr:33 & pr:6 & th:35 & va:15,0.8333
259,4,34,de:29 & im:9 & pr:33 & pr:6 & th:9 & va:38,0.2222
420,4,20,de:11 & im:9 & pr:12 & pr:33 & th:35 & va:15,0.8333
446,4,18,de:11 & im:9 & pr:31 & pr:33 & th:35 & va:15,0.8333
484,4,16,de:11 & im:9 & pr:19 & pr:33 & th:35 & va:15,0.8333
495,4,16,de:29 & im:9 & pr:33 & pr:39 & th:9 & va:38,0.2222
551,4,14,de:11 & im:9 & pr:23 & pr:33 & th:35 & va:15,0.8333
585,4,14,de:11 & im:9 & pr:11 & pr:33 & th:35 & va:15,0.8333
586,4,14,de:11 & im:9 & pr:27 & pr:33 & th:35 & va:15,0.8333
589,4,13,de:29 & im:9 & pr:19 & pr:33 & th:9 & va:38,0.2222
631,4,12,de:11 & im:9 & pr:33 & pr:9 & th:35 & va:15,0.8333
646,4,12,pr:33,0.2
882,4,8,pr:33 & pr:6,0.1667
915,4,8,de:11 & im:9 & pr:33 & pr:4 & th:35 & va:15,0.8333
983,4,7,pr:19 & pr:33,0.1667
1317,4,6,de:11 & im:9 & pr:11 & pr:14 & pr:33 & pr:6 & th:35 & va:15,0.625
1350,4,6,de:11 & im:9 & pr:12 & pr:33 & pr:7 & pr:9 & th:35 & va:15,0.625
1426,4,5,de:29 & im:9 & pr:27 & pr:33 & th:9 & va:38,0.2222
1489,4,5,de:29 & im:9 & pr:31 & pr:33 & th:9 & va:38,0.2222
79,5,166,de:6 & im:21 & pr:4 & th:1 & va:28,0.6
82,5,162,de:6 & im:21 & pr:30 & th:1 & va:18,0.3333
97,5,146,de:6 & im:21 & pr:32 & th:1 & va:8,0.3333
133,5,100,im:9 & pr:0 & va:28,0.2
168,5,73,de:7 & im:14 & pr:4 & th:1 & va:28,0.3333
202,5,54,pr:4 & va:28,0.25
278,5,32,de:6 & im:21 & pr:32 & pr:6 & th:1 & va:8,0.2857
301,5,29,de:6 & im:21 & pr:30 & pr:6 & th:1 & va:18,0.2857
303,5,29,de:6 & im:21 & pr:4 & pr:6 & th:1 & va:28,0.5
326,5,27,im:7 & pr:4 & va:28,0.2
335,5,26,de:28 & im:9 & pr:18 & th:35 & va:28,0.1429
367,5,23,de:28 & im:9 & pr:30 & th:35 & va:28,0.1429
463,5,17,de:7 & im:14 & pr:4 & pr:6 & th:1 & va:28,0.2857
472,5,17,de:38 & im:9 & pr:23 & th:4 & va:28,0.1429
487,5,16,de:6 & im:11 & pr:13 & pr:5 & th:1 & va:4,0.2857
511,5,16,de:6 & im:11 & pr:5 & th:1 & va:4,0.3333
677,5,11,im:9 & pr:0 & pr:6 & va:28,0.1667
697,5,11,de:6 & im:21 & pr:12 & pr:30 & th:1 & va:18,0.2857
699,5,11,de:6 & im:21 & pr:12 & pr:4 & th:1 & va:28,0.5
700,5,11,de:6 & im:21 & pr:12 & pr:32 & th:1 & va:8,0.2857
710,5,10,de:6 & im:10 & pr:8 & th:1 & va:13,0.3333
742,5,10,pr:33 & pr:4 & va:28,0.2
867,5,8,de:7 & im:14 & pr:4 & pr:9 & th:1 & va:28,0.2857
885,5,8,pr:31 & pr:4 & va:28,0.2
953,5,7,de:6 & im:21 & pr:19 & pr:30 & th:1 & va:18,0.2857
955,5,7,de:6 & im:21 & pr:19 & pr:4 & th:1 & va:28,0.5
981,5,7,de:6 & im:10 & pr:35 & pr:4 & pr:7 & pr:8 & th:1 & th:2 & va:12,0.2
988,5,7,im:9 & pr:0 & pr:33 & va:28,0.1667
1041,5,7,de:6 & im:21 & pr:19 & pr:32 & th:1 & va:8,0.2857
1063,5,7,de:6 & im:21 & pr:27 & pr:30 & th:1 & va:18,0.2857
1065,5,7,de:6 & im:21 & pr:27 & pr:4 & th:1 & va:28,0.5
1168,5,6,de:6 & im:21 & pr:0 & pr:33 & th:1,0.3333
1177,5,6,de:6 & im:21 & pr:32 & pr:33 & th:1 & va:8,0.2857
1183,5,6,de:6 & im:21 & pr:30 & pr:33 & th:1 & va:18,0.2857
1185,5,6,de:6 & im:21 & pr:33 & pr:4 & th:1 & va:28,0.5
1270,5,6,pr:4,0.0
1319,5,6,de:28 & im:9 & pr:30 & pr:4 & th:35 & va:28,0.125
1330,5,6,de:7 & im:14 & pr:27 & pr:4 & th:1 & va:28,0.2857
1400,5,5,im:9 & pr:0 & pr:9 & va:28,0.1667
1453,5,5,im:7 & pr:33 & pr:4 & va:28,0.1667
1458,5,5,de:7 & im:14 & pr:33 & pr:4 & th:1 & va:28,0.2857
1473,5,5,im:9 & pr:0 & pr:31 & va:28,0.1667
1482,5,5,de:6 & im:21 & pr:30 & pr:31 & th:1 & va:18,0.2857
1484,5,5,de:6 & im:21 & pr:31 & pr:4 & th:1 & va:28,0.5
1499,5,5,de:38 & im:9 & pr:19 & pr:23 & th:4 & va:28,0.125
1528,5,5,de:7 & im:14 & pr:12 & pr:4 & th:1 & va:28,0.2857
1542,5,5,de:6 & im:16 & pr:5 & th:1 & va:26,0.3333
1577,5,5,de:6 & im:21 & pr:27 & pr:32 & th:1 & va:8,0.2857
334,6,26,pr:17,0.2
432,6,19,de:28 & im:10 & pr:17 & th:4 & va:17,1.0
114,7,124,de:1 & im:1 & pr:13 & pr:36 & th:23 & va:4,0.6667
186,7,62,de:1 & im:9 & pr:13 & pr:36 & th:6 & va:4,0.4286
188,7,60,de:0 & im:30 & pr:18 & th:23 & va:4,0.2857
407,7,20,de:0 & im:30 & pr:18 & pr:6 & th:23 & va:4,0.25
490,7,16,de:1 & im:1 & pr:13 & pr:19 & pr:36 & th:23 & va:4,0.5714
850,7,8,de:0 & im:30 & pr:18 & pr:19 & th:23 & va:4,0.25
856,7,8,de:1 & im:9 & pr:13 & pr:19 & pr:36 & th:6 & va:4,0.375
1139,7,6,de:1 & im:1 & pr:13 & th:23 & va:4,0.8
1162,7,6,de:1 & im:1 & pr:13 & pr:27 & pr:36 & th:23 & va:4,0.5714
1268,7,6,de:0 & im:36 & pr:20 & th:29 & va:4,0.125
1341,7,6,de:1 & im:18 & pr:10 & th:27 & va:4,0.2857
1430,7,5,de:0 & im:30 & pr:18 & pr:27 & th:23 & va:4,0.25
34,8,272,de:22 & im:31 & pr:13 & th:4 & va:7,0.8
51,8,226,im:31 & pr:13 & th:4,0.75
73,8,175,de:22 & im:31 & pr:31 & th:2,0.3333
74,8,175,de:22 & im:31 & pr:31 & th:2 & va:4,0.2857
121,8,115,de:22 & im:31 & pr:3 & pr:6 & th:4 & va:18,0.4286
124,8,111,de:22 & im:23 & pr:13 & th:4 & va:38,0.5
138,8,93,de:22 & im:31 & pr:32 & th:4 & va:23,0.5
162,8,77,de:22 & im:9 & pr:13 & th:4 & va:15,0.5
187,8,60,im:31 & pr:13 & pr:6 & th:4,0.6
192,8,58,de:7 & im:31 & pr:13 & th:4 & va:7,0.5
194,8,57,de:22 & im:26 & pr:13 & th:4 & va:7,0.5
221,8,43,de:22 & im:31 & pr:3 & th:4 & va:7,0.5
282,8,32,de:22 & im:31 & pr:13 & pr:6 & th:4 & va:7,0.6667
283,8,32,im:31 & pr:13 & pr:39 & th:4,0.6
332,8,26,de:22 & im:23 & pr:13 & pr:6 & th:4 & va:38,0.4286
344,8,25,de:22 & im:31 & pr:31 & pr:6 & th:2,0.2857
345,8,25,de:22 & im:31 & pr:31 & pr:6 & th:2 & va:4,0.25
347,8,25,de:22 & im:31 & pr:39 & th:4 & va:7,0.5
376,8,22,de:22 & im:31 & pr:32 & pr:6 & th:4 & va:23,0.4286
459,8,17,de:7 & im:31 & pr:13 & pr:6 & th:4 & va:7,0.4286
475,8,16,de:22 & im:31 & pr:9 & th:14 & th:4 & va:7,0.4286
476,8,16,de:22 & im:9 & pr:13 & pr:6 & th:4 & va:15,0.4286
488,8,16,im:31 & pr:13 & pr:19 & th:4,0.6
498,8,16,de:22 & im:31 & pr:13 & pr:39 & th:4 & va:7,0.6667
509,8,16,de:24 & im:2 & pr:13 & th:13 & va:7,0.125
578,8,14,de:22 & im:31 & pr:23 & th:37 & va:7,0.2857
588,8,13,de:22 & im:31 & pr:13 & pr:19 & th:4 & va:7,0.6667
591,8,13,de:22 & im:31 & pr:19 & pr:3 & pr:6 & th:4 & va:18,0.375
600,8,13,de:22 & im:23 & pr:13 & pr:16 & th:4 & va:38,0.4286
633,8,12,im:31 & pr:13 & pr:27 & th:4,0.6
686,8,11,de:22 & im:31 & pr:13 & pr:19 & th:30 & va:7,0.4286
688,8,11,de:22 & im:31 & pr:13 & pr:16 & th:30 & va:7,0.4286
746,8,10,de:22 & im:31 & pr:13 & pr:31 & th:4 & va:7,0.6667
751,8,10,de:22 & im:31 & pr:12 & pr:3 & th:4 & va:7,0.4286
789,8,9,de:22 & im:23 & pr:13 & pr:19 & th:4 & va:38,0.4286
858,8,8,de:22 & im:31 & pr:13 & th:4 & va:11,0.8
872,8,8,de:22 & im:31 & pr:13 & pr:27 & th:4 & va:7,0.6667
896,8,8,de:22 & im:31 & pr:13 & th:15 & va:11,0.5
897,8,8,de:2 & im:36 & pr:13 & th:9 & va:8,0.125
921,8,8,de:0 & im:9 & pr:13 & th:4 & va:15,0.2857
1010,8,7,de:22 & im:31 & pr:31 & pr:33 & th:2,0.2857
1022,8,7,de:22 & im:31 & pr:31 & pr:33 & th:2 & va:4,0.25
1038,8,7,de:22 & im:23 & pr:13 & pr:31 & th:4 & va:38,0.4286
1055,8,7,de:22 & im:31 & pr:13 & th:4 & va:0,0.8
1057,8,7,de:22 & im:31 & pr:3 & th:4 & va:11,0.5
1069,8,7,de:22 & im:31 & pr:13 & th:32 & va:7,0.5
1126,8,6,de:7 & im:31 & pr:13 & pr:19 & th:4 & va:7,0.4286
1132,8,6,de:22 & im:31 & pr:13 & th:30 & va:7,0.5
1142,8,6,im:31 & pr:13 & pr:9 & th:4,0.6
1147,8,6,de:22 & im:31 & pr:31 & pr:9 & th:2,0.2857
1151,8,6,de:22 & im:31 & pr:31 & pr:9 & th:2 & va:4,0.25
1170,8,6,de:22 & im:31 & pr:0 & pr:33 & th:1 & va:7,0.25
1180,8,6,de:22 & im:31 & pr:32 & pr:33 & th:4 & va:23,0.4286
1193,8,6,de:22 & im:9 & pr:13 & pr:33 & th:4 & va:15,0.4286
1202,8,6,de:22 & im:23 & pr:13 & pr:33 & th:4 & va:38,0.4286
1209,8,6,de:22 & im:31 & pr:3 & pr:33 & pr:6 & th:4 & va:18,0.375
1212,8,6,im:31 & pr:13 & pr:31 & th:4,0.6
1239,8,6,im:31 & pr:13 & pr:33 & th:4,0.6
1252,8,6,de:16 & de:22 & de:37 & im:1 & im:31 & pr:13 & pr:25 & pr:9 & th:1 & th:2 & th:4 & va:39 & va:7,0.3077
1297,8,6,de:22 & im:31 & pr:11 & pr:31 & th:2,0.2857
1300,8,6,de:22 & im:31 & pr:11 & pr:31 & th:2 & va:4,0.25
1308,8,6,im:31 & pr:11 & pr:13 & th:4,0.6
1339,8,6,im:31 & pr:13 & pr:7 & th:4,0.6
1367,8,5,de:22 & im:31 & pr:23 & pr:31 & th:2,0.2857
1372,8,5,de:22 & im:31 & pr:23 & pr:31 & th:2 & va:4,0.25
1380,8,5,de:22 & im:31 & pr:13 & pr:7 & th:4 & va:7,0.6667
1390,8,5,de:22 & im:31 & pr:23 & pr:32 & th:4 & va:23,0.4286
1393,8,5,de:22 & im:23 & pr:13 & th:10 & va:38,0.2857
1435,8,5,de:22 & im:31 & pr:27 & pr:3 & pr:6 & th:4 & va:18,0.375
1445,8,5,pr:13,0.25
1446,8,5,pr:13 & pr:6,0.2
1467,8,5,de:22 & im:31 & pr:13 & pr:33 & th:4 & va:7,0.6667
1479,8,5,de:22 & im:31 & pr:31 & pr:32 & th:4 & va:23,0.4286
1522,8,5,de:22 & im:31 & pr:12 & pr:39 & th:4 & va:7,0.4286
1532,8,5,de:0 & de:16 & de:37 & im:1 & im:9 & pr:25 & pr:9 & th:1 & th:2 & th:4 & va:17 & va:39,0.0667
1533,8,5,de:27 & im:31 & pr:15 & th:38 & va:11,0.125
1538,8,5,de:22 & im:31 & pr:13 & pr:23 & th:4 & va:7,0.6667
1570,8,5,de:22 & im:31 & pr:11 & pr:13 & th:4 & va:7,0.6667
1572,8,5,de:22 & im:31 & pr:11 & pr:3 & pr:6 & th:4 & va:18,0.375
167,9,74,pr:16,0.0
262,9,34,de:17 & im:20 & pr:27 & va:17,0.25
412,9,20,pr:27 & pr:6,0.5
612,9,13,pr:27,1.0
705,9,10,de:17 & im:20 & pr:27 & pr:6 & va:17,0.2
827,9,9,de:17 & im:20 & pr:24 & th:21 & va:30,0.0
1154,9,6,pr:16 & pr:27,0.5
1589,9,5,pr:19 & pr:27,0.5
4,10,896,de:12 & im:20 & pr:9 & th:1 & va:12,0.2857
16,10,391,de:14 & im:20 & pr:19 & pr:9 & th:14 & th:26 & va:19,0.5714
47,10,229,de:14 & im:25 & pr:9 & th:26 & va:20,0.5
65,10,191,de:14 & im:25 & pr:7 & th:26 & va:20,0.2857
84,10,160,de:14 & im:25 & pr:14 & th:26 & va:20,0.2857
96,10,147,de:37 & im:20 & pr:16 & th:8 & va:20,0.125
129,10,104,de:14 & im:25 & pr:14 & th:26,0.3333
134,10,98,de:14 & im:20 & pr:9 & th:14 & va:19,0.5
154,10,82,de:12 & im:20 & pr:6 & pr:9 & th:1 & va:12,0.25
226,10,41,de:14 & im:20 & pr:19 & pr:6 & pr:9 & th:14 & th:26 & va:19,0.5
228,10,40,de:14 & im:25 & pr:19 & th:26 & va:20,0.2857
264,10,34,de:12 & im:20 & pr:19 & pr:9 & th:1 & va:12,0.25
295,10,30,de:14 & im:25 & pr:6 & pr:9 & th:26 & va:20,0.4286
296,10,30,de:33 & im:5 & pr:16 & th:26 & va:20,0.125
310,10,29,de:14 & im:25 & pr:6 & pr:7 & th:26 & va:20,0.25
312,10,29,de:14 & im:20 & pr:9 & th:29 & va:19,0.5
321,10,28,de:12 & im:20 & pr:27 & pr:9 & th:1 & va:12,0.25
324,10,27,de:37 & im:20 & pr:16 & pr:6 & th:8 & va:20,0.1111
338,10,26,de:12 & im:20 & pr:13 & pr:9 & th:1 & va:12,0.25
354,10,24,de:14 & im:25 & pr:14 & pr:6 & th:26,0.2857
379,10,22,de:14 & im:25 & pr:14 & pr:6 & th:26 & va:20,0.25
409,10,20,de:14 & im:20 & pr:6 & pr:9 & th:14 & va:19,0.4286
417,10,20,de:12 & im:20 & pr:31 & pr:9 & th:1 & va:12,0.25
429,10,19,de:33 & im:5 & pr:16 & th:8 & va:20,0.0
435,10,18,de:12 & im:20 & pr:23 & pr:9 & th:1 & va:12,0.25
510,10,16,de:14 & im:20 & pr:9 & th:14 & th:26 & va:19,0.6667
520,10,16,de:12 & im:20 & pr:11 & pr:9 & th:1 & va:12,0.25
560,10,14,de:12 & im:20 & pr:12 & pr:9 & th:1 & va:12,0.25
569,10,14,de:12 & im:20 & pr:33 & pr:9 & th:1 & va:12,0.25
620,10,12,de:14 & im:25 & pr:14 & pr:19 & th:26,0.2857
621,10,12,de:14 & im:25 & pr:14 & pr:19 & th:26 & va:20,0.25
684,10,11,de:37 & im:20 & pr:16 & pr:19 & th:8 & va:20,0.1111
687,10,11,de:33 & im:5 & pr:16 & pr:19 & th:26 & va:20,0.1111
712,10,10,de:14 & im:25 & pr:19 & pr:7 & th:26 & va:20,0.25
721,10,10,de:14 & im:20 & pr:9 & th:8 & va:19,0.5
724,10,10,pr:9,0.25
737,10,10,de:14 & im:20 & pr:19 & pr:27 & pr:9 & th:14 & th:26 & va:19,0.5
750,10,10,de:14 & im:20 & pr:19 & pr:31 & pr:9 & th:14 & th:26 & va:19,0.5
793,10,9,de:14 & im:25 & pr:14 & va:20,0.1429
810,10,9,de:14 & im:25 & pr:31 & pr:9 & th:26 & va:20,0.4286
833,10,9,de:14 & im:25 & pr:27 & pr:7 & th:26 & va:20,0.25
841,10,8,de:12 & im:20 & pr:7 & pr:9 & th:1 & va:12,0.25
893,10,8,de:14 & im:25 & pr:31 & pr:7 & th:26 & va:20,0.25
900,10,8,de:14 & im:25 & pr:12 & pr:7 & th:26 & va:20,0.25
904,10,8,de:12 & im:20 & pr:26 & pr:9 & th:1 & va:12,0.25
916,10,8,de:12 & im:20 & pr:4 & pr:9 & th:1 & va:12,0.25
927,10,8,de:14 & im:20 & pr:11 & pr:19 & pr:9 & th:14 & th:26 & va:19,0.5
968,10,7,pr:6 & pr:9,0.2
1016,10,7,de:14 & im:25 & pr:33 & pr:9 & th:26 & va:20,0.4286
1020,10,7,de:14 & im:25 & pr:33 & pr:7 & th:26 & va:20,0.25
1025,10,7,de:14 & im:20 & pr:19 & pr:33 & pr:9 & th:14 & th:26 & va:19,0.5
1043,10,7,de:14 & im:25 & pr:19 & pr:9 & th:26 & va:20,0.4286
1054,10,7,de:14 & im:20 & pr:12 & pr:9 & th:14 & va:19,0.4286
1103,10,6,de:14 & im:25 & pr:23 & pr:9 & th:26 & va:20,0.4286
1106,10,6,de:14 & im:25 & pr:23 & pr:7 & th:26 & va:20,0.25
1113,10,6,de:14 & im:25 & pr:7 & pr:9 & th:26 & va:20,0.4286
1165,10,6,de:14 & im:20 & pr:19 & pr:9 & th:29 & va:19,0.4286
1200,10,6,de:37 & im:20 & pr:16 & pr:33 & th:8 & va:20,0.1111
1283,10,6,de:14 & im:25 & pr:14 & pr:4 & th:26 & va:20,0.25
1299,10,6,de:14 & im:25 & pr:11 & pr:9 & th:26 & va:20,0.4286
1314,10,6,de:12 & im:20 & pr:11 & pr:14 & pr:6 & pr:9 & th:1 & va:12,0.2
1331,10,6,de:14 & im:25 & pr:27 & pr:9 & th:26 & va:20,0.4286
1374,10,5,de:14 & im:20 & pr:19 & pr:23 & pr:9 & th:14 & th:26 & va:19,0.5
1392,10,5,de:14 & im:25 & pr:12 & pr:9 & th:26 & va:20,0.4286
1424,10,5,de:14 & im:25 & pr:14 & pr:27 & th:26,0.2857
1431,10,5,de:37 & im:20 & pr:16 & pr:27 & th:8 & va:20,0.1111
1460,10,5,de:14 & im:20 & pr:33 & pr:9 & th:8 & va:19,0.4286
1465,10,5,de:14 & im:20 & pr:33 & pr:9 & th:14 & va:19,0.4286
1491,10,5,de:37 & im:20 & pr:16 & pr:31 & th:8 & va:20,0.1111
1492,10,5,de:14 & im:20 & pr:31 & pr:9 & th:14 & va:19,0.4286
1549,10,5,de:14 & im:20 & pr:27 & pr:9 & th:14 & va:19,0.4286
1563,10,5,de:14 & im:25 & pr:11 & pr:7 & th:26 & va:20,0.25
1580,10,5,de:14 & im:25 & pr:14 & pr:27 & th:26 & va:20,0.25
1348,11,6,de:2 & im:18 & pr:24 & th:10 & va:18,0.5556
1541,11,5,de:15 & im:9 & pr:5 & th:2 & va:18,0.5556
0,12,6944,de:15 & im:4 & pr:6 & th:11 & va:10,0.6
1,12,1649,de:15 & im:4 & pr:6 & th:11 & va:9,0.6
2,12,1210,de:15 & im:4 & pr:6 & th:11 & va:32,0.6
7,12,729,pr:6,0.3333
8,12,678,de:15 & im:4 & pr:31 & th:9 & va:10,0.3333
9,12,538,de:15 & im:4 & pr:27 & pr:6 & th:12 & th:2 & va:10,0.4286
10,12,522,de:15 & im:4 & pr:31 & pr:6 & th:11 & va:10,0.5
12,12,429,de:15 & im:10 & pr:6 & th:11 & va:10,0.3333
13,12,403,de:15 & im:4 & pr:31 & th:11 & va:9,0.3333
14,12,399,de:15 & im:4 & pr:6 & th:1 & va:10,0.6
17,12,383,de:20 & im:19 & pr:11 & th:12 & va:9,0.0
23,12,337,de:16 & im:4 & pr:6 & va:9,0.4
26,12,323,de:15 & im:4 & pr:6 & th:11,0.75
27,12,320,de:15 & pr:6 & th:1,0.5
28,12,320,de:4 & im:7 & pr:6 & th:12 & va:30,0.1429
29,12,320,de:20 & im:19 & pr:35 & th:12 & va:2,0.0
30,12,298,de:15 & im:4 & pr:31 & th:2 & va:10,0.3333
36,12,270,de:15 & im:4 & pr:19 & pr:6 & th:11 & va:10,0.5
37,12,265,de:20 & im:7 & pr:6 & th:12 & va:0,0.1429
38,12,264,de:17 & im:4 & pr:6 & th:12 & va:9,0.3333
39,12,263,de:23 & im:38 & pr:6 & th:12 & va:2,0.1429
40,12,260,de:15 & im:7 & pr:6 & th:12 & va:10,0.3333
45,12,232,im:4 & pr:31 & th:9 & va:10,0.1667
49,12,228,de:20 & im:4 & pr:11 & th:12,0.1667
50,12,227,de:15 & im:4 & pr:31,0.5
52,12,222,de:15 & im:4 & pr:27 & pr:6 & th:11 & va:10,0.5
53,12,220,de:16 & im:4,0.25
54,12,217,de:15 & im:4 & pr:31 & th:9 & va:32,0.3333
58,12,211,de:20 & de:28 & im:19 & pr:12 & pr:24 & va:30,0.0
59,12,208,de:15 & im:19 & pr:6 & th:12 & va:10,0.3333
61,12,199,de:7 & im:7 & pr:11 & pr:14 & pr:6 & th:12 & va:18,0.1111
63,12,194,de:15 & im:4 & pr:31 & th:9 & va:31,0.3333
70,12,179,de:15 & im:4 & pr:11 & pr:6 & th:11 & va:10,0.5
75,12,174,de:15 & de:20 & im:19 & im:4 & pr:11 & pr:6 & th:11 & th:2 & va:10,0.3333
76,12,173,de:15 & im:4 & pr:33 & pr:6 & th:11 & va:10,0.5
77,12,172,de:15 & im:4 & pr:6 & th:11 & va:15,0.6
78,12,169,de:16 & im:10 & pr:6 & th:12 & va:3,0.1429
81,12,164,de:15 & im:4 & pr:13 & th:4 & va:12,0.3333
85,12,159,de:17 & im:7 & pr:11 & pr:27 & th:12 & va:9,0.0
89,12,155,de:15 & im:4 & pr:31 & th:12 & va:10,0.3333
93,12,149,de:15 & im:4 & pr:31 & th:2 & va:32,0.3333
95,12,148,pr:11 & th:12 & va:9,0.0
99,12,145,de:16 & im:4 & pr:31 & th:2 & va:10,0.1429
102,12,139,de:15 & im:4 & pr:23 & pr:6 & th:11 & va:10,0.5
103,12,138,de:15 & im:4 & pr:7 & th:2 & va:2,0.3333
104,12,136,de:20 & im:19 & pr:27 & th:12,0.0
105,12,135,de:15 & pr:6,0.6667
108,12,128,de:15 & im:4 & pr:12 & th:2 & va:10,0.3333
109,12,128,de:15 & im:4 & pr:6 & pr:9 & th:11 & va:10,0.5
112,12,126,de:7 & im:7 & pr:27 & th:12 & va:28,0.0
115,12,123,de:15 & pr:6 & th:11 & va:32,0.4
116,12,122,de:9 & im:35 & pr:6 & th:12 & va:2,0.1429
118,12,118,de:16 & im:19 & pr:27 & th:12 & va:9,0.0
119,12,117,de:20 & im:19 & pr:11 & th:1 & va:9,0.0
120,12,116,de:7 & im:4 & pr:6 & th:12 & va:10,0.3333
123,12,112,de:28 & im:7 & pr:6 & th:9 & va:32,0.1429
127,12,107,de:9 & im:19 & pr:4 & th:12 & va:30,0.0
128,12,105,de:15 & im:4 & pr:31 & pr:6 & th:11 & va:9,0.5
131,12,101,de:15 & im:4 & pr:31 & pr:6 & th:9 & va:10,0.5
132,12,100,pr:23,0.0
135,12,98,de:16 & im:10 & pr:27 & th:12,0.0
139,12,93,de:17 & im:20 & pr:12 & th:12 & th:2 & va:3,0.0
140,12,93,de:15 & im:4 & pr:12 & pr:6 & th:11 & va:10,0.5
142,12,92,de:20 & im:7 & pr:11 & th:1,0.0
144,12,90,de:16 & im:4 & pr:6 & th:19 & va:32,0.3333
147,12,86,de:15 & im:4 & pr:6 & th:0,0.75
150,12,84,de:15 & im:4 & pr:12 & th:2 & va:9,0.3333
151,12,83,de:20 & im:19 & pr:27 & th:12 & va:9,0.0
153,12,83,de:15 & im:4 & pr:27 & pr:6 & th:11 & th:12 & th:2 & va:10,0.375
159,12,78,de:20 & im:7 & pr:32 & th:12,0.0
161,12,77,de:20 & im:19 & pr:11 & pr:6 & th:12 & va:9,0.125
164,12,75,de:16 & im:4 & pr:4 & th:12 & va:12,0.1429
171,12,70,de:15 & im:4 & pr:19 & pr:6 & th:11 & va:9,0.5
172,12,70,de:15 & im:4 & pr:4 & pr:6 & th:11 & va:10,0.5
175,12,69,de:15 & im:4 & pr:6 & pr:7 & th:11 & va:10,0.5
176,12,67,de:16 & im:4 & pr:27 & pr:31 & pr:7 & th:12,0.125
179,12,64,de:15 & im:4 & pr:31 & pr:6 & th:2 & va:10,0.5
181,12,63,de:20 & im:20 & pr:9 & th:12 & va:9,0.0
182,12,63,de:15 & im:7 & pr:6 & th:11 & va:9,0.3333
185,12,62,de:20 & im:19 & pr:35 & pr:6 & th:12 & va:2,0.125
189,12,60,de:15 & im:4 & pr:11 & pr:6 & th:11 & va:9,0.5
193,12,58,de:7 & im:4 & pr:13 & th:4 & va:10,0.1429
195,12,56,de:15 & de:28 & im:4 & im:7 & pr:6 & th:9 & va:32,0.4286
196,12,56,de:9 & im:35 & pr:11 & th:2 & va:9,0.0
199,12,56,de:15 & im:4 & pr:27 & pr:6 & th:11 & va:9,0.5
210,12,50,de:15 & im:4 & pr:19 & pr:6 & th:11 & va:32,0.5
212,12,48,pr:19 & pr:6,0.25
214,12,48,de:15 & im:4 & pr:11 & pr:14 & pr:6 & th:11 & va:10,0.4286
216,12,47,de:15 & im:4 & pr:33 & pr:6 & th:11 & va:9,0.5
218,12,44,de:16 & im:4 & pr:18 & th:2 & va:10,0.1429
222,12,43,de:9 & im:35 & pr:11 & th:12 & va:9,0.0
223,12,42,de:20 & im:4 & pr:11 & pr:6 & th:12,0.3333
224,12,42,de:16 & im:4 & pr:7 & th:37 & va:2,0.1429
227,12,40,de:16 & im:4 & pr:6,0.5
230,12,39,pr:23 & pr:6,0.25
231,12,39,de:15 & im:4 & pr:31 & pr:6,0.75
234,12,39,de:28 & im:7 & pr:12 & th:12 & va:17 & va:28,0.0
235,12,38,de:28 & im:7 & pr:19 & th:1 & va:28,0.0
236,12,38,pr:6 & th:2,0.25
239,12,36,de:15 & im:4 & pr:13 & pr:6 & th:4 & va:12,0.5
241,12,36,de:15 & im:4 & pr:31 & pr:6 & th:9 & va:32,0.5
243,12,36,de:17 & im:7 & pr:11 & pr:27 & pr:6 & th:12 & va:9,0.1111
248,12,36,de:15 & im:4 & pr:31 & pr:6 & th:11 & va:32,0.5
251,12,35,de:15 & im:4 & pr:31 & pr:6 & th:12 & va:10,0.5
255,12,35,de:15 & im:19 & pr:35 & th:12 & va:30,0.1429
256,12,35,de:15 & im:4 & pr:27 & pr:6 & th:11 & va:32,0.5
257,12,35,de:15 & im:4 & pr:12 & pr:6 & th:11 & va:9,0.5
258,12,34,de:15 & im:4 & pr:31 & pr:6 & th:9 & va:31,0.5
261,12,34,de:9 & im:4 & pr:6 & th:11 & va:9,0.3333
266,12,34,de:15 & de:20 & de:9 & im:4 & pr:27 & pr:3 & pr:6 & th:1 & th:11 & va:10,0.3
271,12,33,de:15 & im:4 & pr:23 & pr:6 & th:11 & va:9,0.5
272,12,33,de:9 & im:4 & pr:6 & th:12 & va:9,0.3333
274,12,33,de:15 & im:4 & pr:31 & pr:39 & th:11 & va:9,0.2857
276,12,33,de:15 & im:4 & pr:11 & pr:6 & th:11 & va:32,0.5
277,12,32,de:16 & im:10 & pr:27 & pr:6 & th:12,0.1429
279,12,32,de:15 & im:4 & pr:31 & pr:6 & th:2 & va:32,0.5
286,12,32,de:28 & im:7 & pr:39 & pr:6 & th:9 & va:32,0.125
287,12,32,de:15 & im:4 & pr:12 & pr:6 & th:11 & va:32,0.5
288,12,31,de:20 & de:28 & im:19 & pr:12 & pr:24 & pr:6 & va:30,0.1111
289,12,31,de:13 & im:7 & pr:26 & va:30,0.0
290,12,31,de:15 & im:4 & pr:6 & pr:9 & th:11 & va:9,0.5
291,12,31,de:15 & im:4 & pr:12 & pr:31 & pr:6 & th:11 & va:10,0.4286
292,12,30,im:4 & pr:31 & pr:6 & th:9 & va:10,0.3333
293,12,30,de:7 & im:7 & pr:27 & pr:6 & th:12 & va:28,0.125
298,12,30,de:15 & im:4 & pr:33 & pr:6 & th:11 & va:32,0.5
300,12,30,de:15 & im:4 & pr:6 & pr:9 & th:11 & th:14 & va:10,0.4286
307,12,29,de:15 & im:4 & pr:6 & pr:7 & th:2 & va:2,0.5
313,12,29,de:15 & im:4 & pr:13 & pr:6 & th:11 & va:10,0.5
314,12,29,de:15 & de:20 & im:4 & pr:27 & pr:6 & th:11 & th:12 & va:10,0.375
315,12,29,de:15 & im:4 & pr:6 & pr:7 & pr:8 & th:11 & th:37 & va:10,0.375
319,12,28,de:11 & im:38 & pr:6 & th:26 & th:9 & va:2,0.125
322,12,28,de:15 & im:4 & pr:16 & pr:6 & th:11 & va:10,0.5
328,12,27,de:15 & de:16 & im:4 & pr:12 & pr:4 & pr:6 & th:11 & th:2 & va:10,0.3333
329,12,27,de:15 & im:4 & pr:11 & pr:31 & th:9 & va:10,0.2857
331,12,26,de:20 & im:7 & pr:11 & pr:6 & th:1,0.1429
333,12,26,de:15 & im:4 & pr:23 & pr:6 & th:11 & va:32,0.5
340,12,26,de:20 & im:19 & pr:13 & pr:24 & th:1 & va:30,0.0
342,12,25,de:20 & im:19 & pr:27 & pr:6 & th:12,0.1429
343,12,25,de:16 & im:4 & pr:31 & pr:6 & th:2 & va:10,0.2857
356,12,24,de:15 & im:4 & pr:19 & pr:6 & th:1 & va:10,0.5
357,12,24,de:15 & im:4 & pr:19 & pr:6 & th:11,0.6
358,12,24,de:15 & im:4 & pr:19 & pr:27 & pr:6 & th:12 & th:2 & va:10,0.375
362,12,24,de:9 & pr:6 & th:11,0.2
363,12,23,de:20 & im:19 & pr:11 & pr:6 & th:1 & va:9,0.125
365,12,23,de:20 & im:19 & pr:27 & pr:6 & th:12 & va:9,0.125
368,12,23,de:15 & im:4 & pr:6 & pr:7 & pr:9 & th:11 & th:14 & va:10,0.375
371,12,23,de:15 & de:32 & im:0 & im:4 & pr:19 & pr:6 & th:11 & th:7 & va:10,0.3333
372,12,22,pr:11 & pr:6 & th:12 & va:9,0.1667
378,12,22,de:16 & im:4 & pr:4 & pr:6 & th:12 & va:12,0.2857
381,12,22,de:17 & im:19 & pr:4 & th:12 & va:9,0.0
383,12,22,de:15 & im:4 & pr:31 & pr:33 & th:9 & va:10,0.2857
385,12,22,de:20 & im:19 & pr:12 & pr:35 & th:12 & va:2,0.0
387,12,22,de:11 & de:15 & de:5 & im:28 & im:4 & pr:12 & pr:23 & pr:6 & th:11 & th:25 & va:10,0.2727
388,12,22,de:15 & im:4 & pr:27 & pr:31 & th:9 & va:10,0.2857
389,12,22,de:15 & de:24 & im:13 & im:4 & pr:13 & pr:33 & pr:6 & th:11 & th:4 & va:10 & va:15,0.2727
395,12,21,de:16 & im:4 & pr:32 & th:12 & va:12,0.1429
399,12,21,de:20 & im:19 & pr:11 & pr:39 & th:12 & va:9,0.0
400,12,21,de:17 & im:20 & pr:4 & th:12 & va:9,0.0
401,12,21,de:15 & im:4 & pr:6 & pr:9 & th:11 & va:32,0.5
403,12,21,de:15 & de:20 & im:19 & im:4 & pr:11 & pr:12 & pr:6 & th:11 & th:2 & va:10,0.3
410,12,20,de:15 & im:4 & pr:27 & pr:31 & pr:6 & th:12 & th:2 & va:10,0.375
421,12,20,de:15 & im:4 & pr:4 & pr:6 & th:11 & va:9,0.5
422,12,19,de:9 & im:19 & pr:4 & pr:6 & th:12 & va:30,0.125
423,12,19,de:15 & im:4 & pr:6 & pr:7 & th:11 & va:9,0.5
424,12,19,de:17 & im:20 & pr:12 & pr:6 & th:12 & th:2 & va:3,0.1111
427,12,19,de:15 & im:4 & pr:12 & pr:20 & pr:6 & th:11 & th:38 & va:10,0.375
428,12,19,de:15 & im:4 & pr:31 & pr:9 & th:11 & va:9,0.2857
430,12,19,de:16 & im:4 & pr:7 & th:6 & va:10,0.1429
433,12,18,de:9 & im:35 & pr:11 & pr:6 & th:12 & va:9,0.125
444,12,18,de:15 & im:4 & pr:31 & pr:33 & th:11 & va:9,0.2857
450,12,18,de:28 & im:7 & pr:12 & pr:6 & th:9 & va:32,0.125
452,12,18,pr:11 & pr:6,0.25
455,12,18,de:15 & de:22 & im:4 & pr:15 & pr:31 & pr:6 & th:10 & th:11 & th:2 & va:10,0.3
456,12,18,de:11 & de:13 & de:15 & im:1 & im:4 & pr:12 & pr:6 & pr:7 & th:11 & th:14 & th:37 & va:10,0.25
460,12,17,de:7 & im:4 & pr:13 & pr:6 & th:4 & va:10,0.2857
461,12,17,de:15 & im:4 & pr:23 & pr:31 & th:9 & va:10,0.2857
462,12,17,de:28 & im:19 & pr:4 & th:12 & va:30,0.0
466,12,17,de:20 & im:19 & pr:11 & pr:4 & th:2 & va:9,0.0
467,12,17,de:17 & im:20 & pr:39 & pr:4 & th:12 & va:9,0.0
468,12,17,de:17 & im:19 & pr:39 & pr:4 & th:12 & va:9,0.0
469,12,17,de:15 & im:4 & pr:12 & pr:31 & th:9 & va:10,0.2857
470,12,17,de:15 & im:4 & pr:12 & pr:31 & th:11 & va:9,0.2857
473,12,17,de:15 & de:20 & im:20 & im:4 & pr:12 & pr:24 & pr:6 & th:1 & th:11 & th:2 & va:10 & va:9,0.25
474,12,17,de:15 & de:20 & de:28 & im:4 & pr:27 & pr:6 & th:1 & th:11 & th:12 & va:10,0.3
477,12,16,de:28 & im:7 & pr:19 & pr:6 & th:1 & va:28,0.125
478,12,16,de:15 & im:19 & pr:35 & pr:6 & th:12 & va:30,0.2857
479,12,16,de:20 & im:7 & pr:32 & pr:6 & th:12,0.1429
481,12,16,de:15 & im:4 & pr:12 & pr:6 & th:2 & va:9,0.5
489,12,16,de:20 & im:19 & pr:11 & pr:19 & th:12 & va:9,0.0
494,12,16,de:15 & im:4 & pr:39 & pr:6 & th:11 & va:10,0.5
497,12,16,de:20 & im:7 & pr:39 & pr:6 & th:12 & va:0,0.125
500,12,16,de:15 & im:4 & pr:39 & pr:6 & th:11 & va:9,0.5
501,12,16,de:20 & im:19 & pr:11 & pr:39 & pr:4 & th:2 & va:9,0.0
503,12,16,de:17 & im:7 & pr:11 & pr:27 & pr:39 & th:12 & va:9,0.0
504,12,16,de:15 & de:28 & im:4 & im:7 & pr:39 & pr:6 & th:9 & va:32,0.375
506,12,16,de:15 & im:4 & pr:12 & th:2 & va:32,0.3333
507,12,16,de:1 & de:15 & im:4 & pr:13 & pr:18 & pr:36 & pr:6 & th:11 & th:23 & th:6 & va:10,0.2727
508,12,16,de:15 & im:4 & pr:31 & pr:9 & th:9 & va:10,0.2857
512,12,16,de:20 & im:19 & pr:11 & pr:33 & th:12 & va:9,0.0
514,12,16,de:15 & im:4 & pr:31 & pr:6 & th:1 & va:10,0.5
515,12,16,de:6 & im:19 & pr:11 & th:12 & va:9,0.0
516,12,16,de:15 & de:25 & im:34 & im:4 & pr:32 & pr:6 & th:11 & th:21 & th:33 & va:10,0.3
517,12,16,de:15 & im:4 & pr:12 & pr:19 & pr:6 & th:11 & va:10,0.4286
518,12,16,de:15 & im:4 & pr:4 & pr:6 & th:11 & va:32,0.5
519,12,16,de:15 & de:17 & im:4 & pr:4 & pr:6 & th:11 & th:12 & th:4 & va:10,0.3333
521,12,16,de:15 & de:25 & im:34 & im:4 & pr:32 & pr:4 & pr:6 & th:11 & th:21 & th:33 & va:10,0.2727
522,12,16,de:15 & de:28 & im:4 & pr:12 & pr:4 & pr:6 & th:11 & va:10,0.375
523,12,16,de:15 & de:28 & im:4 & pr:12 & pr:24 & pr:6 & th:11 & va:10,0.375
524,12,16,de:15 & im:4 & pr:25 & pr:6 & th:11 & va:10,0.5
525,12,16,de:15 & de:20 & im:19 & im:4 & pr:35 & pr:6 & pr:7 & th:11 & th:12 & va:10,0.3
527,12,15,de:15 & im:4 & pr:23 & pr:31 & th:11 & va:9,0.2857
530,12,15,de:16 & im:4 & pr:27 & pr:31 & pr:6 & pr:7 & th:12,0.25
531,12,15,de:15 & im:4 & pr:19 & pr:6 & pr:7 & th:11 & va:10,0.4286
532,12,15,de:20 & im:7 & pr:19 & pr:6 & th:12 & va:0,0.125
533,12,15,de:9 & im:4 & pr:6 & th:12 & va:10,0.3333
534,12,15,de:15 & im:10 & pr:19 & pr:6 & th:11 & va:10,0.2857
540,12,15,de:15 & im:4 & pr:4 & pr:7 & th:12 & th:2 & va:9,0.25
542,12,15,de:15 & im:4 & pr:31 & pr:6 & th:11,0.6
543,12,15,de:16 & de:20 & pr:11 & pr:12 & th:12 & th:2 & va:30,0.0
544,12,15,de:7 & im:7 & pr:11 & th:12 & va:9,0.0
548,12,15,de:15 & de:5 & im:4 & pr:12 & pr:19 & pr:6 & pr:9 & th:11 & th:29 & va:10,0.3
549,12,15,de:15 & de:20 & im:19 & im:4 & pr:11 & pr:6 & th:11 & th:2 & va:9,0.3333
552,12,14,de:15 & im:4 & pr:19 & pr:31 & th:9 & va:10,0.2857
553,12,14,de:20 & im:19 & pr:19 & pr:35 & th:12 & va:2,0.0
554,12,14,de:9 & im:19 & pr:6 & th:12 & va:10,0.1429
558,12,14,de:16 & im:4 & pr:19 & pr:6 & va:9,0.3333
562,12,14,de:15 & im:4 & pr:27 & pr:6 & th:11,0.6
563,12,14,de:15 & im:4 & pr:12 & pr:37 & pr:6 & th:11 & va:10,0.4286
564,12,14,de:15 & im:4 & pr:12 & pr:14 & pr:37 & pr:6 & th:11 & th:30 & va:10,0.3333
565,12,14,de:15 & im:4 & pr:12 & pr:20 & pr:37 & pr:6 & th:11 & th:30 & th:6 & va:10,0.3
568,12,14,de:15 & im:4 & pr:31 & pr:33 & th:2 & va:10,0.2857
571,12,14,de:20 & im:19 & pr:33 & pr:35 & th:12 & va:2,0.0
574,12,14,de:15 & im:4 & pr:33 & pr:6 & th:11,0.6
575,12,14,de:15 & im:4 & pr:27 & pr:33 & pr:6 & th:12 & th:2 & va:10,0.375
576,12,14,de:20 & im:19 & pr:11 & pr:31 & th:12 & va:9,0.0
577,12,14,de:20 & im:19 & pr:31 & pr:35 & th:12 & va:2,0.0
579,12,14,de:15 & im:4 & pr:12 & pr:13 & th:4 & va:12,0.2857
580,12,14,de:23 & im:38 & pr:12 & pr:6 & th:12 & va:2,0.125
581,12,14,de:15 & im:4 & pr:12 & pr:31 & th:2 & va:10,0.2857
582,12,14,de:9 & im:4 & pr:12 & pr:6 & th:12 & va:9,0.2857
583,12,14,de:20 & im:19 & pr:11 & th:2 & va:9,0.0
587,12,13,de:15 & de:22 & im:31 & im:4 & pr:13 & pr:6 & th:11 & th:4 & va:10 & va:7,0.3
592,12,13,de:17 & im:7 & pr:11 & pr:19 & pr:27 & th:12 & va:9,0.0
596,12,13,de:15 & im:4 & pr:18 & pr:6 & th:11 & va:10,0.5
597,12,13,de:9 & im:7 & pr:4 & th:12 & va:9,0.0
598,12,13,de:28 & im:7 & pr:4 & pr:5 & th:1 & va:28,0.0
605,12,13,de:20 & im:20 & pr:13 & pr:24 & th:1 & va:30,0.0
615,12,12,de:15 & im:4 & pr:6 & pr:7 & th:11 & va:32,0.5
616,12,12,de:15 & im:4 & pr:19 & pr:31 & th:9 & va:31,0.2857
617,12,12,de:20 & im:4 & pr:11 & pr:19 & th:12,0.1429
622,12,12,de:16 & im:19 & pr:27 & pr:6 & th:12 & va:9,0.125
625,12,12,de:15 & im:4 & pr:27 & pr:6 & th:11 & th:12 & th:2 & va:9,0.375
630,12,12,de:20 & im:19 & pr:17 & pr:4 & th:1 & va:9,0.0
632,12,12,de:15 & im:4 & pr:31 & pr:6 & pr:9 & th:11 & va:10,0.4286
637,12,12,de:15 & im:7 & pr:27 & pr:6 & th:12 & va:10,0.2857
649,12,12,de:15 & im:4 & pr:31 & pr:33 & pr:6 & th:11 & va:10,0.4286
650,12,12,de:15 & im:4 & pr:33 & pr:6 & th:1 & va:10,0.5
658,12,12,de:20 & im:19 & pr:12 & pr:27 & th:12,0.0
661,12,12,de:15 & im:4 & pr:12 & pr:31 & th:12 & va:10,0.2857
665,12,12,de:15 & im:4 & pr:31 & pr:4 & th:9 & va:10,0.2857
671,12,12,de:15 & im:4 & pr:11 & pr:14 & pr:6 & th:11 & va:9,0.4286
672,12,12,de:15 & im:4 & pr:27 & pr:31 & th:11 & va:9,0.2857
678,12,11,de:15 & im:4 & pr:19 & pr:31,0.4
680,12,11,de:15 & im:7 & pr:19 & pr:6 & th:12 & va:10,0.2857
695,12,11,de:15 & im:4 & pr:6 & pr:9 & th:11 & th:14 & va:9,0.4286
702,12,11,de:15 & im:4 & pr:21 & pr:6 & pr:9 & th:11 & th:14 & th:31 & va:10,0.3333
703,12,11,pr:11,0.0
706,12,10,pr:11 & th:12 & va:27,0.0
711,12,10,de:16 & im:4 & pr:19,0.2
713,12,10,de:23 & im:38 & pr:19 & pr:6 & th:12 & va:2,0.125
716,12,10,de:16 & im:10 & pr:19 & pr:27 & th:12,0.0
720,12,10,de:15 & im:4 & pr:23 & pr:27 & pr:6 & th:12 & th:2 & va:10,0.375
723,12,10,de:15 & im:4 & pr:18 & pr:6 & th:11 & va:32,0.5
730,12,10,de:16 & im:4 & pr:27,0.2
731,12,10,de:15 & pr:27 & pr:6 & th:1,0.4
732,12,10,de:20 & im:4 & pr:11 & pr:27 & th:12,0.1429
733,12,10,de:4 & im:7 & pr:27 & pr:6 & th:12 & va:30,0.125
734,12,10,de:15 & im:4 & pr:27 & pr:6 & th:1 & va:10,0.5
735,12,10,de:15 & im:10 & pr:27 & pr:6 & th:11 & va:10,0.2857
739,12,10,de:15 & de:37 & im:4 & pr:19 & pr:6 & pr:7 & th:11 & th:6 & va:10,0.3333
740,12,10,de:15 & im:4 & pr:6 & th:12 & va:10,0.6
743,12,10,de:9 & im:4 & pr:33 & pr:6 & th:12 & va:9,0.2857
744,12,10,de:15 & im:4 & pr:31 & pr:6 & th:11 & va:15,0.5
745,12,10,de:16 & im:10 & pr:31 & pr:6 & th:12 & va:3,0.125
748,12,10,de:16 & im:4 & pr:31 & pr:6 & va:9,0.3333
749,12,10,de:15 & im:10 & pr:31 & pr:6 & th:11 & va:10,0.2857
753,12,10,de:15 & pr:19 & pr:6 & th:1,0.4
755,12,10,de:4 & im:7 & pr:19 & pr:6 & th:12 & va:30,0.125
757,12,10,de:7 & im:4 & pr:12 & pr:6 & th:12 & va:10,0.2857
758,12,10,de:15 & im:4 & pr:12 & pr:23 & pr:39 & pr:6 & th:11 & va:38 & va:9,0.3333
760,12,10,de:15 & de:20 & de:9 & im:4 & pr:27 & pr:3 & pr:6 & th:1 & th:11 & va:9,0.3
761,12,10,de:20 & im:19 & pr:24 & th:1 & va:30,0.0
766,12,10,de:15 & im:4 & pr:39 & pr:6 & th:11 & th:36 & va:10,0.4286
767,12,10,de:28 & im:7 & pr:4 & pr:6 & th:9 & va:32,0.125
768,12,10,de:16 & de:20 & de:37 & im:1 & pr:11 & pr:12 & pr:9 & th:12 & th:2 & th:6 & va:17,0.0
770,12,10,de:15 & im:4 & pr:11 & pr:31 & pr:6 & th:11 & va:10,0.4286
771,12,10,de:20 & im:19 & pr:11 & pr:35 & th:12 & va:2,0.0
772,12,10,de:20 & de:28 & im:19 & pr:11 & pr:12 & pr:24 & va:30,0.0
773,12,10,de:15 & im:4 & pr:11 & pr:6 & th:1 & va:10,0.5
774,12,10,de:15 & im:4 & pr:11 & pr:27 & pr:6 & th:12 & th:2 & va:10,0.375
776,12,10,de:15 & im:4 & pr:11 & pr:31 & th:2 & va:10,0.2857
777,12,10,de:17 & im:4 & pr:27 & pr:6 & th:12 & va:9,0.2857
778,12,10,de:20 & im:19 & pr:27 & pr:35 & th:12 & va:2,0.0
779,12,10,de:15 & im:4 & pr:32 & pr:6 & th:11 & va:10,0.5
782,12,10,de:15 & im:4 & pr:27 & pr:31 & th:2 & va:10,0.2857
783,12,10,de:15 & im:4 & pr:0 & pr:39 & pr:6 & th:11 & th:36 & va:10,0.375
784,12,9,de:7 & im:7 & pr:4 & th:12 & va:17 & va:28 & va:9,0.0
785,12,9,de:20 & im:19 & pr:11 & pr:23 & th:12 & va:9,0.0
786,12,9,pr:6 & pr:7,0.25
787,12,9,de:15 & im:19 & pr:19 & pr:6 & th:12 & va:10,0.2857
790,12,9,de:17 & im:4 & pr:19 & pr:6 & th:12 & va:9,0.2857
794,12,9,de:15 & im:4 & pr:27 & pr:31 & pr:6 & th:12 & th:2 & th:9 & va:10,0.3333
798,12,9,de:16 & im:4 & pr:6 & th:4 & va:10,0.3333
799,12,9,de:20 & im:19 & pr:11 & pr:27 & th:12 & va:9,0.0
800,12,9,de:16 & im:4 & pr:27 & pr:6 & va:9,0.3333
803,12,9,de:15 & im:4 & pr:16 & pr:6 & th:11 & va:9,0.5
808,12,9,de:9 & im:35 & pr:31 & pr:6 & th:12 & va:2,0.125
811,12,9,de:20 & de:28 & im:19 & pr:12 & pr:24 & pr:31 & va:30,0.0
817,12,9,de:15 & de:28 & im:4 & im:7 & pr:12 & pr:6 & th:9 & va:32,0.375
818,12,9,de:20 & im:19 & pr:11 & pr:12 & th:1 & va:9,0.0
823,12,9,de:15 & im:4 & pr:11 & pr:12 & pr:27 & pr:6 & th:11 & th:2 & va:10,0.3333
824,12,9,de:15 & im:10 & pr:11 & pr:6 & th:11 & va:10,0.2857
829,12,9,de:15 & im:4 & pr:11 & pr:14 & pr:31 & pr:6 & th:9 & va:10,0.375
830,12,9,de:15 & im:4 & pr:11 & pr:14 & pr:6 & th:11 & va:32,0.4286
831,12,9,de:15 & im:4 & pr:11 & pr:14 & pr:31 & pr:6 & th:11 & va:9,0.375
834,12,9,de:15 & im:4 & pr:11 & pr:3 & pr:6 & th:11 & va:10,0.4286
839,12,8,de:15 & im:4 & pr:23 & pr:31 & th:2 & va:10,0.2857
840,12,8,de:15 & im:4 & pr:23 & pr:31 & pr:6 & th:11 & va:10,0.4286
842,12,8,de:15 & im:4 & pr:6 & pr:7 & th:1 & va:10,0.5
843,12,8,de:20 & im:19 & pr:11 & pr:8 & th:2 & va:9,0.0
849,12,8,de:20 & im:7 & pr:11 & pr:19 & th:1,0.0
853,12,8,de:20 & im:19 & pr:19 & pr:27 & th:12 & va:9,0.0
860,12,8,de:20 & im:19 & pr:23 & pr:35 & th:12 & va:2,0.0
861,12,8,de:20 & im:19 & pr:17 & th:12 & va:9,0.0
864,12,8,de:15 & im:4 & pr:23 & pr:6 & th:1 & va:10,0.5
865,12,8,de:20 & im:19 & pr:11 & pr:9 & th:12 & va:9,0.0
866,12,8,de:15 & im:4 & pr:31 & pr:9 & th:2 & va:10,0.2857
869,12,8,de:15 & im:4 & pr:27 & pr:6 & pr:9 & th:12 & th:2 & va:10,0.375
870,12,8,de:7 & im:7 & pr:11 & pr:14 & pr:6 & pr:9 & th:12 & va:18,0.1
871,12,8,de:20 & im:7 & pr:27 & pr:6 & th:12 & va:0,0.125
876,12,8,de:15 & de:3 & im:4 & pr:38 & pr:39 & pr:6 & th:11 & th:12 & th:36 & va:10,0.3
884,12,8,pr:11 & pr:31 & th:12 & va:9,0.0
887,12,8,de:9 & im:19 & pr:31 & pr:4 & th:12 & va:30,0.0
889,12,8,de:15 & im:4 & pr:31 & pr:7 & th:2 & va:2,0.2857
895,12,8,de:15 & im:4 & pr:19 & pr:6 & th:11 & va:15,0.5
901,12,8,de:23 & im:35 & pr:22 & va:2,0.0
903,12,8,de:20 & de:9 & im:4 & pr:19 & pr:27 & pr:3 & pr:5 & th:1 & th:12 & va:20,0.0833
905,12,8,de:16 & im:4 & pr:12 & pr:7 & th:37 & va:2,0.125
909,12,8,de:15 & im:4 & pr:12 & pr:19 & pr:6 & th:11 & va:32,0.4286
910,12,8,de:15 & pr:11 & pr:6 & th:1,0.4
911,12,8,de:4 & im:7 & pr:11 & pr:6 & th:12 & va:30,0.125
914,12,8,de:15 & im:4 & pr:31 & pr:4 & th:2 & va:10,0.2857
917,12,8,de:20 & im:19 & pr:35 & pr:4 & th:12 & va:2,0.0
925,12,8,de:16 & im:4 & pr:11 & pr:6 & va:9,0.3333
928,12,8,de:15 & im:4 & pr:11 & pr:6 & th:11,0.6
930,12,8,de:23 & im:38 & pr:27 & pr:6 & th:12 & va:2,0.125
934,12,8,de:15 & im:4 & pr:27 & pr:31 & pr:6 & th:11 & va:10,0.4286
935,12,8,de:7 & im:7 & pr:11 & pr:14 & pr:27 & pr:6 & th:12 & va:18,0.1
937,12,8,de:15 & im:4 & pr:36 & pr:6 & th:11 & va:10,0.5
938,12,8,de:11 & de:15 & de:16 & im:1 & im:4 & pr:12 & pr:6 & th:11 & th:14 & th:31 & va:10,0.2727
939,12,8,de:15 & im:4 & pr:31 & pr:6 & pr:7 & th:11 & th:2 & va:10,0.375
942,12,7,de:16 & im:4 & pr:23,0.2
943,12,7,de:15 & pr:23 & pr:6 & th:1,0.4
946,12,7,de:4 & im:7 & pr:23 & pr:6 & th:12 & va:30,0.125
947,12,7,de:16 & im:4 & pr:23 & pr:6 & va:9,0.3333
948,12,7,de:15 & im:10 & pr:23 & pr:6 & th:11 & va:10,0.2857
951,12,7,de:16 & im:38 & pr:6 & th:12 & th:26 & th:9 & va:2,0.1111
952,12,7,de:15 & im:4 & pr:13 & pr:19 & th:4 & va:12,0.2857
957,12,7,de:15 & de:20 & im:19 & im:4 & pr:11 & pr:35 & pr:6 & th:11 & th:12 & va:10,0.3
960,12,7,de:16 & im:4 & pr:18 & pr:6 & th:2 & va:10,0.2857
961,12,7,de:28 & im:7 & pr:26 & th:5 & va:17,0.0
962,12,7,de:15 & im:4 & pr:35 & pr:6 & th:11 & va:10,0.5
964,12,7,de:15 & im:4 & pr:6 & th:12 & va:2,0.6
965,12,7,de:15 & im:4 & pr:6 & th:2 & va:10,0.6
966,12,7,de:15 & im:4 & pr:27 & pr:6 & th:11 & th:12 & th:2 & va:32,0.375
967,12,7,de:15 & im:4 & pr:11 & th:11 & va:10,0.3333
969,12,7,im:4 & pr:31 & pr:9 & th:9 & va:10,0.1429
972,12,7,de:17 & im:4 & pr:6 & pr:9 & th:12 & va:9,0.2857
973,12,7,de:15 & im:4 & pr:6 & pr:9 & th:11,0.6
974,12,7,de:16 & im:4 & pr:27 & pr:31 & pr:7 & pr:9 & th:12,0.1111
975,12,7,de:15 & im:4 & pr:27 & pr:31,0.4
977,12,7,de:15 & im:19 & pr:27 & pr:6 & th:12 & va:10,0.2857
980,12,7,de:20 & de:28 & im:19 & pr:12 & pr:24 & pr:9 & va:30,0.0
982,12,7,de:15 & im:4 & pr:13 & pr:6 & th:11 & va:32,0.5
984,12,7,de:16 & im:4 & pr:33,0.2
985,12,7,de:15 & pr:33 & pr:6 & th:1,0.4
986,12,7,de:15 & im:4 & pr:31 & pr:33,0.4
987,12,7,pr:11 & pr:33 & th:12 & va:9,0.0
989,12,7,de:15 & pr:33 & pr:6,0.5
990,12,7,im:4 & pr:31 & pr:33 & th:9 & va:10,0.1429
993,12,7,de:15 & im:4 & pr:13 & pr:33 & th:4 & va:12,0.2857
995,12,7,de:15 & im:19 & pr:33 & pr:6 & th:12 & va:10,0.2857
996,12,7,de:20 & im:7 & pr:33 & pr:6 & th:12 & va:0,0.125
997,12,7,de:20 & im:4 & pr:11 & pr:33 & th:12,0.1429
999,12,7,de:15 & im:4 & pr:33 & pr:6 & th:11 & va:15,0.5
1000,12,7,de:16 & im:10 & pr:33 & pr:6 & th:12 & va:3,0.125
1003,12,7,de:15 & im:4 & pr:31 & pr:33 & th:2 & va:32,0.2857
1004,12,7,de:4 & im:7 & pr:33 & pr:6 & th:12 & va:30,0.125
1005,12,7,de:17 & im:4 & pr:33 & pr:6 & th:12 & va:9,0.2857
1008,12,7,de:15 & im:4 & pr:31 & pr:33 & th:9 & va:32,0.2857
1012,12,7,de:23 & im:38 & pr:33 & pr:6 & th:12 & va:2,0.125
1014,12,7,de:16 & im:4 & pr:33 & pr:6 & va:9,0.3333
1015,12,7,de:15 & im:10 & pr:33 & pr:6 & th:11 & va:10,0.2857
1017,12,7,de:20 & de:28 & im:19 & pr:12 & pr:24 & pr:33 & va:30,0.0
1026,12,7,de:7 & im:7 & pr:11 & pr:14 & pr:33 & pr:6 & th:12 & va:18,0.1
1027,12,7,de:16 & im:4 & pr:31,0.2
1028,12,7,de:15 & pr:31 & pr:6 & th:1,0.4
1033,12,7,de:20 & im:7 & pr:31 & pr:6 & th:12 & va:0,0.125
1034,12,7,de:20 & im:4 & pr:11 & pr:31 & th:12,0.1429
1036,12,7,de:4 & im:7 & pr:31 & pr:6 & th:12 & va:30,0.125
1039,12,7,de:7 & im:7 & pr:11 & pr:14 & pr:31 & pr:6 & th:12 & va:18,0.1
1042,12,7,de:7 & im:7 & pr:19 & pr:27 & th:12 & va:28,0.0
1044,12,7,de:15 & de:25 & im:34 & im:4 & pr:32 & pr:6 & th:11 & th:21 & th:33 & va:9,0.3
1045,12,7,de:7 & im:7 & pr:12 & pr:27 & th:12 & va:28,0.0
1046,12,7,de:20 & im:19 & pr:11 & pr:12 & th:12 & va:9,0.0
1047,12,7,de:15 & im:4 & pr:12 & pr:31 & th:2 & va:32,0.2857
1048,12,7,de:9 & im:4 & pr:12 & pr:6 & th:12 & va:10,0.2857
1049,12,7,de:9 & im:19 & pr:12 & pr:6 & th:12 & va:10,0.125
1050,12,7,de:20 & im:19 & pr:11 & pr:12 & pr:8 & th:2 & va:9,0.0
1051,12,7,de:7 & im:7 & pr:11 & pr:12 & pr:14 & pr:6 & th:12 & va:18,0.1
1053,12,7,de:20 & im:20 & pr:24 & th:1 & va:30,0.0
1061,12,7,de:15 & im:7 & pr:11 & pr:6 & th:12 & va:10,0.2857
1066,12,7,de:9 & im:35 & pr:11 & pr:27 & th:2 & va:9,0.0
1071,12,7,de:16 & im:4 & pr:11,0.2
1072,12,7,de:20 & im:19 & pr:11 & pr:27 & th:12,0.0
1073,12,7,im:4 & pr:11 & pr:31 & th:9 & va:10,0.1429
1078,12,7,de:15 & im:4 & pr:11 & pr:31 & th:9 & va:32,0.2857
1080,12,7,de:13 & de:15 & im:1 & im:4 & pr:19 & pr:37 & pr:6 & th:0 & th:11 & va:10,0.3
1082,12,7,de:15 & de:25 & im:34 & im:4 & pr:32 & pr:4 & pr:6 & th:11 & th:21 & th:33 & va:9,0.2727
1084,12,7,de:15 & de:20 & im:19 & im:4 & pr:11 & pr:27 & pr:6 & th:11 & th:2 & va:10,0.3
1085,12,7,de:15 & im:4 & pr:12 & pr:31 & pr:6 & th:11 & va:9,0.4286
1086,12,7,im:4 & pr:27 & pr:31 & th:9 & va:10,0.1429
1087,12,7,de:15 & im:4 & pr:27 & pr:31 & th:9 & va:32,0.2857
1089,12,7,de:9 & im:4 & pr:6 & th:11 & va:10,0.3333
1090,12,7,de:16 & im:4 & pr:27 & pr:31 & th:12,0.1429
1091,12,7,de:11 & de:13 & de:15 & im:1 & im:4 & pr:12 & pr:6 & pr:7 & th:11 & th:14 & th:37 & va:32,0.25
1092,12,7,de:15 & im:4 & pr:11 & pr:3 & pr:6 & th:11 & th:12 & va:10,0.375
1093,12,7,de:15 & im:4 & pr:11 & pr:6 & th:11 & th:12 & th:2 & va:10,0.375
1096,12,6,im:4 & pr:23 & pr:31 & th:9 & va:10,0.1429
1099,12,6,de:15 & im:4 & pr:23 & pr:31 & th:12 & va:10,0.2857
1100,12,6,de:15 & im:4 & pr:23 & pr:31 & th:9 & va:32,0.2857
1102,12,6,de:23 & im:38 & pr:23 & pr:6 & th:12 & va:2,0.125
1110,12,6,de:20 & im:19 & pr:11 & pr:7 & th:12 & va:9,0.0
1111,12,6,de:15 & im:4 & pr:31 & pr:7 & th:9 & va:10,0.2857
1114,12,6,de:15 & im:4 & pr:31 & pr:7 & th:11 & va:9,0.2857
1116,12,6,de:15 & im:4 & pr:27 & pr:6 & pr:7 & th:12 & th:2 & va:10,0.375
1127,12,6,de:7 & im:4 & pr:13 & pr:19 & th:4 & va:10,0.125
1134,12,6,de:15 & im:4 & pr:27 & pr:6 & th:11 & th:12 & th:2 & va:10 & va:9,0.3333
1136,12,6,de:15 & im:4 & pr:23 & pr:6 & th:11,0.6
1145,12,6,de:15 & im:4 & pr:31 & pr:9 & th:12 & va:10,0.2857
1146,12,6,de:16 & im:4 & pr:7 & pr:9 & th:37 & va:2,0.125
1148,12,6,de:15 & im:4 & pr:31 & pr:9 & th:9 & va:32,0.2857
1149,12,6,de:20 & im:19 & pr:35 & pr:9 & th:12 & va:2,0.0
1150,12,6,de:23 & im:38 & pr:6 & pr:9 & th:12 & va:2,0.125
1153,12,6,de:15 & im:4 & pr:6 & pr:9 & th:1 & va:10,0.5
1156,12,6,de:15 & im:4 & pr:27 & pr:6 & th:0,0.6
1166,12,6,de:15 & de:37 & im:4 & pr:19 & pr:31 & pr:6 & pr:7 & th:11 & th:6 & va:10,0.3
1171,12,6,de:20 & im:19 & pr:19 & pr:27 & th:12,0.0
1173,12,6,de:15 & im:4 & pr:13 & pr:31 & th:2 & va:10,0.2857
1174,12,6,de:15 & im:4 & pr:13 & pr:6 & th:11 & va:9,0.5
1179,12,6,de:15 & im:4 & pr:31 & pr:33 & th:12 & va:10,0.2857
1186,12,6,de:15 & pr:33 & pr:6 & th:11 & va:32,0.3333
1189,12,6,de:15 & im:4 & pr:31 & pr:33 & th:9 & va:31,0.2857
1192,12,6,de:7 & im:7 & pr:27 & pr:33 & th:12 & va:28,0.0
1195,12,6,de:16 & im:4 & pr:31 & pr:33 & th:2 & va:10,0.125
1196,12,6,de:16 & im:4 & pr:33 & pr:4 & th:12 & va:12,0.125
1197,12,6,de:9 & im:19 & pr:33 & pr:4 & th:12 & va:30,0.0
1198,12,6,de:9 & im:35 & pr:33 & pr:6 & th:12 & va:2,0.125
1199,12,6,de:15 & im:4 & pr:33 & pr:7 & th:2 & va:2,0.2857
1208,12,6,de:15 & im:7 & pr:33 & pr:6 & th:12 & va:10,0.2857
1210,12,6,de:17 & im:7 & pr:11 & pr:27 & pr:33 & th:12 & va:9,0.0
1214,12,6,de:15 & im:4 & pr:13 & pr:31 & th:4 & va:12,0.2857
1215,12,6,de:15 & im:19 & pr:31 & pr:6 & th:12 & va:10,0.2857
1216,12,6,de:15 & pr:31 & pr:6 & th:11 & va:32,0.3333
1217,12,6,de:15 & im:4 & pr:12 & pr:31 & th:2 & va:9,0.2857
1219,12,6,de:17 & im:4 & pr:31 & pr:6 & th:12 & va:9,0.2857
1220,12,6,de:23 & im:38 & pr:31 & pr:6 & th:12 & va:2,0.125
1223,12,6,de:17 & im:20 & pr:12 & pr:31 & th:12 & th:2 & va:3,0.0
1225,12,6,de:15 & im:7 & pr:31 & pr:6 & th:12 & va:10,0.2857
1226,12,6,de:15 & im:4 & pr:19 & pr:23 & pr:6 & th:11 & th:37 & va:10,0.375
1232,12,6,de:15 & im:4 & pr:19 & pr:31 & th:2 & va:10,0.2857
1233,12,6,de:9 & im:35 & pr:19 & pr:6 & th:12 & va:2,0.125
1234,12,6,de:15 & im:4 & pr:19 & pr:31 & th:11 & va:9,0.2857
1237,12,6,de:15 & im:4 & pr:12 & pr:19 & th:2 & va:32,0.2857
1238,12,6,de:7 & im:7 & pr:11 & pr:14 & pr:19 & pr:6 & th:12 & va:18,0.1
1240,12,6,de:15 & de:16 & im:4 & pr:12 & pr:4 & pr:6 & th:11 & th:2 & va:9,0.3333
1245,12,6,de:15 & im:7 & pr:12 & pr:6 & th:12 & va:10,0.2857
1247,12,6,pr:11 & pr:12 & th:12 & va:9,0.0
1250,12,6,de:20 & im:20 & pr:12 & pr:9 & th:12 & va:9,0.0
1251,12,6,de:17 & im:4 & pr:12 & pr:6 & th:12 & va:9,0.2857
1254,12,6,de:15 & de:20 & de:9 & im:4 & pr:27 & pr:3 & pr:6 & th:1 & th:11 & va:32,0.3
1255,12,6,de:15 & de:20 & de:9 & im:4 & pr:27 & pr:3 & pr:31 & th:1 & th:9 & va:10,0.1818
1256,12,6,de:15 & de:20 & de:9 & im:4 & pr:27 & pr:3 & pr:31 & th:1 & th:11 & va:9,0.1818
1258,12,6,de:15 & im:4 & pr:12 & pr:31 & th:9 & va:32,0.2857
1259,12,6,de:7 & im:4 & pr:19 & pr:6 & th:12 & va:10,0.2857
1260,12,6,de:28 & im:7 & pr:19 & pr:6 & th:9 & va:32,0.125
1263,12,6,de:16 & im:4 & pr:12 & pr:18 & th:2 & va:10,0.125
1264,12,6,de:16 & im:4 & pr:12 & pr:27 & pr:31 & pr:7 & th:12,0.1111
1265,12,6,de:15 & im:4 & pr:12 & pr:7 & th:2 & th:37 & va:10,0.25
1266,12,6,de:7 & im:4 & pr:6 & pr:7 & th:12 & th:37 & va:10,0.25
1271,12,6,de:15 & im:4 & pr:16 & pr:27 & pr:6 & th:12 & th:2 & va:10,0.375
1273,12,6,de:20 & im:19 & pr:12 & th:2 & va:9,0.0
1275,12,6,de:15 & im:4 & pr:11 & pr:12 & pr:31 & th:2 & va:10,0.25
1276,12,6,de:15 & im:4 & pr:11 & pr:12 & pr:27 & pr:31 & th:11 & th:2 & va:9,0.2
1277,12,6,de:9 & im:4 & pr:11 & pr:12 & pr:6 & th:12 & th:2 & va:9,0.2222
1279,12,6,de:20 & im:7 & pr:11 & pr:6 & th:12 & va:0,0.125
1284,12,6,de:9 & im:4 & pr:4 & pr:6 & th:12 & va:9,0.2857
1286,12,6,de:15 & im:4 & pr:27 & pr:4 & pr:6 & th:12 & th:2 & va:10,0.375
1288,12,6,de:7 & im:4 & pr:12 & th:2 & va:10,0.1429
1290,12,6,de:15 & de:22 & im:31 & im:4 & pr:13 & pr:6 & th:11 & th:32 & th:4 & va:10 & va:7,0.2727
1291,12,6,de:20 & im:19 & pr:11 & va:9,0.0
1292,12,6,de:15 & im:4 & pr:21 & pr:6 & pr:9 & th:11 & th:14 & th:31 & va:9,0.3333
1294,12,6,de:17 & im:4 & pr:11 & pr:6 & th:12 & va:9,0.2857
1298,12,6,de:23 & im:38 & pr:11 & pr:6 & th:12 & va:2,0.125
1303,12,6,de:15 & im:4 & pr:12 & pr:27 & pr:6 & th:12 & th:2 & va:10,0.375
1311,12,6,de:9 & im:4 & pr:11 & pr:6 & th:12 & va:9,0.2857
1312,12,6,pr:11 & pr:14 & pr:6,0.2
1313,12,6,de:15 & im:4 & pr:11 & pr:14 & pr:31 & pr:6 & th:2 & va:10,0.375
1320,12,6,de:15 & de:28 & im:4 & pr:12 & pr:4 & pr:6 & th:11 & va:9,0.375
1321,12,6,de:15 & de:28 & im:4 & pr:12 & pr:24 & pr:6 & th:11 & va:9,0.375
1322,12,6,de:20 & im:19 & pr:5 & th:12 & va:9,0.0
1323,12,6,de:15 & im:4 & pr:32 & pr:6 & th:11 & va:9,0.5
1327,12,6,de:15 & de:20 & im:4 & pr:27 & pr:6 & th:11 & th:12 & va:9,0.375
1328,12,6,de:15 & im:4 & pr:25 & pr:6 & th:11 & va:9,0.5
1329,12,6,pr:11 & th:12,0.0
1332,12,6,de:20 & de:28 & im:19 & pr:12 & pr:24 & pr:27 & va:30,0.0
1333,12,6,de:15 & de:20 & im:4 & pr:11 & pr:12 & pr:4 & pr:5 & th:12 & th:2 & va:10,0.1818
1334,12,6,de:20 & de:7 & im:4 & pr:11 & pr:4 & pr:5 & pr:6 & th:12 & th:2 & va:10,0.1818
1335,12,6,de:15 & de:32 & im:0 & im:4 & pr:19 & pr:6 & th:11 & th:7 & va:9,0.3333
1336,12,6,de:15 & im:4 & pr:6 & pr:7 & pr:8 & th:11 & th:37 & va:9,0.375
1337,12,6,de:15 & de:24 & im:13 & im:4 & pr:13 & pr:33 & pr:6 & th:11 & th:4 & va:15 & va:9,0.2727
1338,12,6,de:15 & de:22 & im:4 & pr:15 & pr:31 & pr:6 & th:10 & th:11 & th:2 & va:9,0.3
1340,12,6,de:11 & de:13 & de:15 & im:1 & im:4 & pr:12 & pr:6 & pr:7 & th:11 & th:14 & th:37 & va:9,0.25
1342,12,6,de:15 & de:20 & im:19 & im:4 & pr:11 & pr:6 & th:11 & th:2 & va:32,0.3333
1343,12,6,de:15 & de:20 & im:19 & im:4 & pr:11 & pr:12 & th:2 & va:10,0.2222
1344,12,6,de:20 & de:7 & im:19 & im:4 & pr:11 & pr:6 & th:12 & th:2 & va:10,0.2
1349,12,6,de:15 & im:4 & pr:12 & pr:6 & pr:7 & pr:9 & th:11 & va:10,0.375
1353,12,6,de:9 & im:4 & pr:27 & pr:6 & th:12 & va:9,0.2857
1358,12,5,de:15 & im:4 & pr:23 & pr:31,0.4
1360,12,5,de:15 & im:4 & pr:13 & pr:23 & th:4 & va:12,0.2857
1363,12,5,de:17 & im:4 & pr:23 & pr:6 & th:12 & va:9,0.2857
1369,12,5,de:20 & de:28 & im:19 & pr:12 & pr:23 & pr:24 & va:30,0.0
1373,12,5,de:15 & im:7 & pr:23 & pr:6 & th:12 & va:10,0.2857
1375,12,5,de:7 & im:7 & pr:11 & pr:14 & pr:23 & pr:6 & th:12 & va:18,0.1
1381,12,5,de:15 & im:4 & pr:19 & pr:6 & pr:7 & th:11 & va:9,0.4286
1383,12,5,de:15 & im:4 & pr:19 & pr:6 & th:0,0.6
1385,12,5,de:7 & im:7 & pr:23 & pr:27 & th:12 & va:28,0.0
1386,12,5,de:20 & im:4 & pr:11 & pr:23 & th:12,0.1429
1387,12,5,de:15 & im:4 & pr:14 & pr:6 & th:11 & va:10,0.5
1388,12,5,de:15 & im:4 & pr:27 & pr:31 & pr:6 & th:11 & th:12 & th:2 & th:9 & va:10,0.3
1389,12,5,de:20 & im:7 & pr:23 & pr:6 & th:12 & va:0,0.125
1394,12,5,pr:18 & pr:6,0.25
1397,12,5,im:35 & pr:22 & th:12 & va:2,0.0
1399,12,5,pr:11 & pr:9 & th:12 & va:9,0.0
1401,12,5,de:15 & pr:6 & pr:9 & th:1,0.4
1402,12,5,de:15 & im:4 & pr:31 & pr:9,0.4
1407,12,5,de:16 & im:4 & pr:18 & pr:9 & th:2 & va:10,0.125
1411,12,5,de:4 & im:7 & pr:6 & pr:9 & th:12 & va:30,0.125
1412,12,5,de:15 & im:4 & pr:7 & pr:9 & th:2 & va:2,0.2857
1415,12,5,de:15 & im:7 & pr:6 & pr:9 & th:12 & va:10,0.2857
1417,12,5,de:28 & im:7 & pr:12 & pr:9 & th:12 & va:17 & va:28,0.0
1418,12,5,de:20 & im:7 & pr:11 & pr:27 & th:1,0.0
1422,12,5,de:15 & im:4 & pr:27 & pr:31 & th:9 & va:31,0.2857
1437,12,5,de:15 & im:4 & pr:12 & pr:37 & pr:6 & th:11 & va:9,0.4286
1438,12,5,de:15 & im:4 & pr:12 & pr:14 & pr:37 & pr:6 & th:11 & th:30 & va:9,0.3333
1439,12,5,de:15 & im:4 & pr:12 & pr:20 & pr:37 & pr:6 & th:11 & th:30 & th:6 & va:9,0.3
1442,12,5,de:15 & im:4 & pr:16 & pr:6 & th:11 & va:32,0.5
1449,12,5,de:20 & im:7 & pr:11 & pr:33 & th:1,0.0
1450,12,5,de:16 & im:10 & pr:27 & pr:33 & th:12,0.0
1463,12,5,de:20 & im:20 & pr:33 & pr:9 & th:12 & va:9,0.0
1464,12,5,de:20 & im:19 & pr:11 & pr:33 & th:1 & va:9,0.0
1466,12,5,de:16 & im:19 & pr:27 & pr:33 & th:12 & va:9,0.0
1468,12,5,de:9 & im:4 & pr:33 & pr:6 & th:12 & va:10,0.2857
1469,12,5,de:9 & im:19 & pr:33 & pr:6 & th:12 & va:10,0.125
1470,12,5,de:17 & im:20 & pr:12 & pr:33 & th:12 & th:2 & va:3,0.0
1471,12,5,de:16 & im:4 & pr:27 & pr:31 & pr:33 & pr:7 & th:12,0.1111
1490,12,5,de:20 & im:20 & pr:31 & pr:9 & th:12 & va:9,0.0
1497,12,5,de:16 & im:4 & pr:18 & pr:19 & th:2 & va:10,0.125
1498,12,5,de:16 & im:4 & pr:19 & pr:7 & th:37 & va:2,0.125
1501,12,5,de:16 & im:10 & pr:19 & pr:6 & th:12 & va:3,0.125
1502,12,5,de:15 & im:7 & pr:19 & pr:6 & th:11 & va:9,0.2857
1503,12,5,de:16 & im:4 & pr:19 & pr:4 & th:12 & va:12,0.125
1504,12,5,de:20 & im:19 & pr:11 & pr:19 & th:1 & va:9,0.0
1506,12,5,de:20 & im:20 & pr:19 & pr:9 & th:12 & va:9,0.0
1507,12,5,de:16 & im:19 & pr:19 & pr:27 & th:12 & va:9,0.0
1508,12,5,de:16 & de:20 & pr:11 & pr:12 & pr:19 & th:12 & th:2 & va:30,0.0
1509,12,5,de:28 & im:7 & pr:12 & pr:19 & th:12 & va:17 & va:28,0.0
1510,12,5,de:15 & de:20 & im:19 & im:4 & pr:11 & pr:19 & pr:6 & th:11 & th:2 & va:10,0.3
1513,12,5,de:15 & im:4 & pr:6 & pr:7 & pr:9 & th:11 & th:14 & va:9,0.375
1514,12,5,de:15 & im:4 & pr:6 & pr:9 & th:11 & th:14 & va:32,0.4286
1518,12,5,de:15 & im:4 & pr:11 & pr:12 & th:11 & va:10,0.2857
1519,12,5,de:17 & im:20 & pr:12 & pr:4 & th:12 & va:9,0.0
1520,12,5,de:17 & im:19 & pr:12 & pr:4 & th:12 & va:9,0.0
1521,12,5,de:28 & im:7 & pr:12 & pr:26 & th:5 & va:17,0.0
1526,12,5,de:16 & im:4 & pr:12 & pr:6 & th:19 & va:32,0.2857
1527,12,5,de:20 & im:7 & pr:12 & pr:32 & th:12,0.0
1529,12,5,de:15 & im:4 & pr:22 & th:12 & va:30,0.3333
1530,12,5,de:15 & im:4 & pr:11 & th:11 & va:30,0.3333
1535,12,5,de:15 & im:4 & pr:19 & pr:5 & pr:6 & th:1 & th:11 & va:10,0.375
1543,12,5,de:15 & im:4 & pr:11 & pr:13 & th:4 & va:12,0.2857
1544,12,5,pr:11 & pr:23,0.0
1545,12,5,de:15 & im:4 & pr:6 & th:12 & va:32,0.6
1547,12,5,de:15 & de:28 & im:4 & im:7 & pr:4 & pr:6 & th:9 & va:32,0.375
1552,12,5,im:4 & pr:12 & pr:31 & th:9 & va:10,0.1429
1553,12,5,de:15 & de:17 & im:4 & pr:4 & pr:6 & th:11 & th:12 & th:4 & va:9,0.3333
1554,12,5,de:4 & im:10 & pr:11 & th:30 & va:15,0.0
1555,12,5,de:7 & im:7 & pr:4 & th:12 & va:12,0.0
1556,12,5,de:15 & im:4 & pr:11 & pr:31,0.4
1558,12,5,de:15 & im:4 & pr:11 & pr:31 & th:12 & va:10,0.2857
1559,12,5,de:15 & im:19 & pr:11 & pr:6 & th:12 & va:10,0.2857
1560,12,5,de:15 & im:4 & pr:11 & pr:7 & th:2 & va:2,0.2857
1565,12,5,de:15 & pr:11 & pr:6,0.5
1566,12,5,de:15 & im:4 & pr:11 & pr:6 & th:11 & va:15,0.5
1567,12,5,de:16 & im:10 & pr:11 & pr:6 & th:12 & va:3,0.125
1568,12,5,de:15 & im:4 & pr:11 & pr:31 & th:2 & va:32,0.2857
1569,12,5,de:16 & im:4 & pr:11 & pr:31 & th:2 & va:10,0.125
1571,12,5,de:16 & im:10 & pr:11 & pr:27 & th:12,0.0
1574,12,5,de:15 & de:37 & im:1 & im:4 & pr:19 & pr:32 & pr:6 & th:11 & th:6 & va:10,0.3
1575,12,5,de:15 & im:4 & pr:4 & pr:6 & th:11,0.6
1578,12,5,de:15 & im:4 & pr:13 & pr:27 & th:4 & va:12,0.2857
1579,12,5,de:20 & im:19 & pr:11 & pr:27 & th:1 & va:9,0.0
1586,12,5,de:15 & im:4 & pr:27 & pr:31 & th:12 & va:10,0.2857
1587,12,5,de:20 & im:20 & pr:11 & pr:15 & th:1 & va:30,0.0
1588,12,5,de:15 & de:20 & im:4 & pr:27 & pr:6 & th:11 & th:12 & va:32,0.375
1590,12,5,de:16 & im:4 & pr:27 & pr:7 & th:37 & va:2,0.125
1593,12,5,de:15 & de:20 & im:20 & im:4 & pr:12 & pr:24 & pr:6 & th:1 & th:11 & th:2 & va:9,0.2727
1594,12,5,de:16 & im:19 & pr:11 & th:12 & va:9,0.0
1597,12,5,de:15 & de:20 & de:28 & im:4 & pr:27 & pr:6 & th:1 & th:11 & th:12 & va:9,0.3
1599,12,5,de:15 & im:4 & pr:27 & pr:31 & th:2 & va:32,0.2857
1600,12,5,de:15 & de:20 & im:19 & im:4 & pr:11 & pr:12 & pr:6 & th:11 & th:2 & va:9,0.3
454,13,18,pr:37 & va:37,0.5
1269,13,6,de:37 & im:3 & pr:37 & va:35,0.25
1398,13,5,pr:37,1.0
1495,13,5,pr:19 & pr:37 & va:37,0.3333
1551,13,5,de:37 & im:9 & pr:37 & th:35 & va:38,0.2
5,14,855,de:13 & im:1 & pr:7 & th:37 & va:17,0.1667
18,14,379,de:37 & im:1 & pr:12 & th:6 & va:39,0.4
19,14,377,de:37 & im:1 & pr:12 & th:6 & va:1,0.4
20,14,360,de:16 & im:1 & pr:12 & th:31 & va:39,0.1667
31,14,288,de:37 & im:1 & pr:12 & pr:7 & th:6 & va:1,0.3333
33,14,274,de:37 & im:1 & pr:12 & pr:20 & th:6 & va:1,0.3333
35,14,271,de:37 & im:1 & pr:9 & th:6 & va:17,0.4
41,14,251,de:37 & im:1 & pr:19 & th:6 & va:1,0.4
44,14,239,de:13 & im:1 & pr:7 & th:37 & va:39,0.1667
48,14,229,de:37 & im:1 & pr:12 & th:6 & va:37,0.4
55,14,214,de:37 & im:1 & pr:19 & th:6 & va:39,0.4
56,14,213,de:11 & im:1 & pr:10 & pr:31 & th:27 & va:22,0.1429
60,14,201,de:16 & im:31 & pr:12 & th:4,0.0
64,14,193,de:16 & pr:12 & th:2 & va:2,0.0
66,14,189,de:37 & im:1 & pr:12 & th:6 & va:15,0.4
67,14,185,de:11 & pr:9 & th:14 & th:2 & va:2,0.0
69,14,180,de:37 & im:1 & pr:25 & th:37 & va:39,0.4
71,14,178,de:37 & im:28 & pr:7 & th:2 & va:1,0.1667
80,14,165,de:37 & im:3 & pr:19 & th:6 & va:1,0.1667
86,14,157,de:37 & im:1 & pr:12 & pr:18 & th:6 & va:17,0.3333
87,14,157,de:37 & im:0 & pr:19 & pr:7 & th:6 & va:1,0.1429
88,14,157,de:16 & im:1 & pr:31 & th:2 & va:17,0.1667
90,14,153,de:37 & im:1 & pr:12 & th:6 & va:17,0.4
91,14,150,pr:12 & th:2,0.0
98,14,146,de:37 & im:28 & pr:7 & th:6 & va:1,0.1667
110,14,126,de:13 & im:1 & pr:17 & th:0,0.2
122,14,114,de:37 & im:1 & pr:19 & th:6 & va:17,0.4
125,14,110,de:5 & im:28 & pr:7 & th:6 & va:1,0.0
137,14,95,de:13 & im:1 & pr:6 & pr:7 & th:37 & va:17,0.1429
146,14,89,pr:12,0.0
148,14,85,de:13 & im:1 & th:0 & va:15,0.2
149,14,85,de:37 & im:1 & pr:7 & th:6 & va:17,0.4
152,14,83,de:16 & pr:19 & th:31,0.0
155,14,81,de:37 & im:1 & pr:7 & th:37 & va:1,0.4
156,14,80,de:37 & im:1 & pr:7 & th:37 & va:39,0.4
158,14,78,de:16 & im:19 & pr:31 & va:17,0.0
160,14,78,de:37 & im:1 & pr:18 & th:6 & va:17,0.4
165,14,74,de:5 & im:1 & pr:12 & th:6 & va:1,0.1667
169,14,71,de:13 & im:1 & pr:33 & th:6 & va:17,0.1667
170,14,70,de:37 & im:1 & pr:12 & pr:6 & th:6 & va:39,0.3333
173,14,69,de:16 & im:1 & pr:9 & th:14 & va:37,0.1667
177,14,66,de:37 & im:1 & pr:12 & pr:6 & th:6 & va:1,0.3333
178,14,64,de:16 & im:1 & pr:12 & pr:6 & th:31 & va:39,0.1429
183,14,63,de:37 & im:1 & pr:13 & pr:9 & th:6 & va:17,0.3333
184,14,62,de:37 & im:1 & pr:19 & pr:6 & th:6 & va:1,0.3333
200,14,55,de:16 & im:35 & pr:12 & th:2 & va:2,0.0
203,14,53,de:37 & im:28 & pr:20 & th:38,0.2
204,14,52,de:37 & im:1 & pr:19 & pr:6 & th:6 & va:39,0.3333
206,14,52,de:13 & im:1 & pr:19 & th:0 & va:15,0.1667
207,14,52,de:15 & de:3 & de:37 & im:1 & im:16 & im:4 & pr:12 & pr:30 & pr:6 & th:11 & th:36 & th:6 & va:10 & va:15,0.1429
209,14,50,de:11 & im:1 & pr:18 & th:2 & va:37,0.1667
217,14,45,de:11 & im:1 & im:26 & pr:12 & va:17,0.1667
225,14,42,de:13 & im:1 & pr:11 & pr:7 & th:37 & va:17,0.1429
232,14,39,de:16 & im:31 & pr:12 & pr:6 & th:4,0.0
237,14,38,de:11 & im:22 & pr:18 & pr:31 & th:2 & va:17,0.0
240,14,36,de:37 & im:28 & pr:6 & pr:7 & th:2 & va:1,0.1429
244,14,36,de:16 & im:1 & pr:21 & th:31 & va:39,0.1667
245,14,36,de:11 & im:22 & pr:31 & th:2 & va:17,0.0
249,14,35,de:16 & pr:12 & pr:6 & th:2 & va:2,0.0
250,14,35,de:37 & im:1 & pr:12 & pr:6 & th:6 & va:15,0.3333
253,14,35,de:11 & im:1 & pr:10 & pr:31 & pr:6 & th:27 & va:22,0.125
254,14,35,de:37 & im:1 & pr:12 & pr:6 & pr:7 & th:6 & va:1,0.2857
263,14,34,de:16 & pr:12,0.0
269,14,33,de:37 & im:28 & pr:6 & pr:7 & th:6 & va:1,0.1429
270,14,33,de:37 & im:1 & pr:12 & pr:6 & th:6 & va:37,0.3333
284,14,32,de:16 & im:1 & pr:12 & pr:39 & th:31 & va:39,0.1429
305,14,29,de:13 & im:1 & pr:6 & pr:7 & th:37 & va:39,0.1429
308,14,29,de:37 & im:1 & pr:12 & pr:6 & th:6 & va:17,0.3333
309,14,29,de:11 & pr:6 & pr:9 & th:14 & th:2 & va:2,0.0
317,14,28,pr:12 & pr:6 & th:2,0.0
318,14,28,de:37 & im:1 & pr:25 & pr:6 & th:37 & va:39,0.3333
323,14,27,de:37 & im:3 & pr:19 & pr:6 & th:6 & va:1,0.1429
325,14,27,de:37 & im:0 & pr:19 & pr:6 & pr:7 & th:6 & va:1,0.125
327,14,27,de:16 & im:38 & pr:12 & th:12 & va:2,0.0
330,14,27,de:13 & im:1 & pr:27 & pr:7 & th:37 & va:17,0.1429
336,14,26,de:37 & im:0 & pr:7 & th:6 & va:1,0.1667
339,14,26,de:37 & im:1 & pr:12 & pr:13 & th:6 & va:39,0.3333
341,14,25,de:13 & im:1 & pr:6 & th:0 & va:15,0.1667
352,14,24,pr:12 & pr:6,0.0
370,14,23,im:1 & pr:7 & th:6 & va:39,0.2
373,14,22,de:16 & im:19 & pr:31 & pr:6 & va:17,0.0
374,14,22,de:13 & im:1 & pr:17 & pr:6 & th:0,0.1667
375,14,22,de:16 & im:1 & pr:31 & pr:6 & th:2 & va:17,0.1429
382,14,22,de:13 & im:1 & pr:33 & pr:7 & th:37 & va:17,0.1429
384,14,22,de:13 & im:1 & pr:31 & pr:7 & th:37 & va:17,0.1429
386,14,22,im:28 & pr:12 & va:3,0.0
390,14,21,de:37 & im:28 & pr:20 & pr:6 & th:38,0.1667
393,14,21,de:13 & im:1 & pr:33 & pr:6 & th:6 & va:17,0.1429
396,14,21,de:16 & im:1 & pr:12 & pr:19 & th:31 & va:39,0.1429
398,14,21,de:37 & im:28 & pr:19 & th:29 & va:1,0.1667
404,14,20,de:16 & pr:12 & pr:6,0.0
406,14,20,de:13 & im:1 & pr:19 & pr:6 & th:0 & va:15,0.1429
411,14,20,de:37 & im:1 & pr:19 & th:37 & va:39,0.4
415,14,20,de:1 & im:8 & pr:16 & pr:20 & th:6 & va:35,0.0
416,14,20,de:37 & im:1 & pr:20 & th:6 & va:1,0.4
434,14,18,de:37 & im:1 & pr:19 & pr:6 & th:6 & va:17,0.3333
442,14,18,de:16 & im:1 & pr:18 & th:0 & va:17,0.1667
443,14,18,de:16 & im:1 & pr:18 & th:0 & va:15,0.1667
445,14,18,de:37 & im:1 & pr:12 & pr:31 & th:6 & va:39,0.3333
448,14,18,de:37 & im:1 & pr:18 & pr:3 & th:6 & va:17,0.3333
449,14,18,de:37 & im:1 & pr:18 & pr:19 & th:6 & va:17,0.3333
464,14,17,de:37 & im:1 & pr:12 & pr:19 & th:6 & va:39,0.3333
465,14,17,de:16 & pr:12 & th:31,0.0
471,14,17,de:37 & im:1 & pr:12 & pr:4 & th:6 & va:1,0.3333
480,14,16,de:13 & im:1 & pr:23 & pr:7 & th:37 & va:17,0.1429
483,14,16,de:16 & pr:19 & pr:6 & th:31,0.0
496,14,16,de:37 & im:1 & pr:12 & pr:39 & th:6 & va:1,0.3333
513,14,16,de:37 & im:1 & pr:12 & pr:31 & th:6 & va:1,0.3333
529,14,15,de:16 & im:35 & pr:12 & pr:6 & th:2 & va:2,0.0
537,14,15,de:11 & im:1 & pr:7 & th:25 & va:12,0.1667
539,14,15,de:8 & im:1 & pr:10 & th:6 & va:10,0.1667
545,14,15,de:16 & im:1 & pr:21 & pr:9 & th:14 & va:37,0.1429
555,14,14,de:3 & im:1 & im:16 & pr:30 & th:36 & va:1 & va:15,0.125
556,14,14,de:15 & de:3 & de:37 & im:1 & im:16 & im:4 & pr:12 & pr:30 & pr:6 & th:11 & th:36 & th:6 & va:15 & va:9,0.1429
557,14,14,de:15 & de:3 & de:37 & im:1 & im:16 & im:4 & pr:12 & pr:30 & pr:6 & th:11 & th:36 & th:6 & va:15 & va:32,0.1429
559,14,14,de:16 & pr:9 & th:31,0.0
584,14,14,de:37 & im:1 & pr:12 & pr:7 & pr:9 & th:6 & va:1,0.2857
602,14,13,de:37 & im:1 & pr:19 & pr:7 & th:6 & va:1,0.3333
603,14,13,de:37 & im:1 & pr:12 & pr:13 & pr:20 & th:6 & va:1,0.2857
604,14,13,de:13 & im:1 & pr:13 & pr:17 & th:0,0.1667
606,14,13,de:37 & im:1 & pr:12 & pr:13 & th:6 & va:1,0.3333
607,14,13,de:37 & im:28 & pr:18 & th:6 & va:1,0.1667
611,14,13,de:13 & im:1 & pr:4 & pr:7 & th:37 & va:17,0.1429
614,14,12,de:37 & im:1 & pr:12 & pr:20 & pr:6 & th:6 & va:1,0.2857
619,14,12,de:37 & im:1 & pr:12 & pr:19 & pr:7 & th:6 & va:1,0.2857
623,14,12,de:37 & im:1 & pr:12 & pr:18 & pr:6 & th:6 & va:17,0.2857
624,14,12,de:16 & im:1 & pr:9 & th:31 & va:39,0.1667
634,14,12,de:16 & im:1 & pr:12 & pr:27 & th:31 & va:39,0.1429
642,14,12,de:37 & im:0 & pr:16 & pr:19 & pr:7 & th:6 & va:1,0.125
647,14,12,de:16 & im:1 & pr:12 & pr:33 & th:31 & va:39,0.1429
648,14,12,de:37 & im:1 & pr:12 & pr:33 & th:6 & va:39,0.3333
651,14,12,de:16 & im:1 & pr:12 & pr:31 & th:31 & va:39,0.1429
654,14,12,de:37 & im:1 & pr:12 & pr:31 & pr:7 & th:6 & va:1,0.2857
657,14,12,de:37 & im:1 & pr:12 & pr:13 & th:6 & va:15,0.3333
659,14,12,de:37 & im:1 & pr:18 & pr:23 & pr:39 & th:6 & va:17 & va:38,0.25
666,14,12,de:37 & im:1 & pr:12 & pr:4 & th:6 & va:39,0.3333
668,14,12,de:16 & im:1 & pr:11 & pr:12 & th:31 & va:39,0.1429
670,14,12,de:13 & im:1 & pr:11 & pr:14 & pr:6 & pr:7 & th:37 & va:17,0.1111
674,14,11,de:37 & im:1 & pr:6 & pr:7 & th:6 & va:17,0.3333
675,14,11,de:5 & im:1 & pr:12 & pr:6 & th:6 & va:1,0.1429
676,14,11,de:37 & im:1 & pr:12 & pr:23 & th:6 & va:1,0.3333
679,14,11,de:13 & im:1 & pr:19 & pr:7 & th:37 & va:17,0.1429
685,14,11,de:37 & im:1 & pr:19 & pr:38 & th:6 & va:39,0.3333
690,14,11,de:13 & im:1 & pr:13 & pr:7 & th:37 & va:17,0.1429
692,14,11,de:37 & im:1 & pr:12 & pr:33 & th:6 & va:1,0.3333
693,14,11,de:37 & im:1 & pr:12 & pr:33 & th:6 & va:37,0.3333
694,14,11,de:5 & im:1 & pr:7 & th:37 & va:39,0.1667
704,14,11,de:13 & im:1 & pr:11 & pr:7 & th:37 & va:39,0.1429
707,14,10,de:37 & im:1 & pr:12 & pr:23 & th:6 & va:39,0.3333
714,14,10,de:3 & im:1 & im:16 & pr:30 & th:36 & va:15 & va:17,0.125
715,14,10,de:37 & im:1 & pr:19 & th:37 & va:17,0.4
725,14,10,de:13 & im:1 & pr:7 & pr:9 & th:37 & va:17,0.1429
729,14,10,de:37 & im:1 & pr:12 & pr:9 & th:6 & va:39,0.3333
741,14,10,pr:12 & pr:19,0.0
747,14,10,de:37 & im:1 & pr:12 & pr:31 & th:6 & va:37,0.3333
752,14,10,de:8 & im:1 & pr:1 & pr:3 & th:33 & va:39,0.1429
756,14,10,de:11 & im:1 & pr:19 & pr:7 & th:25 & va:12,0.1429
769,14,10,de:37 & im:1 & pr:11 & pr:12 & th:6 & va:39,0.3333
775,14,10,de:37 & im:1 & pr:12 & th:2 & va:1,0.4
788,14,9,de:37 & im:28 & pr:19 & pr:7 & th:2 & va:1,0.1429
797,14,9,de:11 & im:1 & pr:19 & th:37 & va:20,0.1667
801,14,9,de:11 & im:1 & pr:18 & pr:6 & th:2 & va:37,0.1429
804,14,9,de:37 & im:1 & pr:19 & pr:33 & th:6 & va:1,0.3333
805,14,9,de:37 & im:1 & pr:19 & pr:33 & th:6 & va:39,0.3333
806,14,9,de:37 & im:1 & pr:12 & pr:31 & th:6 & va:15,0.3333
814,14,9,de:37 & im:1 & pr:12 & pr:19 & th:6 & va:17,0.3333
816,14,9,de:13 & im:1 & pr:12 & pr:17 & th:0,0.1667
825,14,9,de:37 & im:1 & pr:12 & pr:20 & pr:27 & th:6 & va:1,0.2857
826,14,9,de:11 & im:1 & pr:10 & pr:27 & pr:31 & th:27 & va:22,0.125
828,14,9,de:13 & im:1 & pr:27 & pr:7 & th:37 & va:39,0.1429
845,14,8,de:11 & im:1 & pr:10 & pr:19 & pr:31 & th:27 & va:22,0.125
847,14,8,de:37 & im:1 & pr:19 & th:6 & va:37,0.4
848,14,8,de:37 & im:28 & pr:19 & pr:20 & th:38,0.1667
857,14,8,de:37 & im:1 & pr:38 & th:6 & va:39,0.4
868,14,8,de:37 & im:1 & pr:12 & pr:9 & th:6 & va:1,0.3333
875,14,8,de:37 & im:1 & pr:19 & pr:20 & th:6 & va:1,0.3333
879,14,8,de:11 & pr:19 & pr:9 & th:14 & th:2 & va:2,0.0
888,14,8,de:37 & im:1 & pr:25 & pr:31 & th:37 & va:39,0.3333
891,14,8,de:11 & im:1 & im:26 & pr:12 & pr:31 & va:17,0.1429
892,14,8,de:37 & im:1 & pr:12 & pr:31 & th:6 & va:17,0.3333
898,14,8,de:13 & im:1 & pr:12 & pr:7 & th:37 & va:39,0.1429
919,14,8,de:11 & pr:27 & pr:9 & th:14 & th:2 & va:2,0.0
920,14,8,de:37 & im:1 & pr:23 & th:37 & va:17,0.4
923,14,8,de:37 & im:1 & pr:11 & pr:12 & th:6 & va:1,0.3333
924,14,8,de:37 & im:1 & pr:11 & pr:12 & th:6 & va:37,0.3333
931,14,8,de:13 & im:1 & pr:12 & pr:7 & th:37 & va:17,0.1429
932,14,8,de:37 & im:1 & pr:12 & pr:27 & th:6 & va:1,0.3333
933,14,8,de:37 & im:1 & pr:12 & pr:27 & th:6 & va:39,0.3333
945,14,7,de:37 & im:1 & pr:12 & pr:23 & th:6 & va:37,0.3333
950,14,7,de:37 & im:1 & pr:7 & pr:9 & th:6 & va:17,0.3333
956,14,7,de:13 & im:1 & pr:19 & pr:7 & th:37 & va:39,0.1429
958,14,7,de:37 & im:1 & pr:37 & th:6 & va:1,0.4
959,14,7,de:37 & im:1 & pr:19 & pr:9 & th:6 & va:17,0.3333
963,14,7,de:13 & im:1 & pr:18 & th:0 & va:15,0.1667
970,14,7,de:16 & pr:12 & pr:9 & th:2 & va:2,0.0
971,14,7,de:16 & im:35 & pr:12 & pr:9 & th:2 & va:2,0.0
976,14,7,de:37 & im:28 & pr:27 & pr:7 & th:2 & va:1,0.1429
978,14,7,de:37 & im:28 & pr:27 & pr:7 & th:6 & va:1,0.1429
992,14,7,de:16 & im:31 & pr:12 & pr:33 & th:4,0.0
998,14,7,de:37 & im:28 & pr:33 & pr:7 & th:6 & va:1,0.1429
1002,14,7,de:16 & im:1 & pr:31 & pr:33 & th:2 & va:17,0.1429
1006,14,7,de:13 & im:1 & pr:33 & pr:7 & th:37 & va:39,0.1429
1013,14,7,de:37 & im:1 & pr:25 & pr:33 & th:37 & va:39,0.3333
1018,14,7,de:11 & pr:33 & pr:9 & th:14 & th:2 & va:2,0.0
1021,14,7,de:11 & im:1 & pr:10 & pr:31 & pr:33 & th:27 & va:22,0.125
1023,14,7,de:37 & im:1 & pr:12 & pr:33 & pr:7 & th:6 & va:1,0.2857
1030,14,7,de:16 & pr:12 & pr:31 & th:2 & va:2,0.0
1031,14,7,de:16 & im:31 & pr:12 & pr:31 & th:4,0.0
1035,14,7,de:37 & im:28 & pr:31 & pr:7 & th:6 & va:1,0.1429
1037,14,7,de:13 & im:1 & pr:31 & pr:7 & th:37 & va:39,0.1429
1040,14,7,de:16 & pr:12 & pr:19,0.0
1056,14,7,de:11 & pr:12 & pr:9 & th:14 & th:2 & va:2,0.0
1062,14,7,de:37 & im:1 & pr:12 & pr:20 & pr:4 & th:6 & va:1,0.2857
1067,14,7,de:37 & im:1 & pr:12 & pr:18 & pr:27 & th:6 & va:17,0.2857
1068,14,7,de:37 & im:1 & pr:27 & pr:9 & th:6 & va:17,0.3333
1070,14,7,de:37 & im:0 & pr:8 & th:6 & va:15,0.1667
1074,14,7,de:16 & pr:11 & pr:12 & th:2 & va:2,0.0
1075,14,7,de:16 & im:31 & pr:11 & pr:12 & th:4,0.0
1079,14,7,de:11 & im:1 & pr:10 & pr:11 & pr:31 & th:27 & va:22,0.125
1081,14,7,de:37 & im:1 & pr:32 & th:6 & va:17,0.4
1083,14,7,de:16 & im:31 & pr:12 & pr:27 & th:4,0.0
1088,14,7,de:37 & im:1 & pr:12 & pr:27 & pr:7 & th:6 & va:1,0.2857
1094,14,7,de:37 & im:1 & pr:7 & th:13 & va:1,0.4
1097,14,6,de:16 & pr:12 & pr:23 & th:2 & va:2,0.0
1098,14,6,de:16 & im:31 & pr:12 & pr:23 & th:4,0.0
1104,14,6,de:11 & pr:23 & pr:9 & th:14 & th:2 & va:2,0.0
1107,14,6,de:37 & im:1 & pr:12 & pr:23 & pr:7 & th:6 & va:1,0.2857
1108,14,6,de:16 & im:1 & pr:6 & pr:9 & th:14 & va:37,0.1429
1109,14,6,de:37 & im:1 & pr:6 & pr:9 & th:6 & va:17,0.3333
1112,14,6,de:37 & im:3 & pr:19 & pr:7 & th:6 & va:1,0.1429
1117,14,6,de:16 & im:38 & pr:12 & pr:19 & th:12 & va:2,0.0
1120,14,6,de:3 & de:37 & im:1 & im:16 & pr:12 & pr:30 & pr:6 & th:36 & th:6 & va:15,0.2
1121,14,6,de:15 & de:3 & de:37 & im:1 & im:16 & im:4 & pr:12 & pr:30 & pr:31 & th:36 & th:6 & th:9 & va:10 & va:15,0.1429
1122,14,6,de:15 & de:3 & de:37 & im:1 & im:16 & im:4 & pr:12 & pr:30 & pr:6 & th:11 & th:36 & th:6 & va:15,0.1538
1123,14,6,de:15 & de:3 & de:37 & im:1 & im:16 & im:4 & pr:12 & pr:30 & pr:31 & th:11 & th:36 & th:6 & va:15 & va:9,0.1429
1125,14,6,de:13 & im:1 & pr:19 & pr:33 & th:6 & va:17,0.1429
1128,14,6,de:37 & im:1 & pr:19 & pr:37 & th:6 & va:39,0.3333
1133,14,6,de:37 & im:1 & pr:7 & th:6 & va:39,0.4
1135,14,6,de:16 & im:1 & pr:12 & pr:23 & th:31 & va:39,0.1429
1137,14,6,de:29 & de:37 & im:1 & pr:37 & pr:9 & th:14 & th:6 & va:17,0.25
1141,14,6,de:16 & im:31 & pr:12 & pr:9 & th:4,0.0
1152,14,6,de:11 & im:1 & pr:10 & pr:31 & pr:9 & th:27 & va:22,0.125
1155,14,6,de:37 & im:28 & pr:20 & pr:27 & th:38,0.1667
1157,14,6,de:37 & im:1 & pr:19 & pr:27 & th:6 & va:1,0.3333
1158,14,6,de:37 & im:1 & pr:19 & pr:27 & th:6 & va:39,0.3333
1160,14,6,de:37 & im:1 & pr:27 & pr:7 & th:37 & va:1,0.3333
1161,14,6,de:37 & im:1 & pr:27 & pr:7 & th:37 & va:39,0.3333
1163,14,6,de:16 & im:1 & pr:7 & th:31 & va:39,0.1667
1164,14,6,im:28 & pr:12 & pr:19 & va:3,0.0
1175,14,6,pr:12 & pr:33 & th:2,0.0
1176,14,6,de:16 & pr:12 & pr:33 & th:2 & va:2,0.0
1178,14,6,de:37 & im:1 & pr:12 & pr:33 & th:6 & va:15,0.3333
1187,14,6,de:37 & im:3 & pr:19 & pr:33 & th:6 & va:1,0.1429
1194,14,6,de:37 & im:1 & pr:33 & pr:7 & th:6 & va:17,0.3333
1203,14,6,de:5 & im:1 & pr:12 & pr:33 & th:6 & va:1,0.1429
1204,14,6,de:11 & im:1 & im:26 & pr:12 & pr:33 & va:17,0.1429
1205,14,6,de:37 & im:1 & pr:12 & pr:33 & th:6 & va:17,0.3333
1206,14,6,de:37 & im:0 & pr:19 & pr:33 & pr:7 & th:6 & va:1,0.125
1207,14,6,de:37 & im:1 & pr:33 & pr:9 & th:6 & va:17,0.3333
1213,14,6,pr:12 & pr:31 & th:2,0.0
1218,14,6,de:37 & im:1 & pr:31 & pr:7 & th:6 & va:17,0.3333
1221,14,6,de:5 & im:1 & pr:12 & pr:31 & th:6 & va:1,0.1429
1222,14,6,de:11 & pr:31 & pr:9 & th:14 & th:2 & va:2,0.0
1224,14,6,de:37 & im:1 & pr:31 & pr:9 & th:6 & va:17,0.3333
1228,14,6,de:16 & pr:12 & pr:19 & th:2 & va:2,0.0
1229,14,6,de:37 & im:28 & pr:18 & pr:19 & th:6 & va:1,0.1429
1231,14,6,de:16 & im:1 & pr:19 & pr:31 & th:2 & va:17,0.1429
1235,14,6,de:37 & im:1 & pr:19 & pr:25 & th:37 & va:39,0.3333
1241,14,6,de:16 & im:4 & pr:12,0.0
1244,14,6,de:11 & im:1 & pr:10 & pr:12 & pr:31 & th:27 & va:22,0.125
1249,14,6,de:16 & im:1 & pr:12 & pr:31 & th:2 & va:17,0.1429
1253,14,6,de:5 & im:1 & pr:7 & th:37 & va:17,0.1667
1272,14,6,de:2 & im:36 & pr:10 & th:6 & va:35,0.0
1274,14,6,pr:11 & pr:12 & pr:27 & th:2,0.0
1278,14,6,de:37 & im:28 & pr:11 & pr:7 & th:2 & va:1,0.1429
1280,14,6,de:37 & im:1 & pr:12 & pr:4 & th:6 & va:15,0.3333
1285,14,6,de:37 & im:1 & pr:12 & pr:4 & th:6 & va:17,0.3333
1287,14,6,de:7 & im:31 & pr:12 & th:2 & va:7,0.0
1295,14,6,de:37 & im:1 & pr:11 & pr:25 & th:37 & va:39,0.3333
1301,14,6,de:37 & im:1 & pr:11 & pr:12 & pr:7 & th:6 & va:1,0.2857
1302,14,6,de:5 & im:28 & pr:6 & pr:7 & th:6 & va:1,0.0
1305,14,6,de:37 & im:1 & pr:11 & pr:12 & pr:20 & th:6 & va:1,0.2857
1306,14,6,de:37 & im:1 & pr:11 & pr:9 & th:6 & va:17,0.3333
1309,14,6,pr:12 & pr:27,0.0
1318,14,6,de:37 & im:1 & pr:11 & pr:14 & pr:6 & pr:9 & th:6 & va:17,0.25
1324,14,6,de:16 & pr:12 & pr:27 & th:2 & va:2,0.0
1325,14,6,pr:12 & pr:27 & th:2,0.0
1326,14,6,de:16 & im:35 & pr:12 & pr:27 & th:2 & va:2,0.0
1351,14,6,de:37 & im:1 & pr:12 & pr:7 & pr:9 & th:6 & va:39,0.2857
1352,14,6,de:11 & im:22 & pr:12 & pr:31 & pr:7 & pr:9 & th:2 & va:17,0.0
1361,14,5,de:37 & im:1 & pr:12 & pr:23 & th:6 & va:15,0.3333
1364,14,5,de:37 & im:1 & pr:23 & pr:25 & th:37 & va:39,0.3333
1365,14,5,de:13 & im:1 & pr:23 & pr:7 & th:37 & va:39,0.1429
1368,14,5,de:37 & im:1 & pr:12 & pr:23 & th:6 & va:17,0.3333
1370,14,5,de:37 & im:1 & pr:23 & pr:9 & th:6 & va:17,0.3333
1371,14,5,de:11 & im:1 & pr:10 & pr:23 & pr:31 & th:27 & va:22,0.125
1376,14,5,de:11 & im:1 & im:26 & pr:12 & pr:6 & va:17,0.1429
1379,14,5,de:37 & im:1 & pr:19 & pr:7 & th:6 & va:39,0.3333
1382,14,5,de:37 & im:1 & pr:37 & th:6 & va:39,0.4
1384,14,5,de:16 & pr:19 & pr:21 & th:31,0.0
1395,14,5,de:37 & im:1 & pr:18 & pr:19 & th:6 & va:1,0.3333
1403,14,5,im:28 & pr:12 & pr:9 & va:3,0.0
1405,14,5,de:16 & im:1 & pr:31 & pr:9 & th:2 & va:17,0.1429
1406,14,5,de:5 & im:28 & pr:7 & pr:9 & th:6 & va:1,0.0
1408,14,5,de:37 & im:1 & pr:19 & pr:9 & th:6 & va:1,0.3333
1413,14,5,de:37 & im:1 & pr:12 & pr:9 & th:6 & va:37,0.3333
1419,14,5,de:37 & im:3 & pr:19 & pr:27 & th:6 & va:1,0.1429
1432,14,5,de:13 & im:1 & pr:27 & pr:33 & th:6 & va:17,0.1429
1434,14,5,de:37 & im:0 & pr:19 & pr:27 & pr:7 & th:6 & va:1,0.125
1440,14,5,de:37 & im:3 & pr:16 & pr:19 & th:6 & va:1,0.1429
1443,14,5,de:37 & im:1 & pr:16 & pr:9 & th:6 & va:17,0.3333
1444,14,5,de:16 & im:31 & pr:12 & pr:19 & th:4,0.0
1447,14,5,de:16 & pr:19 & pr:33 & th:31,0.0
1448,14,5,de:37 & im:28 & pr:20 & pr:33 & th:38,0.1667
1451,14,5,de:16 & im:19 & pr:31 & pr:33 & va:17,0.0
1452,14,5,de:13 & im:1 & pr:33 & th:0 & va:15,0.1667
1455,14,5,de:5 & im:28 & pr:33 & pr:7 & th:6 & va:1,0.0
1456,14,5,de:16 & im:35 & pr:12 & pr:33 & th:2 & va:2,0.0
1462,14,5,de:16 & im:38 & pr:12 & pr:33 & th:12 & va:2,0.0
1474,14,5,de:16 & pr:19 & pr:31 & th:31,0.0
1475,14,5,de:13 & im:1 & pr:31 & th:0 & va:15,0.1667
1477,14,5,de:37 & im:3 & pr:19 & pr:31 & th:6 & va:1,0.1429
1478,14,5,de:5 & im:28 & pr:31 & pr:7 & th:6 & va:1,0.0
1486,14,5,de:37 & im:1 & pr:19 & pr:31 & th:6 & va:1,0.3333
1488,14,5,de:37 & im:1 & pr:19 & pr:31 & th:6 & va:39,0.3333
1494,14,5,de:37 & im:0 & pr:19 & pr:31 & pr:7 & th:6 & va:1,0.125
1496,14,5,de:13 & im:1 & pr:17 & pr:19 & th:0,0.1667
1505,14,5,de:37 & im:1 & pr:12 & pr:19 & th:6 & va:1,0.3333
1511,14,5,de:37 & im:1 & pr:19 & pr:36 & th:6 & va:1,0.3333
1512,14,5,de:37 & im:1 & pr:19 & pr:36 & th:6 & va:17,0.3333
1515,14,5,de:37 & im:1 & pr:19 & th:6 & va:24,0.4
1531,14,5,de:37 & im:1 & pr:33 & th:37 & va:1,0.4
1539,14,5,de:37 & im:1 & pr:13 & pr:3 & pr:8 & pr:9 & th:15 & th:6 & va:17,0.2222
1540,14,5,de:37 & im:1 & pr:25 & th:6 & va:17,0.4
1548,14,5,de:5 & im:28 & pr:27 & pr:7 & th:6 & va:1,0.0
1550,14,5,de:37 & im:1 & pr:13 & pr:18 & pr:6 & th:6 & va:17,0.2857
1557,14,5,de:37 & im:1 & pr:11 & pr:12 & th:6 & va:15,0.3333
1562,14,5,de:37 & im:1 & pr:11 & pr:12 & th:6 & va:17,0.3333
1573,14,5,de:37 & im:1 & pr:11 & pr:12 & pr:18 & th:6 & va:17,0.2857
1576,14,5,de:13 & im:1 & pr:17 & pr:27 & th:0,0.1667
1581,14,5,de:37 & im:1 & pr:6 & pr:7 & th:37 & va:1,0.3333
1582,14,5,de:37 & im:1 & pr:6 & pr:7 & th:37 & va:39,0.3333
1592,14,5,de:37 & im:1 & pr:12 & pr:27 & th:6 & va:37,0.3333
1598,14,5,de:16 & im:1 & pr:27 & pr:31 & th:2 & va:17,0.1429
1601,14,5,de:37 & im:1 & pr:12 & pr:7 & pr:9 & th:6 & va:17,0.2857
1602,14,5,de:13 & de:20 & de:9 & im:1 & im:19 & pr:11 & pr:7 & pr:8 & th:2 & th:37 & va:17 & va:9,0.0769
3,15,900,de:34 & im:10 & pr:10 & pr:19 & th:3 & va:4,0.3333
21,15,350,de:7 & im:10 & pr:19 & th:37 & va:37,0.4
42,15,248,de:29 & im:10 & pr:19 & th:5 & va:1,0.4
72,15,177,de:29 & im:10 & pr:5 & th:8 & va:12,0.1667
100,15,144,de:29 & im:10 & pr:14 & th:8 & va:20,0.1667
101,15,142,pr:19,0.5
130,15,102,de:34 & im:10 & pr:10 & pr:19 & pr:6 & th:3 & va:4,0.2857
145,15,89,de:29 & im:10 & pr:39 & th:36 & va:0,0.1667
157,15,79,de:6 & im:7 & pr:19 & pr:8 & th:34 & va:12,0.1429
208,15,51,de:29 & im:7 & pr:19 & th:37 & va:12,0.1667
211,15,49,pr:19 & va:20,0.3333
213,15,48,de:7 & im:10 & pr:19 & pr:6 & th:37 & va:37,0.3333
219,15,44,pr:16 & pr:19,0.3333
242,15,36,de:29 & im:10 & pr:19 & pr:6 & th:5 & va:1,0.3333
246,15,36,de:34 & im:10 & pr:10 & pr:19 & pr:27 & th:3 & va:4,0.2857
267,15,33,de:29 & im:10 & pr:5 & pr:6 & th:8 & va:12,0.1429
280,15,32,de:29 & im:10 & pr:14 & pr:6 & th:8 & va:20,0.1429
285,15,32,de:7 & im:10 & pr:39 & pr:7 & th:37 & va:37,0.1429
355,15,24,de:6 & im:7 & pr:19 & pr:6 & pr:8 & th:34 & va:12,0.125
359,15,24,pr:19 & th:2 & va:15 & va:9,0.2
366,15,23,de:29 & im:10 & pr:39 & pr:6 & th:36 & va:0,0.1429
402,15,21,de:34 & im:10 & pr:10 & pr:19 & pr:33 & th:3 & va:4,0.2857
436,15,18,de:34 & im:10 & pr:10 & pr:19 & pr:23 & th:3 & va:4,0.2857
439,15,18,de:4 & im:10 & pr:16 & pr:19 & th:8 & va:33,0.3333
447,15,18,de:34 & im:10 & pr:10 & pr:19 & pr:31 & th:3 & va:4,0.2857
502,15,16,de:6 & im:7 & pr:19 & pr:39 & pr:8 & th:34 & va:12,0.125
538,15,15,de:34 & im:10 & pr:10 & pr:19 & pr:9 & th:3 & va:4,0.2857
546,15,15,de:34 & im:10 & pr:10 & pr:11 & pr:19 & th:3 & va:4,0.2857
561,15,14,de:7 & im:10 & pr:19 & pr:9 & th:37 & va:37,0.3333
566,15,14,de:4 & im:10 & pr:19 & th:8 & va:33,0.4
573,15,14,de:7 & im:10 & pr:19 & pr:33 & th:37 & va:37,0.3333
626,15,12,de:7 & im:10 & pr:7 & th:37 & va:37,0.1667
638,15,12,de:29 & im:10 & pr:39 & th:36 & va:26,0.1667
640,15,12,pr:16 & pr:19 & th:33 & va:17,0.2
643,15,12,de:6 & im:21 & pr:16 & pr:19 & th:33 & va:37,0.1429
653,15,12,de:7 & im:10 & pr:19 & pr:31 & th:37 & va:37,0.3333
656,15,12,de:34 & im:10 & pr:10 & pr:19 & pr:36 & th:3 & va:4,0.2857
667,15,12,de:34 & im:10 & pr:10 & pr:19 & pr:4 & th:3 & va:4,0.2857
681,15,11,de:29 & im:10 & pr:19 & pr:5 & th:8 & va:12,0.3333
682,15,11,de:29 & im:10 & pr:14 & pr:19 & th:8 & va:20,0.3333
709,15,10,de:7 & im:10 & pr:19 & pr:23 & th:37 & va:37,0.3333
719,15,10,de:6 & im:21 & pr:19 & th:33 & va:37,0.1667
791,15,9,de:34 & im:10 & pr:10 & pr:19 & pr:7 & th:3 & va:4,0.2857
832,15,9,de:34 & im:10 & pr:10 & pr:11 & pr:14 & pr:19 & pr:6 & th:3 & va:4,0.2222
836,15,9,de:34 & im:10 & pr:10 & pr:12 & pr:19 & pr:7 & pr:9 & th:3 & va:4,0.2222
838,15,8,pr:19 & pr:23,0.3333
854,15,8,de:29 & im:10 & pr:19 & pr:39 & th:36 & va:0,0.3333
873,15,8,de:29 & im:10 & pr:19 & pr:27 & th:5 & va:1,0.3333
881,15,8,de:7 & im:10 & pr:13 & pr:19 & th:37 & va:37,0.3333
890,15,8,de:29 & im:10 & pr:19 & pr:31 & th:5 & va:1,0.3333
941,15,8,pr:19 & pr:23 & va:20,0.25
1011,15,7,de:29 & im:10 & pr:19 & pr:33 & th:5 & va:1,0.3333
1101,15,6,de:29 & im:10 & pr:19 & pr:23 & th:5 & va:1,0.3333
1115,15,6,de:7 & im:10 & pr:19 & pr:7 & th:37 & va:37,0.3333
1124,15,6,de:3 & de:34 & de:37 & im:1 & im:10 & im:16 & pr:10 & pr:19 & pr:30 & pr:7 & th:13 & th:3 & th:36 & va:15 & va:4,0.1333
1130,15,6,pr:19 & th:33 & va:17,0.25
1140,15,6,de:1 & de:34 & im:10 & pr:10 & pr:13 & pr:18 & pr:19 & pr:36 & th:23 & th:3 & th:6 & va:4,0.1667
1167,15,6,de:34 & de:37 & im:10 & pr:10 & pr:19 & pr:7 & th:3 & th:6 & va:4,0.2222
1190,15,6,de:29 & im:10 & pr:14 & pr:33 & th:8 & va:20,0.1429
1242,15,6,de:7 & im:10 & pr:12 & pr:7 & th:37 & va:37,0.1429
1262,15,6,de:29 & im:10 & pr:10 & th:5 & va:1,0.1667
1289,15,6,de:16 & de:20 & de:34 & im:10 & pr:10 & pr:11 & pr:12 & pr:19 & th:12 & th:2 & th:3 & va:4,0.1667
1304,15,6,de:7 & im:10 & pr:11 & pr:19 & th:37 & va:37,0.3333
1316,15,6,de:7 & im:10 & pr:11 & pr:14 & pr:19 & pr:6 & th:37 & va:37,0.25
1345,15,6,de:20 & de:34 & im:10 & im:19 & pr:10 & pr:11 & pr:19 & th:2 & th:3 & va:4,0.2
1346,15,6,de:34 & im:10 & pr:10 & pr:12 & pr:19 & th:3 & va:4,0.2857
1354,15,6,de:7 & im:10 & pr:19 & pr:27 & th:37 & va:37,0.3333
1423,15,5,de:29 & im:10 & pr:27 & pr:5 & th:8 & va:12,0.1429
1425,15,5,de:29 & im:10 & pr:14 & pr:27 & th:8 & va:20,0.1429
1428,15,5,de:29 & im:10 & pr:27 & pr:39 & th:36 & va:0,0.1429
1436,15,5,de:6 & im:7 & pr:19 & pr:27 & pr:8 & th:34 & va:12,0.125
1454,15,5,de:29 & im:10 & pr:33 & pr:5 & th:8 & va:12,0.1429
1476,15,5,de:29 & im:10 & pr:31 & pr:5 & th:8 & va:12,0.1429
1487,15,5,de:29 & im:10 & pr:14 & pr:31 & th:8 & va:20,0.1429
1493,15,5,pr:19 & pr:31 & th:2 & va:15 & va:9,0.1667
1561,15,5,de:29 & im:10 & pr:11 & pr:19 & th:5 & va:1,0.3333
126,16,110,de:3 & im:12 & pr:10 & th:7 & va:0,0.1667
136,16,98,de:8 & im:12 & pr:10 & pr:12 & th:7 & va:4,0.1429
198,16,56,de:0 & im:3 & pr:19 & th:7 & va:23,0.4
201,16,54,de:8 & im:16 & pr:0 & th:7 & va:34,0.1667
294,16,30,de:3 & im:12 & pr:10 & pr:6 & th:7 & va:0,0.1429
299,16,30,de:32 & de:37 & im:0 & im:1 & pr:19 & th:7 & va:17,0.2857
380,16,22,de:32 & im:0 & pr:19 & th:7 & va:39,0.4
391,16,21,de:8 & im:16 & pr:0 & pr:6 & th:7 & va:34,0.1429
457,16,17,de:0 & im:3 & pr:12 & pr:19 & th:7 & va:23,0.3333
528,16,15,de:8 & im:12 & pr:10 & pr:12 & pr:6 & th:7 & va:4,0.125
601,16,13,de:18 & im:0 & pr:19 & pr:7 & th:7 & va:35,0.3333
689,16,11,de:0 & im:3 & pr:16 & pr:19 & th:7 & va:23,0.3333
759,16,10,de:8 & im:12 & pr:10 & th:7 & va:4,0.1667
835,16,9,de:35 & im:3 & pr:34 & th:7 & va:23,0.1667
851,16,8,de:8 & im:16 & pr:0 & pr:19 & th:7 & va:34,0.3333
1159,16,6,de:8 & im:16 & pr:0 & pr:27 & th:7 & va:34,0.1429
1172,16,6,de:3 & im:12 & pr:10 & pr:19 & th:7 & va:0,0.3333
1227,16,6,de:0 & im:3 & pr:19 & pr:3 & th:7 & va:23,0.3333
1356,16,6,de:0 & de:37 & im:1 & im:3 & pr:18 & pr:19 & th:20 & th:6 & th:7 & va:17,0.2
1441,16,5,de:8 & im:12 & pr:10 & pr:19 & th:7 & va:4,0.3333
1457,16,5,de:3 & im:12 & pr:10 & pr:33 & th:7 & va:0,0.1429
1461,16,5,de:8 & im:16 & pr:0 & pr:33 & th:7 & va:34,0.1429
22,17,342,de:37 & im:8 & pr:19 & th:28 & va:1,0.2
92,17,150,de:8 & im:3 & pr:16 & th:13 & va:1,0.2
94,17,148,de:8 & im:39 & pr:10 & th:28 & va:1,0.2
166,17,74,de:18 & im:6 & pr:12 & pr:38 & th:36 & va:1,0.1667
229,17,39,de:8 & im:1 & pr:12 & pr:19 & th:9 & va:1,0.1667
233,17,39,de:37 & im:8 & pr:19 & pr:6 & th:28 & va:1,0.1667
252,17,35,de:8 & im:39 & pr:10 & pr:6 & th:28 & va:1,0.1667
260,17,34,de:8 & im:3 & pr:16 & pr:6 & th:13 & va:1,0.1667
265,17,34,de:3 & im:3 & pr:16 & th:28 & va:1,0.2
273,17,33,de:8 & im:1 & pr:19 & th:9 & va:1,0.2
311,17,29,de:39 & im:0 & pr:10 & pr:16 & va:1,0.2
351,17,25,de:30 & im:8 & pr:1 & th:7 & va:1,0.2
360,17,24,de:37 & im:3 & pr:16 & pr:19 & th:28 & va:33,0.0
397,17,21,de:8 & im:13 & pr:19 & th:30 & th:6 & va:1,0.1667
425,17,19,de:18 & im:0 & pr:16 & th:19 & va:19,0.0
431,17,19,pr:31 & pr:6,0.0
440,17,18,de:3 & im:3 & pr:14 & pr:19 & th:34 & va:1,0.1667
499,17,16,de:8 & im:3 & pr:16 & pr:39 & th:13 & va:1,0.1667
567,17,14,de:18 & im:6 & pr:38 & th:36 & va:1,0.2
590,17,13,de:8 & im:3 & pr:16 & pr:19 & th:13 & va:1,0.1667
594,17,13,de:39 & im:0 & pr:10 & pr:16 & pr:19 & va:1,0.1667
595,17,13,de:18 & im:0 & pr:16 & pr:19 & th:19 & va:19,0.0
635,17,12,de:37 & im:8 & pr:19 & pr:27 & th:28 & va:1,0.1667
639,17,12,de:3 & im:3 & pr:14 & pr:16 & th:34 & va:1,0.1667
644,17,12,de:37 & im:3 & pr:16 & pr:19 & th:28 & va:35,0.0
673,17,12,de:30 & im:8 & pr:1 & th:13 & va:1,0.2
683,17,11,de:8 & im:39 & pr:10 & pr:19 & th:28 & va:1,0.1667
696,17,11,de:8 & im:3 & pr:20 & th:30 & va:1,0.2
754,17,10,pr:19 & pr:31 & th:16 & va:1,0.25
762,17,10,pr:31 & th:16 & va:1,0.3333
812,17,9,de:37 & im:8 & pr:19 & pr:31 & th:28 & va:1,0.1667
813,17,9,de:14 & im:8 & pr:7 & th:8 & va:19,0.0
859,17,8,de:3 & im:3 & pr:16 & pr:19 & th:28 & va:1,0.1667
883,17,8,pr:31,0.0
926,17,8,de:37 & im:8 & pr:11 & pr:19 & th:28 & va:1,0.1667
979,17,7,de:37 & im:1 & pr:19 & th:28 & va:19,0.0
1019,17,7,de:37 & im:8 & pr:19 & pr:33 & th:28 & va:1,0.1667
1058,17,7,de:30 & im:8 & pr:1 & th:7 & va:6,0.0
1105,17,6,de:37 & im:8 & pr:19 & pr:23 & th:28 & va:1,0.1667
1129,17,6,de:3 & im:3 & pr:14 & th:34 & va:1,0.2
1191,17,6,de:8 & im:39 & pr:10 & pr:33 & th:28 & va:1,0.1667
1201,17,6,de:8 & im:3 & pr:16 & pr:33 & th:13 & va:1,0.1667
1211,17,6,pr:19 & pr:31,0.0
1355,17,6,de:8 & im:8 & pr:16 & th:29 & va:19,0.0
1414,17,5,de:37 & im:8 & pr:19 & pr:9 & th:28 & va:1,0.1667
1429,17,5,de:8 & im:39 & pr:10 & pr:27 & th:28 & va:1,0.1667
1433,17,5,de:8 & im:3 & pr:16 & pr:27 & th:13 & va:1,0.1667
1537,17,5,de:8 & im:8 & pr:1 & th:7 & va:1,0.2
1564,17,5,de:30 & im:8 & pr:16 & th:8 & va:1,0.2
1584,17,5,de:37 & im:8 & pr:12 & pr:19 & th:28 & va:1,0.1667
113,18,125,de:9 & im:22 & pr:12 & pr:22 & th:33 & va:33,0.3333
275,18,33,de:23 & im:27 & pr:22 & th:18 & va:22,0.1667
482,18,16,de:10 & im:26 & pr:28 & th:33 & va:21,0.1667
613,18,12,de:23 & im:26 & pr:24 & pr:26 & th:33 & va:38,0.1429
655,18,12,de:9 & im:22 & pr:19 & pr:22 & th:33 & va:33,0.3333
660,18,12,de:9 & im:22 & pr:22 & th:33 & va:33,0.4
763,18,10,de:10 & im:32 & pr:28 & th:33 & va:33,0.1667
862,18,8,de:10 & im:3 & pr:15 & pr:32 & th:33 & va:33,0.1429
918,18,8,de:9 & im:22 & pr:12 & pr:22 & pr:27 & th:33 & va:33,0.2857
1052,18,7,de:23 & im:26 & pr:22 & th:33 & va:2,0.4
1257,18,6,de:23 & im:26 & pr:26 & th:33 & va:38,0.1667
1307,18,6,de:9 & im:22 & pr:11 & pr:12 & pr:22 & th:33 & va:33,0.2857
1377,18,5,de:23 & im:7 & pr:22 & pr:4 & th:18 & va:30,0.1429
1378,18,5,de:23 & im:27 & pr:22 & pr:4 & pr:5 & th:18 & va:22,0.125
1396,18,5,de:23 & pr:22,0.3333
297,19,30,de:10 & im:11 & pr:2 & th:13 & va:34,0.8333
628,19,12,de:10 & im:11 & pr:16 & pr:2 & th:13 & va:34,1.0
486,20,16,de:10 & im:24 & pr:13 & pr:28 & th:10 & va:36,0.5
541,20,15,de:10 & im:24 & pr:28 & th:10 & va:36,0.6
610,20,13,de:31 & im:24 & pr:1 & th:13 & va:36,0.3333
701,20,11,de:31 & im:2 & pr:10 & th:10 & va:1,0.1429
795,20,9,de:32 & im:24 & pr:29 & th:24 & va:36,0.3333
815,20,9,de:31 & im:12 & pr:19 & th:13 & va:1,0.0
819,20,9,de:31 & im:2 & pr:2 & th:10 & va:36,0.3333
820,20,9,de:19 & im:2 & pr:2 & th:32 & va:14,0.0
821,20,9,de:24 & im:24 & pr:2 & th:10 & va:8,0.3333
907,20,8,de:19 & im:0 & pr:2 & th:10 & va:36,0.3333
1267,20,6,de:36 & im:2 & pr:18 & th:10 & va:33,0.1429
1517,20,5,de:32 & im:24 & pr:12 & pr:29 & th:24 & va:36,0.2857
