family_id,n_paths,n_sources,signature_str,meta_family_id
0,6944,111,de:15 & im:4 & pr:6 & th:11 & va:10,18
1,1649,44,de:15 & im:4 & pr:6 & th:11 & va:9,18
2,1210,59,de:15 & im:4 & pr:6 & th:11 & va:32,18
3,900,16,de:34 & im:10 & pr:10 & pr:19 & th:3 & va:4,25
4,896,33,de:12 & im:20 & pr:9 & th:1 & va:12,15
5,855,9,de:13 & im:1 & pr:7 & th:37 & va:17,23
6,746,41,de:3 & im:16 & pr:39 & th:36 & va:26,4
7,729,48,pr:6,17
8,678,13,de:15 & im:4 & pr:31 & th:9 & va:10,18
9,538,40,de:15 & im:4 & pr:27 & pr:6 & th:12 & th:2 & va:10,18
10,522,65,de:15 & im:4 & pr:31 & pr:6 & th:11 & va:10,18
11,444,5,de:11 & im:9 & pr:33 & th:35 & va:15,6
12,429,25,de:15 & im:10 & pr:6 & th:11 & va:10,18
13,403,8,de:15 & im:4 & pr:31 & th:11 & va:9,18
14,399,11,de:15 & im:4 & pr:6 & th:1 & va:10,18
15,394,6,de:25 & im:34 & pr:32 & th:21 & va:30,5
16,391,27,de:14 & im:20 & pr:19 & pr:9 & th:14 & th:26 & va:19,15
17,383,31,de:20 & im:19 & pr:11 & th:12 & va:9,19
18,379,13,de:37 & im:1 & pr:12 & th:6 & va:39,23
19,377,21,de:37 & im:1 & pr:12 & th:6 & va:1,23
20,360,12,de:16 & im:1 & pr:12 & th:31 & va:39,21
21,350,6,de:7 & im:10 & pr:19 & th:37 & va:37,25
22,342,16,de:37 & im:8 & pr:19 & th:28 & va:1,29
23,337,16,de:16 & im:4 & pr:6 & va:9,18
24,328,24,de:3 & im:16 & pr:39 & th:36 & va:0,4
25,326,23,de:25 & im:34 & pr:4 & th:21 & va:27,5
26,323,11,de:15 & im:4 & pr:6 & th:11,18
27,320,35,de:15 & pr:6 & th:1,18
28,320,35,de:4 & im:7 & pr:6 & th:12 & va:30,19
29,320,5,de:20 & im:19 & pr:35 & th:12 & va:2,19
30,298,8,de:15 & im:4 & pr:31 & th:2 & va:10,18
31,288,18,de:37 & im:1 & pr:12 & pr:7 & th:6 & va:1,23
32,281,11,de:3 & im:8 & pr:39 & pr:7 & th:36 & va:0,4
33,274,21,de:37 & im:1 & pr:12 & pr:20 & th:6 & va:1,23
34,272,19,de:22 & im:31 & pr:13 & th:4 & va:7,11
35,271,15,de:37 & im:1 & pr:9 & th:6 & va:17,23
36,270,55,de:15 & im:4 & pr:19 & pr:6 & th:11 & va:10,18
37,265,30,de:20 & im:7 & pr:6 & th:12 & va:0,19
38,264,29,de:17 & im:4 & pr:6 & th:12 & va:9,19
39,263,34,de:23 & im:38 & pr:6 & th:12 & va:2,19
40,260,18,de:15 & im:7 & pr:6 & th:12 & va:10,18
41,251,18,de:37 & im:1 & pr:19 & th:6 & va:1,23
42,248,18,de:29 & im:10 & pr:19 & th:5 & va:1,25
43,246,15,de:25 & im:34 & pr:31 & pr:32,5
44,239,9,de:13 & im:1 & pr:7 & th:37 & va:39,23
45,232,10,im:4 & pr:31 & th:9 & va:10,18
46,230,15,de:29 & im:16 & pr:39 & th:36 & va:26,4
47,229,17,de:14 & im:25 & pr:9 & th:26 & va:20,15
48,229,7,de:37 & im:1 & pr:12 & th:6 & va:37,23
49,228,11,de:20 & im:4 & pr:11 & th:12,19
50,227,13,de:15 & im:4 & pr:31,18
51,226,8,im:31 & pr:13 & th:4,11
52,222,61,de:15 & im:4 & pr:27 & pr:6 & th:11 & va:10,18
53,220,7,de:16 & im:4,18
54,217,10,de:15 & im:4 & pr:31 & th:9 & va:32,18
55,214,16,de:37 & im:1 & pr:19 & th:6 & va:39,23
56,213,10,de:11 & im:1 & pr:10 & pr:31 & th:27 & va:22,21
57,211,8,de:3 & im:16 & pr:7 & va:0,4
58,211,8,de:20 & de:28 & im:19 & pr:12 & pr:24 & va:30,19
59,208,27,de:15 & im:19 & pr:6 & th:12 & va:10,18
60,201,10,de:16 & im:31 & pr:12 & th:4,21
61,199,30,de:7 & im:7 & pr:11 & pr:14 & pr:6 & th:12 & va:18,19
62,197,6,de:25 & im:34 & pr:32 & th:21 & va:17,5
63,194,15,de:15 & im:4 & pr:31 & th:9 & va:31,18
64,193,11,de:16 & pr:12 & th:2 & va:2,21
65,191,7,de:14 & im:25 & pr:7 & th:26 & va:20,15
66,189,11,de:37 & im:1 & pr:12 & th:6 & va:15,23
67,185,19,de:11 & pr:9 & th:14 & th:2 & va:2,21
68,182,10,de:29 & im:9 & pr:33 & th:9 & va:38,6
69,180,4,de:37 & im:1 & pr:25 & th:37 & va:39,23
70,179,52,de:15 & im:4 & pr:11 & pr:6 & th:11 & va:10,18
71,178,6,de:37 & im:28 & pr:7 & th:2 & va:1,23
72,177,7,de:29 & im:10 & pr:5 & th:8 & va:12,25
73,175,8,de:22 & im:31 & pr:31 & th:2,11
74,175,8,de:22 & im:31 & pr:31 & th:2 & va:4,11
75,174,30,de:15 & de:20 & im:19 & im:4 & pr:11 & pr:6 & th:11 & th:2 & va:10,18
76,173,40,de:15 & im:4 & pr:33 & pr:6 & th:11 & va:10,18
77,172,11,de:15 & im:4 & pr:6 & th:11 & va:15,18
78,169,13,de:16 & im:10 & pr:6 & th:12 & va:3,18
79,166,7,de:6 & im:21 & pr:4 & th:1 & va:28,7
80,165,12,de:37 & im:3 & pr:19 & th:6 & va:1,23
81,164,2,de:15 & im:4 & pr:13 & th:4 & va:12,18
82,162,5,de:6 & im:21 & pr:30 & th:1 & va:18,7
83,162,5,de:6 & im:31 & pr:30 & th:5 & va:0,2
84,160,18,de:14 & im:25 & pr:14 & th:26 & va:20,15
85,159,15,de:17 & im:7 & pr:11 & pr:27 & th:12 & va:9,19
86,157,10,de:37 & im:1 & pr:12 & pr:18 & th:6 & va:17,23
87,157,21,de:37 & im:0 & pr:19 & pr:7 & th:6 & va:1,23
88,157,9,de:16 & im:1 & pr:31 & th:2 & va:17,21
89,155,9,de:15 & im:4 & pr:31 & th:12 & va:10,18
90,153,8,de:37 & im:1 & pr:12 & th:6 & va:17,23
91,150,8,pr:12 & th:2,21
92,150,8,de:8 & im:3 & pr:16 & th:13 & va:1,29
93,149,8,de:15 & im:4 & pr:31 & th:2 & va:32,18
94,148,7,de:8 & im:39 & pr:10 & th:28 & va:1,29
95,148,6,pr:11 & th:12 & va:9,19
96,147,10,de:37 & im:20 & pr:16 & th:8 & va:20,14
97,146,4,de:6 & im:21 & pr:32 & th:1 & va:8,7
98,146,7,de:37 & im:28 & pr:7 & th:6 & va:1,23
99,145,13,de:16 & im:4 & pr:31 & th:2 & va:10,18
100,144,6,de:29 & im:10 & pr:14 & th:8 & va:20,25
101,142,19,pr:19,24
102,139,50,de:15 & im:4 & pr:23 & pr:6 & th:11 & va:10,18
103,138,6,de:15 & im:4 & pr:7 & th:2 & va:2,18
104,136,15,de:20 & im:19 & pr:27 & th:12,19
105,135,13,de:15 & pr:6,18
106,135,3,de:29 & im:12 & pr:0 & th:5 & va:0,2
107,128,12,de:3 & im:16 & pr:23 & th:36 & va:0,4
108,128,4,de:15 & im:4 & pr:12 & th:2 & va:10,18
109,128,61,de:15 & im:4 & pr:6 & pr:9 & th:11 & va:10,18
110,126,5,de:13 & im:1 & pr:17 & th:0,23
111,126,10,de:28 & im:9 & pr:7 & th:39 & va:0,1
112,126,6,de:7 & im:7 & pr:27 & th:12 & va:28,19
113,125,7,de:9 & im:22 & pr:12 & pr:22 & th:33 & va:33,30
114,124,8,de:1 & im:1 & pr:13 & pr:36 & th:23 & va:4,10
115,123,9,de:15 & pr:6 & th:11 & va:32,18
116,122,12,de:9 & im:35 & pr:6 & th:12 & va:2,19
117,122,35,de:3 & im:16 & pr:39 & pr:6 & th:36 & va:26,4
118,118,7,de:16 & im:19 & pr:27 & th:12 & va:9,19
119,117,7,de:20 & im:19 & pr:11 & th:1 & va:9,19
120,116,2,de:7 & im:4 & pr:6 & th:12 & va:10,19
121,115,6,de:22 & im:31 & pr:3 & pr:6 & th:4 & va:18,11
122,114,11,de:37 & im:1 & pr:19 & th:6 & va:17,23
123,112,6,de:28 & im:7 & pr:6 & th:9 & va:32,19
124,111,10,de:22 & im:23 & pr:13 & th:4 & va:38,11
125,110,8,de:5 & im:28 & pr:7 & th:6 & va:1,23
126,110,3,de:3 & im:12 & pr:10 & th:7 & va:0,26
127,107,2,de:9 & im:19 & pr:4 & th:12 & va:30,19
128,105,30,de:15 & im:4 & pr:31 & pr:6 & th:11 & va:9,18
129,104,8,de:14 & im:25 & pr:14 & th:26,15
130,102,26,de:34 & im:10 & pr:10 & pr:19 & pr:6 & th:3 & va:4,25
131,101,28,de:15 & im:4 & pr:31 & pr:6 & th:9 & va:10,18
132,100,15,pr:23,17
133,100,3,im:9 & pr:0 & va:28,8
134,98,9,de:14 & im:20 & pr:9 & th:14 & va:19,15
135,98,9,de:16 & im:10 & pr:27 & th:12,18
136,98,5,de:8 & im:12 & pr:10 & pr:12 & th:7 & va:4,26
137,95,21,de:13 & im:1 & pr:6 & pr:7 & th:37 & va:17,23
138,93,3,de:22 & im:31 & pr:32 & th:4 & va:23,11
139,93,8,de:17 & im:20 & pr:12 & th:12 & th:2 & va:3,19
140,93,46,de:15 & im:4 & pr:12 & pr:6 & th:11 & va:10,18
141,92,7,de:3 & im:16 & pr:39 & th:36 & va:7,4
142,92,8,de:20 & im:7 & pr:11 & th:1,19
143,90,5,de:3 & im:16 & pr:7 & th:36 & va:0,4
144,90,11,de:16 & im:4 & pr:6 & th:19 & va:32,18
145,89,9,de:29 & im:10 & pr:39 & th:36 & va:0,25
146,89,13,pr:12,21
147,86,15,de:15 & im:4 & pr:6 & th:0,18
148,85,6,de:13 & im:1 & th:0 & va:15,23
149,85,12,de:37 & im:1 & pr:7 & th:6 & va:17,23
150,84,2,de:15 & im:4 & pr:12 & th:2 & va:9,18
151,83,12,de:20 & im:19 & pr:27 & th:12 & va:9,19
152,83,6,de:16 & pr:19 & th:31,21
153,83,33,de:15 & im:4 & pr:27 & pr:6 & th:11 & th:12 & th:2 & va:10,18
154,82,35,de:12 & im:20 & pr:6 & pr:9 & th:1 & va:12,15
155,81,8,de:37 & im:1 & pr:7 & th:37 & va:1,23
156,80,8,de:37 & im:1 & pr:7 & th:37 & va:39,23
157,79,9,de:6 & im:7 & pr:19 & pr:8 & th:34 & va:12,24
158,78,5,de:16 & im:19 & pr:31 & va:17,21
159,78,5,de:20 & im:7 & pr:32 & th:12,19
160,78,2,de:37 & im:1 & pr:18 & th:6 & va:17,23
161,77,35,de:20 & im:19 & pr:11 & pr:6 & th:12 & va:9,19
162,77,5,de:22 & im:9 & pr:13 & th:4 & va:15,11
163,76,6,de:7 & im:7 & pr:39 & th:5 & va:0,2
164,75,3,de:16 & im:4 & pr:4 & th:12 & va:12,18
165,74,4,de:5 & im:1 & pr:12 & th:6 & va:1,23
166,74,5,de:18 & im:6 & pr:12 & pr:38 & th:36 & va:1,28
167,74,14,pr:16,13
168,73,3,de:7 & im:14 & pr:4 & th:1 & va:28,8
169,71,7,de:13 & im:1 & pr:33 & th:6 & va:17,23
170,70,24,de:37 & im:1 & pr:12 & pr:6 & th:6 & va:39,23
171,70,19,de:15 & im:4 & pr:19 & pr:6 & th:11 & va:9,18
172,70,26,de:15 & im:4 & pr:4 & pr:6 & th:11 & va:10,18
173,69,15,de:16 & im:1 & pr:9 & th:14 & va:37,21
174,69,4,de:38 & im:7 & pr:5 & th:12 & va:0,2
175,69,42,de:15 & im:4 & pr:6 & pr:7 & th:11 & va:10,18
176,67,10,de:16 & im:4 & pr:27 & pr:31 & pr:7 & th:12,18
177,66,29,de:37 & im:1 & pr:12 & pr:6 & th:6 & va:1,23
178,64,21,de:16 & im:1 & pr:12 & pr:6 & th:31 & va:39,21
179,64,20,de:15 & im:4 & pr:31 & pr:6 & th:2 & va:10,18
180,64,21,de:11 & im:9 & pr:33 & pr:6 & th:35 & va:15,6
181,63,5,de:20 & im:20 & pr:9 & th:12 & va:9,19
182,63,5,de:15 & im:7 & pr:6 & th:11 & va:9,18
183,63,7,de:37 & im:1 & pr:13 & pr:9 & th:6 & va:17,23
184,62,16,de:37 & im:1 & pr:19 & pr:6 & th:6 & va:1,23
185,62,23,de:20 & im:19 & pr:35 & pr:6 & th:12 & va:2,19
186,62,7,de:1 & im:9 & pr:13 & pr:36 & th:6 & va:4,10
187,60,21,im:31 & pr:13 & pr:6 & th:4,11
188,60,7,de:0 & im:30 & pr:18 & th:23 & va:4,10
189,60,13,de:15 & im:4 & pr:11 & pr:6 & th:11 & va:9,18
190,58,19,de:25 & im:34 & pr:32 & pr:6 & th:21 & va:30,5
191,58,4,de:38 & im:10 & pr:7 & th:12 & va:0,2
192,58,5,de:7 & im:31 & pr:13 & th:4 & va:7,11
193,58,5,de:7 & im:4 & pr:13 & th:4 & va:10,18
194,57,7,de:22 & im:26 & pr:13 & th:4 & va:7,11
195,56,6,de:15 & de:28 & im:4 & im:7 & pr:6 & th:9 & va:32,19
196,56,2,de:9 & im:35 & pr:11 & th:2 & va:9,19
197,56,5,de:3 & im:16 & pr:38 & th:12 & va:26,4
198,56,6,de:0 & im:3 & pr:19 & th:7 & va:23,26
199,56,18,de:15 & im:4 & pr:27 & pr:6 & th:11 & va:9,18
200,55,4,de:16 & im:35 & pr:12 & th:2 & va:2,21
201,54,4,de:8 & im:16 & pr:0 & th:7 & va:34,26
202,54,1,pr:4 & va:28,8
203,53,5,de:37 & im:28 & pr:20 & th:38,22
204,52,26,de:37 & im:1 & pr:19 & pr:6 & th:6 & va:39,23
205,52,37,de:3 & im:16 & pr:39 & pr:6 & th:36 & va:0,4
206,52,7,de:13 & im:1 & pr:19 & th:0 & va:15,23
207,52,30,de:15 & de:3 & de:37 & im:1 & im:16 & im:4 & pr:12 & pr:30 & pr:6 & th:11 & th:36 & th:6 & va:10 & va:15,23
208,51,15,de:29 & im:7 & pr:19 & th:37 & va:12,24
209,50,5,de:11 & im:1 & pr:18 & th:2 & va:37,21
210,50,22,de:15 & im:4 & pr:19 & pr:6 & th:11 & va:32,18
211,49,8,pr:19 & va:20,24
212,48,30,pr:19 & pr:6,17
213,48,16,de:7 & im:10 & pr:19 & pr:6 & th:37 & va:37,25
214,48,20,de:15 & im:4 & pr:11 & pr:14 & pr:6 & th:11 & va:10,18
215,47,27,de:3 & im:16 & pr:19 & pr:39 & th:36 & va:26,4
216,47,10,de:15 & im:4 & pr:33 & pr:6 & th:11 & va:9,18
217,45,2,de:11 & im:1 & im:26 & pr:12 & va:17,21
218,44,1,de:16 & im:4 & pr:18 & th:2 & va:10,18
219,44,17,pr:16 & pr:19,24
220,43,33,de:3 & im:8 & pr:39 & pr:6 & pr:7 & th:36 & va:0,4
221,43,3,de:22 & im:31 & pr:3 & th:4 & va:7,11
222,43,5,de:9 & im:35 & pr:11 & th:12 & va:9,19
223,42,31,de:20 & im:4 & pr:11 & pr:6 & th:12,19
224,42,3,de:16 & im:4 & pr:7 & th:37 & va:2,18
225,42,12,de:13 & im:1 & pr:11 & pr:7 & th:37 & va:17,23
226,41,33,de:14 & im:20 & pr:19 & pr:6 & pr:9 & th:14 & th:26 & va:19,15
227,40,26,de:16 & im:4 & pr:6,18
228,40,7,de:14 & im:25 & pr:19 & th:26 & va:20,15
229,39,9,de:8 & im:1 & pr:12 & pr:19 & th:9 & va:1,29
230,39,30,pr:23 & pr:6,17
231,39,28,de:15 & im:4 & pr:31 & pr:6,18
232,39,27,de:16 & im:31 & pr:12 & pr:6 & th:4,21
233,39,28,de:37 & im:8 & pr:19 & pr:6 & th:28 & va:1,29
234,39,6,de:28 & im:7 & pr:12 & th:12 & va:17 & va:28,19
235,38,6,de:28 & im:7 & pr:19 & th:1 & va:28,19
236,38,1,pr:6 & th:2,17
237,38,2,de:11 & im:22 & pr:18 & pr:31 & th:2 & va:17,21
238,37,28,de:25 & im:34 & pr:4 & pr:6 & th:21 & va:27,5
239,36,25,de:15 & im:4 & pr:13 & pr:6 & th:4 & va:12,18
240,36,24,de:37 & im:28 & pr:6 & pr:7 & th:2 & va:1,23
241,36,25,de:15 & im:4 & pr:31 & pr:6 & th:9 & va:32,18
242,36,27,de:29 & im:10 & pr:19 & pr:6 & th:5 & va:1,25
243,36,23,de:17 & im:7 & pr:11 & pr:27 & pr:6 & th:12 & va:9,19
244,36,4,de:16 & im:1 & pr:21 & th:31 & va:39,21
245,36,3,de:11 & im:22 & pr:31 & th:2 & va:17,21
246,36,15,de:34 & im:10 & pr:10 & pr:19 & pr:27 & th:3 & va:4,25
247,36,7,de:3 & im:33 & pr:16 & pr:19 & pr:2 & th:34 & va:26,4
248,36,19,de:15 & im:4 & pr:31 & pr:6 & th:11 & va:32,18
249,35,24,de:16 & pr:12 & pr:6 & th:2 & va:2,21
250,35,22,de:37 & im:1 & pr:12 & pr:6 & th:6 & va:15,23
251,35,25,de:15 & im:4 & pr:31 & pr:6 & th:12 & va:10,18
252,35,23,de:8 & im:39 & pr:10 & pr:6 & th:28 & va:1,29
253,35,24,de:11 & im:1 & pr:10 & pr:31 & pr:6 & th:27 & va:22,21
254,35,26,de:37 & im:1 & pr:12 & pr:6 & pr:7 & th:6 & va:1,23
255,35,4,de:15 & im:19 & pr:35 & th:12 & va:30,19
256,35,20,de:15 & im:4 & pr:27 & pr:6 & th:11 & va:32,18
257,35,13,de:15 & im:4 & pr:12 & pr:6 & th:11 & va:9,18
258,34,22,de:15 & im:4 & pr:31 & pr:6 & th:9 & va:31,18
259,34,22,de:29 & im:9 & pr:33 & pr:6 & th:9 & va:38,6
260,34,21,de:8 & im:3 & pr:16 & pr:6 & th:13 & va:1,29
261,34,4,de:9 & im:4 & pr:6 & th:11 & va:9,18
262,34,1,de:17 & im:20 & pr:27 & va:17,13
263,34,2,de:16 & pr:12,21
264,34,17,de:12 & im:20 & pr:19 & pr:9 & th:1 & va:12,15
265,34,9,de:3 & im:3 & pr:16 & th:28 & va:1,29
266,34,20,de:15 & de:20 & de:9 & im:4 & pr:27 & pr:3 & pr:6 & th:1 & th:11 & va:10,18
267,33,24,de:29 & im:10 & pr:5 & pr:6 & th:8 & va:12,25
268,33,27,de:29 & im:16 & pr:39 & pr:6 & th:36 & va:26,4
269,33,22,de:37 & im:28 & pr:6 & pr:7 & th:6 & va:1,23
270,33,24,de:37 & im:1 & pr:12 & pr:6 & th:6 & va:37,23
271,33,14,de:15 & im:4 & pr:23 & pr:6 & th:11 & va:9,18
272,33,4,de:9 & im:4 & pr:6 & th:12 & va:9,19
273,33,7,de:8 & im:1 & pr:19 & th:9 & va:1,29
274,33,6,de:15 & im:4 & pr:31 & pr:39 & th:11 & va:9,18
275,33,17,de:23 & im:27 & pr:22 & th:18 & va:22,30
276,33,20,de:15 & im:4 & pr:11 & pr:6 & th:11 & va:32,18
277,32,17,de:16 & im:10 & pr:27 & pr:6 & th:12,18
278,32,23,de:6 & im:21 & pr:32 & pr:6 & th:1 & va:8,7
279,32,20,de:15 & im:4 & pr:31 & pr:6 & th:2 & va:32,18
280,32,21,de:29 & im:10 & pr:14 & pr:6 & th:8 & va:20,25
281,32,23,de:25 & im:34 & pr:31 & pr:32 & pr:6,5
282,32,24,de:22 & im:31 & pr:13 & pr:6 & th:4 & va:7,11
283,32,6,im:31 & pr:13 & pr:39 & th:4,11
284,32,6,de:16 & im:1 & pr:12 & pr:39 & th:31 & va:39,21
285,32,5,de:7 & im:10 & pr:39 & pr:7 & th:37 & va:37,25
286,32,5,de:28 & im:7 & pr:39 & pr:6 & th:9 & va:32,19
287,32,17,de:15 & im:4 & pr:12 & pr:6 & th:11 & va:32,18
288,31,21,de:20 & de:28 & im:19 & pr:12 & pr:24 & pr:6 & va:30,19
289,31,2,de:13 & im:7 & pr:26 & va:30,19
290,31,12,de:15 & im:4 & pr:6 & pr:9 & th:11 & va:9,18
291,31,35,de:15 & im:4 & pr:12 & pr:31 & pr:6 & th:11 & va:10,18
292,30,20,im:4 & pr:31 & pr:6 & th:9 & va:10,18
293,30,20,de:7 & im:7 & pr:27 & pr:6 & th:12 & va:28,19
294,30,20,de:3 & im:12 & pr:10 & pr:6 & th:7 & va:0,26
295,30,21,de:14 & im:25 & pr:6 & pr:9 & th:26 & va:20,15
296,30,7,de:33 & im:5 & pr:16 & th:26 & va:20,14
297,30,3,de:10 & im:11 & pr:2 & th:13 & va:34,31
298,30,12,de:15 & im:4 & pr:33 & pr:6 & th:11 & va:32,18
299,30,6,de:32 & de:37 & im:0 & im:1 & pr:19 & th:7 & va:17,26
300,30,31,de:15 & im:4 & pr:6 & pr:9 & th:11 & th:14 & va:10,18
301,29,21,de:6 & im:21 & pr:30 & pr:6 & th:1 & va:18,7
302,29,21,de:6 & im:31 & pr:30 & pr:6 & th:5 & va:0,2
303,29,21,de:6 & im:21 & pr:4 & pr:6 & th:1 & va:28,7
304,29,17,de:3 & im:16 & pr:23 & pr:6 & th:36 & va:0,4
305,29,20,de:13 & im:1 & pr:6 & pr:7 & th:37 & va:39,23
306,29,19,de:25 & im:34 & pr:32 & pr:6 & th:21 & va:17,5
307,29,19,de:15 & im:4 & pr:6 & pr:7 & th:2 & va:2,18
308,29,18,de:37 & im:1 & pr:12 & pr:6 & th:6 & va:17,23
309,29,21,de:11 & pr:6 & pr:9 & th:14 & th:2 & va:2,21
310,29,19,de:14 & im:25 & pr:6 & pr:7 & th:26 & va:20,15
311,29,8,de:39 & im:0 & pr:10 & pr:16 & va:1,29
312,29,7,de:14 & im:20 & pr:9 & th:29 & va:19,15
313,29,26,de:15 & im:4 & pr:13 & pr:6 & th:11 & va:10,18
314,29,33,de:15 & de:20 & im:4 & pr:27 & pr:6 & th:11 & th:12 & va:10,18
315,29,35,de:15 & im:4 & pr:6 & pr:7 & pr:8 & th:11 & th:37 & va:10,18
316,28,19,de:3 & im:16 & pr:6 & pr:7 & va:0,4
317,28,21,pr:12 & pr:6 & th:2,21
318,28,16,de:37 & im:1 & pr:25 & pr:6 & th:37 & va:39,23
319,28,1,de:11 & im:38 & pr:6 & th:26 & th:9 & va:2,19
320,28,8,de:3 & im:33 & pr:2 & th:34 & va:26,4
321,28,20,de:12 & im:20 & pr:27 & pr:9 & th:1 & va:12,15
322,28,29,de:15 & im:4 & pr:16 & pr:6 & th:11 & va:10,18
323,27,15,de:37 & im:3 & pr:19 & pr:6 & th:6 & va:1,23
324,27,16,de:37 & im:20 & pr:16 & pr:6 & th:8 & va:20,14
325,27,16,de:37 & im:0 & pr:19 & pr:6 & pr:7 & th:6 & va:1,23
326,27,1,im:7 & pr:4 & va:28,8
327,27,1,de:16 & im:38 & pr:12 & th:12 & va:2,21
328,27,26,de:15 & de:16 & im:4 & pr:12 & pr:4 & pr:6 & th:11 & th:2 & va:10,18
329,27,10,de:15 & im:4 & pr:11 & pr:31 & th:9 & va:10,18
330,27,14,de:13 & im:1 & pr:27 & pr:7 & th:37 & va:17,23
331,26,12,de:20 & im:7 & pr:11 & pr:6 & th:1,19
332,26,15,de:22 & im:23 & pr:13 & pr:6 & th:4 & va:38,11
333,26,17,de:15 & im:4 & pr:23 & pr:6 & th:11 & va:32,18
334,26,2,pr:17,9
335,26,2,de:28 & im:9 & pr:18 & th:35 & va:28,8
336,26,2,de:37 & im:0 & pr:7 & th:6 & va:1,23
337,26,7,de:3 & im:16 & pr:2 & th:36 & va:26,4
338,26,4,de:12 & im:20 & pr:13 & pr:9 & th:1 & va:12,15
339,26,10,de:37 & im:1 & pr:12 & pr:13 & th:6 & va:39,23
340,26,6,de:20 & im:19 & pr:13 & pr:24 & th:1 & va:30,19
341,25,11,de:13 & im:1 & pr:6 & th:0 & va:15,23
342,25,15,de:20 & im:19 & pr:27 & pr:6 & th:12,19
343,25,12,de:16 & im:4 & pr:31 & pr:6 & th:2 & va:10,18
344,25,15,de:22 & im:31 & pr:31 & pr:6 & th:2,11
345,25,15,de:22 & im:31 & pr:31 & pr:6 & th:2 & va:4,11
346,25,22,de:3 & im:16 & pr:23 & pr:39 & th:36 & va:0,4
347,25,5,de:22 & im:31 & pr:39 & th:4 & va:7,11
348,25,5,de:21 & im:5 & pr:39 & th:39 & va:0,1
349,25,15,de:3 & im:16 & pr:27 & pr:39 & th:36 & va:26,4
350,25,3,de:38 & de:6 & im:10 & im:3 & pr:31 & pr:32 & pr:4 & va:0 & va:23,2
351,25,5,de:30 & im:8 & pr:1 & th:7 & va:1,29
352,24,21,pr:12 & pr:6,21
353,24,13,de:3 & im:16 & pr:39 & pr:6 & th:36 & va:7,4
354,24,12,de:14 & im:25 & pr:14 & pr:6 & th:26,15
355,24,11,de:6 & im:7 & pr:19 & pr:6 & pr:8 & th:34 & va:12,24
356,24,12,de:15 & im:4 & pr:19 & pr:6 & th:1 & va:10,18
357,24,12,de:15 & im:4 & pr:19 & pr:6 & th:11,18
358,24,12,de:15 & im:4 & pr:19 & pr:27 & pr:6 & th:12 & th:2 & va:10,18
359,24,3,pr:19 & th:2 & va:15 & va:9,24
360,24,9,de:37 & im:3 & pr:16 & pr:19 & th:28 & va:33,29
361,24,19,de:3 & im:16 & pr:12 & pr:39 & th:36 & va:0,4
362,24,4,de:9 & pr:6 & th:11,18
363,23,14,de:20 & im:19 & pr:11 & pr:6 & th:1 & va:9,19
364,23,8,de:7 & im:7 & pr:39 & pr:6 & th:5 & va:0,2
365,23,8,de:20 & im:19 & pr:27 & pr:6 & th:12 & va:9,19
366,23,8,de:29 & im:10 & pr:39 & pr:6 & th:36 & va:0,25
367,23,3,de:28 & im:9 & pr:30 & th:35 & va:28,8
368,23,25,de:15 & im:4 & pr:6 & pr:7 & pr:9 & th:11 & th:14 & va:10,18
369,23,4,de:1 & im:13 & im:18 & pr:2 & th:34 & va:26,4
370,23,2,im:1 & pr:7 & th:6 & va:39,23
371,23,25,de:15 & de:32 & im:0 & im:4 & pr:19 & pr:6 & th:11 & th:7 & va:10,18
372,22,13,pr:11 & pr:6 & th:12 & va:9,19
373,22,9,de:16 & im:19 & pr:31 & pr:6 & va:17,21
374,22,12,de:13 & im:1 & pr:17 & pr:6 & th:0,23
375,22,12,de:16 & im:1 & pr:31 & pr:6 & th:2 & va:17,21
376,22,14,de:22 & im:31 & pr:32 & pr:6 & th:4 & va:23,11
377,22,14,de:3 & im:16 & pr:6 & pr:7 & th:36 & va:0,4
378,22,14,de:16 & im:4 & pr:4 & pr:6 & th:12 & va:12,18
379,22,14,de:14 & im:25 & pr:14 & pr:6 & th:26 & va:20,15
380,22,7,de:32 & im:0 & pr:19 & th:7 & va:39,26
381,22,4,de:17 & im:19 & pr:4 & th:12 & va:9,19
382,22,9,de:13 & im:1 & pr:33 & pr:7 & th:37 & va:17,23
383,22,10,de:15 & im:4 & pr:31 & pr:33 & th:9 & va:10,18
384,22,9,de:13 & im:1 & pr:31 & pr:7 & th:37 & va:17,23
385,22,7,de:20 & im:19 & pr:12 & pr:35 & th:12 & va:2,19
386,22,3,im:28 & pr:12 & va:3,22
387,22,24,de:11 & de:15 & de:5 & im:28 & im:4 & pr:12 & pr:23 & pr:6 & th:11 & th:25 & va:10,18
388,22,11,de:15 & im:4 & pr:27 & pr:31 & th:9 & va:10,18
389,22,25,de:15 & de:24 & im:13 & im:4 & pr:13 & pr:33 & pr:6 & th:11 & th:4 & va:10 & va:15,18
390,21,8,de:37 & im:28 & pr:20 & pr:6 & th:38,22
391,21,7,de:8 & im:16 & pr:0 & pr:6 & th:7 & va:34,26
392,21,8,de:28 & im:9 & pr:6 & pr:7 & th:39 & va:0,1
393,21,8,de:13 & im:1 & pr:33 & pr:6 & th:6 & va:17,23
394,21,3,pr:39,3
395,21,2,de:16 & im:4 & pr:32 & th:12 & va:12,18
396,21,11,de:16 & im:1 & pr:12 & pr:19 & th:31 & va:39,21
397,21,3,de:8 & im:13 & pr:19 & th:30 & th:6 & va:1,29
398,21,2,de:37 & im:28 & pr:19 & th:29 & va:1,23
399,21,9,de:20 & im:19 & pr:11 & pr:39 & th:12 & va:9,19
400,21,3,de:17 & im:20 & pr:4 & th:12 & va:9,19
401,21,24,de:15 & im:4 & pr:6 & pr:9 & th:11 & va:32,18
402,21,8,de:34 & im:10 & pr:10 & pr:19 & pr:33 & th:3 & va:4,25
403,21,17,de:15 & de:20 & im:19 & im:4 & pr:11 & pr:12 & pr:6 & th:11 & th:2 & va:10,18
404,20,7,de:16 & pr:12 & pr:6,21
405,20,11,de:29 & im:12 & pr:0 & pr:6 & th:5 & va:0,2
406,20,10,de:13 & im:1 & pr:19 & pr:6 & th:0 & va:15,23
407,20,6,de:0 & im:30 & pr:18 & pr:6 & th:23 & va:4,10
408,20,6,de:3 & im:16 & pr:38 & pr:6 & th:12 & va:26,4
409,20,18,de:14 & im:20 & pr:6 & pr:9 & th:14 & va:19,15
410,20,12,de:15 & im:4 & pr:27 & pr:31 & pr:6 & th:12 & th:2 & va:10,18
411,20,4,de:37 & im:1 & pr:19 & th:37 & va:39,23
412,20,18,pr:27 & pr:6,13
413,20,22,de:3 & im:16 & pr:27 & pr:39 & th:36 & va:0,4
414,20,6,de:3 & im:16 & pr:2 & th:36 & va:0,4
415,20,5,de:1 & im:8 & pr:16 & pr:20 & th:6 & va:35,23
416,20,4,de:37 & im:1 & pr:20 & th:6 & va:1,23
417,20,14,de:12 & im:20 & pr:31 & pr:9 & th:1 & va:12,15
418,20,11,de:25 & im:34 & pr:31 & pr:32 & th:21 & va:30,5
419,20,19,de:3 & im:16 & pr:12 & pr:39 & th:36 & va:26,4
420,20,10,de:11 & im:9 & pr:12 & pr:33 & th:35 & va:15,6
421,20,4,de:15 & im:4 & pr:4 & pr:6 & th:11 & va:9,18
422,19,10,de:9 & im:19 & pr:4 & pr:6 & th:12 & va:30,19
423,19,14,de:15 & im:4 & pr:6 & pr:7 & th:11 & va:9,18
424,19,15,de:17 & im:20 & pr:12 & pr:6 & th:12 & th:2 & va:3,19
425,19,5,de:18 & im:0 & pr:16 & th:19 & va:19,29
426,19,1,de:3 & im:10 & pr:0 & th:39 & va:0,4
427,19,23,de:15 & im:4 & pr:12 & pr:20 & pr:6 & th:11 & th:38 & va:10,18
428,19,11,de:15 & im:4 & pr:31 & pr:9 & th:11 & va:9,18
429,19,4,de:33 & im:5 & pr:16 & th:8 & va:20,14
430,19,3,de:16 & im:4 & pr:7 & th:6 & va:10,18
431,19,18,pr:31 & pr:6,27
432,19,1,de:28 & im:10 & pr:17 & th:4 & va:17,9
433,18,12,de:9 & im:35 & pr:11 & pr:6 & th:12 & va:9,19
434,18,5,de:37 & im:1 & pr:19 & pr:6 & th:6 & va:17,23
435,18,17,de:12 & im:20 & pr:23 & pr:9 & th:1 & va:12,15
436,18,12,de:34 & im:10 & pr:10 & pr:19 & pr:23 & th:3 & va:4,25
437,18,16,de:25 & im:34 & pr:19 & pr:4 & th:21 & va:27,5
438,18,21,de:3 & im:16 & pr:19 & pr:39 & th:36 & va:0,4
439,18,8,de:4 & im:10 & pr:16 & pr:19 & th:8 & va:33,25
440,18,9,de:3 & im:3 & pr:14 & pr:19 & th:34 & va:1,29
441,18,6,de:29 & im:29 & pr:0 & th:34 & va:14,2
442,18,1,de:16 & im:1 & pr:18 & th:0 & va:17,23
443,18,2,de:16 & im:1 & pr:18 & th:0 & va:15,23
444,18,6,de:15 & im:4 & pr:31 & pr:33 & th:11 & va:9,18
445,18,11,de:37 & im:1 & pr:12 & pr:31 & th:6 & va:39,23
446,18,10,de:11 & im:9 & pr:31 & pr:33 & th:35 & va:15,6
447,18,8,de:34 & im:10 & pr:10 & pr:19 & pr:31 & th:3 & va:4,25
448,18,5,de:37 & im:1 & pr:18 & pr:3 & th:6 & va:17,23
449,18,5,de:37 & im:1 & pr:18 & pr:19 & th:6 & va:17,23
450,18,4,de:28 & im:7 & pr:12 & pr:6 & th:9 & va:32,19
451,18,4,de:1 & im:18 & pr:2 & th:34 & va:26,4
452,18,20,pr:11 & pr:6,17
453,18,11,de:3 & im:16 & pr:39 & pr:4 & th:36 & va:26,4
454,18,2,pr:37 & va:37,20
455,18,21,de:15 & de:22 & im:4 & pr:15 & pr:31 & pr:6 & th:10 & th:11 & th:2 & va:10,18
456,18,22,de:11 & de:13 & de:15 & im:1 & im:4 & pr:12 & pr:6 & pr:7 & th:11 & th:14 & th:37 & va:10,18
457,17,4,de:0 & im:3 & pr:12 & pr:19 & th:7 & va:23,26
458,17,3,de:38 & im:10 & pr:6 & pr:7 & th:12 & va:0,2
459,17,4,de:7 & im:31 & pr:13 & pr:6 & th:4 & va:7,11
460,17,4,de:7 & im:4 & pr:13 & pr:6 & th:4 & va:10,18
461,17,12,de:15 & im:4 & pr:23 & pr:31 & th:9 & va:10,18
462,17,3,de:28 & im:19 & pr:4 & th:12 & va:30,19
463,17,12,de:7 & im:14 & pr:4 & pr:6 & th:1 & va:28,8
464,17,11,de:37 & im:1 & pr:12 & pr:19 & th:6 & va:39,23
465,17,6,de:16 & pr:12 & th:31,21
466,17,4,de:20 & im:19 & pr:11 & pr:4 & th:2 & va:9,19
467,17,6,de:17 & im:20 & pr:39 & pr:4 & th:12 & va:9,19
468,17,6,de:17 & im:19 & pr:39 & pr:4 & th:12 & va:9,19
469,17,10,de:15 & im:4 & pr:12 & pr:31 & th:9 & va:10,18
470,17,7,de:15 & im:4 & pr:12 & pr:31 & th:11 & va:9,18
471,17,11,de:37 & im:1 & pr:12 & pr:4 & th:6 & va:1,23
472,17,1,de:38 & im:9 & pr:23 & th:4 & va:28,8
473,17,24,de:15 & de:20 & im:20 & im:4 & pr:12 & pr:24 & pr:6 & th:1 & th:11 & th:2 & va:10 & va:9,18
474,17,20,de:15 & de:20 & de:28 & im:4 & pr:27 & pr:6 & th:1 & th:11 & th:12 & va:10,18
475,16,9,de:22 & im:31 & pr:9 & th:14 & th:4 & va:7,11
476,16,7,de:22 & im:9 & pr:13 & pr:6 & th:4 & va:15,11
477,16,2,de:28 & im:7 & pr:19 & pr:6 & th:1 & va:28,19
478,16,7,de:15 & im:19 & pr:35 & pr:6 & th:12 & va:30,19
479,16,11,de:20 & im:7 & pr:32 & pr:6 & th:12,19
480,16,10,de:13 & im:1 & pr:23 & pr:7 & th:37 & va:17,23
481,16,12,de:15 & im:4 & pr:12 & pr:6 & th:2 & va:9,18
482,16,7,de:10 & im:26 & pr:28 & th:33 & va:21,30
483,16,10,de:16 & pr:19 & pr:6 & th:31,21
484,16,10,de:11 & im:9 & pr:19 & pr:33 & th:35 & va:15,6
485,16,2,de:3 & im:16 & pr:13 & pr:3 & th:15 & va:13,4
486,16,2,de:10 & im:24 & pr:13 & pr:28 & th:10 & va:36,32
487,16,2,de:6 & im:11 & pr:13 & pr:5 & th:1 & va:4,7
488,16,6,im:31 & pr:13 & pr:19 & th:4,11
489,16,14,de:20 & im:19 & pr:11 & pr:19 & th:12 & va:9,19
490,16,7,de:1 & im:1 & pr:13 & pr:19 & pr:36 & th:23 & va:4,10
491,16,3,de:3 & im:21 & pr:0 & th:13 & va:8,4
492,16,3,de:3 & im:21 & pr:0 & th:19 & va:8,4
493,16,5,pr:23 & pr:39,3
494,16,5,de:15 & im:4 & pr:39 & pr:6 & th:11 & va:10,18
495,16,5,de:29 & im:9 & pr:33 & pr:39 & th:9 & va:38,6
496,16,5,de:37 & im:1 & pr:12 & pr:39 & th:6 & va:1,23
497,16,5,de:20 & im:7 & pr:39 & pr:6 & th:12 & va:0,19
498,16,6,de:22 & im:31 & pr:13 & pr:39 & th:4 & va:7,11
499,16,5,de:8 & im:3 & pr:16 & pr:39 & th:13 & va:1,29
500,16,6,de:15 & im:4 & pr:39 & pr:6 & th:11 & va:9,18
501,16,6,de:20 & im:19 & pr:11 & pr:39 & pr:4 & th:2 & va:9,19
502,16,6,de:6 & im:7 & pr:19 & pr:39 & pr:8 & th:34 & va:12,24
503,16,6,de:17 & im:7 & pr:11 & pr:27 & pr:39 & th:12 & va:9,19
504,16,5,de:15 & de:28 & im:4 & im:7 & pr:39 & pr:6 & th:9 & va:32,19
505,16,6,de:29 & de:3 & im:11 & im:29 & pr:0 & th:10 & th:34 & va:8,4
506,16,4,de:15 & im:4 & pr:12 & th:2 & va:32,18
507,16,10,de:1 & de:15 & im:4 & pr:13 & pr:18 & pr:36 & pr:6 & th:11 & th:23 & th:6 & va:10,18
508,16,12,de:15 & im:4 & pr:31 & pr:9 & th:9 & va:10,18
509,16,2,de:24 & im:2 & pr:13 & th:13 & va:7,11
510,16,6,de:14 & im:20 & pr:9 & th:14 & th:26 & va:19,15
511,16,2,de:6 & im:11 & pr:5 & th:1 & va:4,7
512,16,9,de:20 & im:19 & pr:11 & pr:33 & th:12 & va:9,19
513,16,13,de:37 & im:1 & pr:12 & pr:31 & th:6 & va:1,23
514,16,10,de:15 & im:4 & pr:31 & pr:6 & th:1 & va:10,18
515,16,3,de:6 & im:19 & pr:11 & th:12 & va:9,19
516,16,20,de:15 & de:25 & im:34 & im:4 & pr:32 & pr:6 & th:11 & th:21 & th:33 & va:10,18
517,16,11,de:15 & im:4 & pr:12 & pr:19 & pr:6 & th:11 & va:10,18
518,16,8,de:15 & im:4 & pr:4 & pr:6 & th:11 & va:32,18
519,16,18,de:15 & de:17 & im:4 & pr:4 & pr:6 & th:11 & th:12 & th:4 & va:10,18
520,16,11,de:12 & im:20 & pr:11 & pr:9 & th:1 & va:12,15
521,16,20,de:15 & de:25 & im:34 & im:4 & pr:32 & pr:4 & pr:6 & th:11 & th:21 & th:33 & va:10,18
522,16,21,de:15 & de:28 & im:4 & pr:12 & pr:4 & pr:6 & th:11 & va:10,18
523,16,21,de:15 & de:28 & im:4 & pr:12 & pr:24 & pr:6 & th:11 & va:10,18
524,16,19,de:15 & im:4 & pr:25 & pr:6 & th:11 & va:10,18
525,16,10,de:15 & de:20 & im:19 & im:4 & pr:35 & pr:6 & pr:7 & th:11 & th:12 & va:10,18
526,15,3,de:25 & im:34 & pr:32 & th:33 & va:33,5
527,15,8,de:15 & im:4 & pr:23 & pr:31 & th:11 & va:9,18
528,15,11,de:8 & im:12 & pr:10 & pr:12 & pr:6 & th:7 & va:4,26
529,15,9,de:16 & im:35 & pr:12 & pr:6 & th:2 & va:2,21
530,15,10,de:16 & im:4 & pr:27 & pr:31 & pr:6 & pr:7 & th:12,18
531,15,19,de:15 & im:4 & pr:19 & pr:6 & pr:7 & th:11 & va:10,18
532,15,13,de:20 & im:7 & pr:19 & pr:6 & th:12 & va:0,19
533,15,3,de:9 & im:4 & pr:6 & th:12 & va:10,19
534,15,16,de:15 & im:10 & pr:19 & pr:6 & th:11 & va:10,18
535,15,5,de:3 & im:33 & pr:19 & pr:2 & th:34 & va:26,4
536,15,7,de:3 & im:33 & pr:0 & pr:19 & th:34 & va:26,4
537,15,3,de:11 & im:1 & pr:7 & th:25 & va:12,23
538,15,8,de:34 & im:10 & pr:10 & pr:19 & pr:9 & th:3 & va:4,25
539,15,2,de:8 & im:1 & pr:10 & th:6 & va:10,23
540,15,3,de:15 & im:4 & pr:4 & pr:7 & th:12 & th:2 & va:9,18
541,15,1,de:10 & im:24 & pr:28 & th:10 & va:36,32
542,15,12,de:15 & im:4 & pr:31 & pr:6 & th:11,18
543,15,1,de:16 & de:20 & pr:11 & pr:12 & th:12 & th:2 & va:30,19
544,15,4,de:7 & im:7 & pr:11 & th:12 & va:9,19
545,15,4,de:16 & im:1 & pr:21 & pr:9 & th:14 & va:37,21
546,15,7,de:34 & im:10 & pr:10 & pr:11 & pr:19 & th:3 & va:4,25
547,15,8,de:20 & de:3 & im:16 & pr:11 & pr:39 & pr:4 & pr:5 & th:12 & th:2 & th:36 & va:26,4
548,15,20,de:15 & de:5 & im:4 & pr:12 & pr:19 & pr:6 & pr:9 & th:11 & th:29 & va:10,18
549,15,4,de:15 & de:20 & im:19 & im:4 & pr:11 & pr:6 & th:11 & th:2 & va:9,18
550,14,13,de:3 & im:16 & pr:32 & pr:39 & th:36 & va:26,4
551,14,13,de:11 & im:9 & pr:23 & pr:33 & th:35 & va:15,6
552,14,8,de:15 & im:4 & pr:19 & pr:31 & th:9 & va:10,18
553,14,9,de:20 & im:19 & pr:19 & pr:35 & th:12 & va:2,19
554,14,2,de:9 & im:19 & pr:6 & th:12 & va:10,19
555,14,3,de:3 & im:1 & im:16 & pr:30 & th:36 & va:1 & va:15,23
556,14,6,de:15 & de:3 & de:37 & im:1 & im:16 & im:4 & pr:12 & pr:30 & pr:6 & th:11 & th:36 & th:6 & va:15 & va:9,23
557,14,10,de:15 & de:3 & de:37 & im:1 & im:16 & im:4 & pr:12 & pr:30 & pr:6 & th:11 & th:36 & th:6 & va:15 & va:32,23
558,14,14,de:16 & im:4 & pr:19 & pr:6 & va:9,18
559,14,8,de:16 & pr:9 & th:31,21
560,14,11,de:12 & im:20 & pr:12 & pr:9 & th:1 & va:12,15
561,14,11,de:7 & im:10 & pr:19 & pr:9 & th:37 & va:37,25
562,14,8,de:15 & im:4 & pr:27 & pr:6 & th:11,18
563,14,20,de:15 & im:4 & pr:12 & pr:37 & pr:6 & th:11 & va:10,18
564,14,20,de:15 & im:4 & pr:12 & pr:14 & pr:37 & pr:6 & th:11 & th:30 & va:10,18
565,14,20,de:15 & im:4 & pr:12 & pr:20 & pr:37 & pr:6 & th:11 & th:30 & th:6 & va:10,18
566,14,3,de:4 & im:10 & pr:19 & th:8 & va:33,25
567,14,2,de:18 & im:6 & pr:38 & th:36 & va:1,28
568,14,6,de:15 & im:4 & pr:31 & pr:33 & th:2 & va:10,18
569,14,9,de:12 & im:20 & pr:33 & pr:9 & th:1 & va:12,15
570,14,8,de:25 & im:34 & pr:32 & pr:33 & th:21 & va:30,5
571,14,8,de:20 & im:19 & pr:33 & pr:35 & th:12 & va:2,19
572,14,7,de:3 & im:16 & pr:33 & pr:39 & th:36 & va:26,4
573,14,7,de:7 & im:10 & pr:19 & pr:33 & th:37 & va:37,25
574,14,8,de:15 & im:4 & pr:33 & pr:6 & th:11,18
575,14,8,de:15 & im:4 & pr:27 & pr:33 & pr:6 & th:12 & th:2 & va:10,18
576,14,10,de:20 & im:19 & pr:11 & pr:31 & th:12 & va:9,19
577,14,8,de:20 & im:19 & pr:31 & pr:35 & th:12 & va:2,19
578,14,5,de:22 & im:31 & pr:23 & th:37 & va:7,11
579,14,7,de:15 & im:4 & pr:12 & pr:13 & th:4 & va:12,18
580,14,9,de:23 & im:38 & pr:12 & pr:6 & th:12 & va:2,19
581,14,6,de:15 & im:4 & pr:12 & pr:31 & th:2 & va:10,18
582,14,4,de:9 & im:4 & pr:12 & pr:6 & th:12 & va:9,19
583,14,6,de:20 & im:19 & pr:11 & th:2 & va:9,19
584,14,19,de:37 & im:1 & pr:12 & pr:7 & pr:9 & th:6 & va:1,23
585,14,8,de:11 & im:9 & pr:11 & pr:33 & th:35 & va:15,6
586,14,9,de:11 & im:9 & pr:27 & pr:33 & th:35 & va:15,6
587,13,17,de:15 & de:22 & im:31 & im:4 & pr:13 & pr:6 & th:11 & th:4 & va:10 & va:7,18
588,13,12,de:22 & im:31 & pr:13 & pr:19 & th:4 & va:7,11
589,13,11,de:29 & im:9 & pr:19 & pr:33 & th:9 & va:38,6
590,13,11,de:8 & im:3 & pr:16 & pr:19 & th:13 & va:1,29
591,13,12,de:22 & im:31 & pr:19 & pr:3 & pr:6 & th:4 & va:18,11
592,13,12,de:17 & im:7 & pr:11 & pr:19 & pr:27 & th:12 & va:9,19
593,13,10,de:3 & im:8 & pr:19 & pr:39 & pr:7 & th:36 & va:0,4
594,13,11,de:39 & im:0 & pr:10 & pr:16 & pr:19 & va:1,29
595,13,11,de:18 & im:0 & pr:16 & pr:19 & th:19 & va:19,29
596,13,11,de:15 & im:4 & pr:18 & pr:6 & th:11 & va:10,18
597,13,4,de:9 & im:7 & pr:4 & th:12 & va:9,19
598,13,6,de:28 & im:7 & pr:4 & pr:5 & th:1 & va:28,19
599,13,12,de:25 & im:34 & pr:27 & pr:4 & th:21 & va:27,5
600,13,8,de:22 & im:23 & pr:13 & pr:16 & th:4 & va:38,11
601,13,4,de:18 & im:0 & pr:19 & pr:7 & th:7 & va:35,26
602,13,9,de:37 & im:1 & pr:19 & pr:7 & th:6 & va:1,23
603,13,9,de:37 & im:1 & pr:12 & pr:13 & pr:20 & th:6 & va:1,23
604,13,4,de:13 & im:1 & pr:13 & pr:17 & th:0,23
605,13,5,de:20 & im:20 & pr:13 & pr:24 & th:1 & va:30,19
606,13,12,de:37 & im:1 & pr:12 & pr:13 & th:6 & va:1,23
607,13,2,de:37 & im:28 & pr:18 & th:6 & va:1,23
608,13,10,de:29 & im:16 & pr:12 & pr:39 & th:36 & va:26,4
609,13,2,de:1 & im:13 & im:18 & pr:0 & th:34 & va:26,4
610,13,7,de:31 & im:24 & pr:1 & th:13 & va:36,31
611,13,5,de:13 & im:1 & pr:4 & pr:7 & th:37 & va:17,23
612,13,15,pr:27,13
613,12,2,de:23 & im:26 & pr:24 & pr:26 & th:33 & va:38,30
614,12,14,de:37 & im:1 & pr:12 & pr:20 & pr:6 & th:6 & va:1,23
615,12,14,de:15 & im:4 & pr:6 & pr:7 & th:11 & va:32,18
616,12,10,de:15 & im:4 & pr:19 & pr:31 & th:9 & va:31,18
617,12,11,de:20 & im:4 & pr:11 & pr:19 & th:12,19
618,12,16,de:29 & im:16 & pr:19 & pr:39 & th:36 & va:26,4
619,12,15,de:37 & im:1 & pr:12 & pr:19 & pr:7 & th:6 & va:1,23
620,12,9,de:14 & im:25 & pr:14 & pr:19 & th:26,15
621,12,10,de:14 & im:25 & pr:14 & pr:19 & th:26 & va:20,15
622,12,10,de:16 & im:19 & pr:27 & pr:6 & th:12 & va:9,19
623,12,12,de:37 & im:1 & pr:12 & pr:18 & pr:6 & th:6 & va:17,23
624,12,7,de:16 & im:1 & pr:9 & th:31 & va:39,21
625,12,6,de:15 & im:4 & pr:27 & pr:6 & th:11 & th:12 & th:2 & va:9,18
626,12,1,de:7 & im:10 & pr:7 & th:37 & va:37,25
627,12,5,de:14 & de:3 & im:16 & im:25 & pr:14 & pr:39 & th:26 & th:36 & va:20 & va:26,4
628,12,3,de:10 & im:11 & pr:16 & pr:2 & th:13 & va:34,31
629,12,13,de:3 & im:16 & pr:23 & pr:39 & th:36 & va:26,4
630,12,4,de:20 & im:19 & pr:17 & pr:4 & th:1 & va:9,19
631,12,10,de:11 & im:9 & pr:33 & pr:9 & th:35 & va:15,6
632,12,10,de:15 & im:4 & pr:31 & pr:6 & pr:9 & th:11 & va:10,18
633,12,7,im:31 & pr:13 & pr:27 & th:4,11
634,12,7,de:16 & im:1 & pr:12 & pr:27 & th:31 & va:39,21
635,12,13,de:37 & im:8 & pr:19 & pr:27 & th:28 & va:1,29
636,12,15,de:29 & im:16 & pr:27 & pr:39 & th:36 & va:26,4
637,12,17,de:15 & im:7 & pr:27 & pr:6 & th:12 & va:10,18
638,12,1,de:29 & im:10 & pr:39 & th:36 & va:26,25
639,12,3,de:3 & im:3 & pr:14 & pr:16 & th:34 & va:1,29
640,12,4,pr:16 & pr:19 & th:33 & va:17,24
641,12,3,de:3 & im:33 & pr:0 & pr:16 & th:34 & va:26,4
642,12,7,de:37 & im:0 & pr:16 & pr:19 & pr:7 & th:6 & va:1,23
643,12,5,de:6 & im:21 & pr:16 & pr:19 & th:33 & va:37,24
644,12,9,de:37 & im:3 & pr:16 & pr:19 & th:28 & va:35,29
645,12,2,de:3 & im:16 & pr:3 & th:15 & va:13,4
646,12,10,pr:33,6
647,12,6,de:16 & im:1 & pr:12 & pr:33 & th:31 & va:39,21
648,12,8,de:37 & im:1 & pr:12 & pr:33 & th:6 & va:39,23
649,12,6,de:15 & im:4 & pr:31 & pr:33 & pr:6 & th:11 & va:10,18
650,12,6,de:15 & im:4 & pr:33 & pr:6 & th:1 & va:10,18
651,12,8,de:16 & im:1 & pr:12 & pr:31 & th:31 & va:39,21
652,12,7,de:3 & im:16 & pr:31 & pr:39 & th:36 & va:26,4
653,12,7,de:7 & im:10 & pr:19 & pr:31 & th:37 & va:37,25
654,12,14,de:37 & im:1 & pr:12 & pr:31 & pr:7 & th:6 & va:1,23
655,12,6,de:9 & im:22 & pr:19 & pr:22 & th:33 & va:33,30
656,12,5,de:34 & im:10 & pr:10 & pr:19 & pr:36 & th:3 & va:4,25
657,12,8,de:37 & im:1 & pr:12 & pr:13 & th:6 & va:15,23
658,12,5,de:20 & im:19 & pr:12 & pr:27 & th:12,19
659,12,3,de:37 & im:1 & pr:18 & pr:23 & pr:39 & th:6 & va:17 & va:38,23
660,12,1,de:9 & im:22 & pr:22 & th:33 & va:33,30
661,12,8,de:15 & im:4 & pr:12 & pr:31 & th:12 & va:10,18
662,12,7,de:3 & im:16 & pr:39 & pr:7 & th:36 & th:37 & va:26,4
663,12,4,de:38 & de:6 & im:10 & im:3 & pr:21 & pr:32 & pr:4 & th:31 & va:0 & va:23,2
664,12,10,de:3 & im:16 & pr:11 & pr:39 & th:36 & va:26,4
665,12,5,de:15 & im:4 & pr:31 & pr:4 & th:9 & va:10,18
666,12,6,de:37 & im:1 & pr:12 & pr:4 & th:6 & va:39,23
667,12,5,de:34 & im:10 & pr:10 & pr:19 & pr:4 & th:3 & va:4,25
668,12,7,de:16 & im:1 & pr:11 & pr:12 & th:31 & va:39,21
669,12,7,de:25 & im:34 & pr:11 & pr:32 & th:21 & va:30,5
670,12,4,de:13 & im:1 & pr:11 & pr:14 & pr:6 & pr:7 & th:37 & va:17,23
671,12,2,de:15 & im:4 & pr:11 & pr:14 & pr:6 & th:11 & va:9,18
672,12,6,de:15 & im:4 & pr:27 & pr:31 & th:11 & va:9,18
673,12,5,de:30 & im:8 & pr:1 & th:13 & va:1,29
674,11,7,de:37 & im:1 & pr:6 & pr:7 & th:6 & va:17,23
675,11,6,de:5 & im:1 & pr:12 & pr:6 & th:6 & va:1,23
676,11,11,de:37 & im:1 & pr:12 & pr:23 & th:6 & va:1,23
677,11,9,im:9 & pr:0 & pr:6 & va:28,8
678,11,9,de:15 & im:4 & pr:19 & pr:31,18
679,11,9,de:13 & im:1 & pr:19 & pr:7 & th:37 & va:17,23
680,11,15,de:15 & im:7 & pr:19 & pr:6 & th:12 & va:10,18
681,11,8,de:29 & im:10 & pr:19 & pr:5 & th:8 & va:12,25
682,11,8,de:29 & im:10 & pr:14 & pr:19 & th:8 & va:20,25
683,11,8,de:8 & im:39 & pr:10 & pr:19 & th:28 & va:1,29
684,11,9,de:37 & im:20 & pr:16 & pr:19 & th:8 & va:20,14
685,11,6,de:37 & im:1 & pr:19 & pr:38 & th:6 & va:39,23
686,11,7,de:22 & im:31 & pr:13 & pr:19 & th:30 & va:7,11
687,11,7,de:33 & im:5 & pr:16 & pr:19 & th:26 & va:20,14
688,11,3,de:22 & im:31 & pr:13 & pr:16 & th:30 & va:7,11
689,11,4,de:0 & im:3 & pr:16 & pr:19 & th:7 & va:23,26
690,11,6,de:13 & im:1 & pr:13 & pr:7 & th:37 & va:17,23
691,11,9,de:3 & im:16 & pr:33 & pr:39 & th:36 & va:0,4
692,11,8,de:37 & im:1 & pr:12 & pr:33 & th:6 & va:1,23
693,11,9,de:37 & im:1 & pr:12 & pr:33 & th:6 & va:37,23
694,11,2,de:5 & im:1 & pr:7 & th:37 & va:39,23
695,11,8,de:15 & im:4 & pr:6 & pr:9 & th:11 & th:14 & va:9,18
696,11,1,de:8 & im:3 & pr:20 & th:30 & va:1,29
697,11,6,de:6 & im:21 & pr:12 & pr:30 & th:1 & va:18,7
698,11,6,de:6 & im:31 & pr:12 & pr:30 & th:5 & va:0,2
699,11,6,de:6 & im:21 & pr:12 & pr:4 & th:1 & va:28,7
700,11,5,de:6 & im:21 & pr:12 & pr:32 & th:1 & va:8,7
701,11,4,de:31 & im:2 & pr:10 & th:10 & va:1,32
702,11,18,de:15 & im:4 & pr:21 & pr:6 & pr:9 & th:11 & th:14 & th:31 & va:10,18
703,11,10,pr:11,17
704,11,11,de:13 & im:1 & pr:11 & pr:7 & th:37 & va:39,23
705,10,5,de:17 & im:20 & pr:27 & pr:6 & va:17,13
706,10,2,pr:11 & th:12 & va:27,19
707,10,10,de:37 & im:1 & pr:12 & pr:23 & th:6 & va:39,23
708,10,9,de:25 & im:34 & pr:23 & pr:32 & th:21 & va:30,5
709,10,10,de:7 & im:10 & pr:19 & pr:23 & th:37 & va:37,25
710,10,6,de:6 & im:10 & pr:8 & th:1 & va:13,7
711,10,10,de:16 & im:4 & pr:19,18
712,10,12,de:14 & im:25 & pr:19 & pr:7 & th:26 & va:20,15
713,10,11,de:23 & im:38 & pr:19 & pr:6 & th:12 & va:2,19
714,10,4,de:3 & im:1 & im:16 & pr:30 & th:36 & va:15 & va:17,23
715,10,4,de:37 & im:1 & pr:19 & th:37 & va:17,23
716,10,8,de:16 & im:10 & pr:19 & pr:27 & th:12,18
717,10,8,de:3 & im:16 & pr:19 & pr:39 & th:36 & va:7,4
718,10,8,de:3 & im:16 & pr:19 & pr:23 & th:36 & va:0,4
719,10,3,de:6 & im:21 & pr:19 & th:33 & va:37,24
720,10,9,de:15 & im:4 & pr:23 & pr:27 & pr:6 & th:12 & th:2 & va:10,18
721,10,2,de:14 & im:20 & pr:9 & th:8 & va:19,15
722,10,2,de:25 & im:34 & pr:6 & th:12,5
723,10,6,de:15 & im:4 & pr:18 & pr:6 & th:11 & va:32,18
724,10,14,pr:9,15
725,10,8,de:13 & im:1 & pr:7 & pr:9 & th:37 & va:17,23
726,10,14,de:3 & im:16 & pr:39 & pr:9 & th:36 & va:0,4
727,10,9,de:25 & im:34 & pr:32 & pr:9 & th:21 & va:30,5
728,10,11,de:3 & im:16 & pr:39 & pr:9 & th:36 & va:26,4
729,10,10,de:37 & im:1 & pr:12 & pr:9 & th:6 & va:39,23
730,10,12,de:16 & im:4 & pr:27,18
731,10,8,de:15 & pr:27 & pr:6 & th:1,18
732,10,12,de:20 & im:4 & pr:11 & pr:27 & th:12,19
733,10,8,de:4 & im:7 & pr:27 & pr:6 & th:12 & va:30,19
734,10,7,de:15 & im:4 & pr:27 & pr:6 & th:1 & va:10,18
735,10,11,de:15 & im:10 & pr:27 & pr:6 & th:11 & va:10,18
736,10,9,de:3 & im:8 & pr:27 & pr:39 & pr:7 & th:36 & va:0,4
737,10,13,de:14 & im:20 & pr:19 & pr:27 & pr:9 & th:14 & th:26 & va:19,15
738,10,2,de:3 & im:0 & pr:39 & th:36 & va:26,4
739,10,8,de:15 & de:37 & im:4 & pr:19 & pr:6 & pr:7 & th:11 & th:6 & va:10,18
740,10,2,de:15 & im:4 & pr:6 & th:12 & va:10,18
741,10,10,pr:12 & pr:19,21
742,10,3,pr:33 & pr:4 & va:28,8
743,10,5,de:9 & im:4 & pr:33 & pr:6 & th:12 & va:9,19
744,10,10,de:15 & im:4 & pr:31 & pr:6 & th:11 & va:15,18
745,10,10,de:16 & im:10 & pr:31 & pr:6 & th:12 & va:3,18
746,10,12,de:22 & im:31 & pr:13 & pr:31 & th:4 & va:7,11
747,10,12,de:37 & im:1 & pr:12 & pr:31 & th:6 & va:37,23
748,10,13,de:16 & im:4 & pr:31 & pr:6 & va:9,18
749,10,13,de:15 & im:10 & pr:31 & pr:6 & th:11 & va:10,18
750,10,15,de:14 & im:20 & pr:19 & pr:31 & pr:9 & th:14 & th:26 & va:19,15
751,10,6,de:22 & im:31 & pr:12 & pr:3 & th:4 & va:7,11
752,10,3,de:8 & im:1 & pr:1 & pr:3 & th:33 & va:39,23
753,10,7,de:15 & pr:19 & pr:6 & th:1,18
754,10,5,pr:19 & pr:31 & th:16 & va:1,27
755,10,7,de:4 & im:7 & pr:19 & pr:6 & th:12 & va:30,19
756,10,5,de:11 & im:1 & pr:19 & pr:7 & th:25 & va:12,23
757,10,3,de:7 & im:4 & pr:12 & pr:6 & th:12 & va:10,19
758,10,4,de:15 & im:4 & pr:12 & pr:23 & pr:39 & pr:6 & th:11 & va:38 & va:9,18
759,10,1,de:8 & im:12 & pr:10 & th:7 & va:4,26
760,10,4,de:15 & de:20 & de:9 & im:4 & pr:27 & pr:3 & pr:6 & th:1 & th:11 & va:9,18
761,10,3,de:20 & im:19 & pr:24 & th:1 & va:30,19
762,10,2,pr:31 & th:16 & va:1,27
763,10,6,de:10 & im:32 & pr:28 & th:33 & va:33,30
764,10,3,de:3 & im:11 & pr:0 & va:8,4
765,10,2,de:1 & im:18 & pr:0 & th:34 & va:26,4
766,10,13,de:15 & im:4 & pr:39 & pr:6 & th:11 & th:36 & va:10,18
767,10,3,de:28 & im:7 & pr:4 & pr:6 & th:9 & va:32,19
768,10,5,de:16 & de:20 & de:37 & im:1 & pr:11 & pr:12 & pr:9 & th:12 & th:2 & th:6 & va:17,19
769,10,7,de:37 & im:1 & pr:11 & pr:12 & th:6 & va:39,23
770,10,5,de:15 & im:4 & pr:11 & pr:31 & pr:6 & th:11 & va:10,18
771,10,6,de:20 & im:19 & pr:11 & pr:35 & th:12 & va:2,19
772,10,13,de:20 & de:28 & im:19 & pr:11 & pr:12 & pr:24 & va:30,19
773,10,7,de:15 & im:4 & pr:11 & pr:6 & th:1 & va:10,18
774,10,6,de:15 & im:4 & pr:11 & pr:27 & pr:6 & th:12 & th:2 & va:10,18
775,10,2,de:37 & im:1 & pr:12 & th:2 & va:1,23
776,10,5,de:15 & im:4 & pr:11 & pr:31 & th:2 & va:10,18
777,10,15,de:17 & im:4 & pr:27 & pr:6 & th:12 & va:9,19
778,10,8,de:20 & im:19 & pr:27 & pr:35 & th:12 & va:2,19
779,10,14,de:15 & im:4 & pr:32 & pr:6 & th:11 & va:10,18
780,10,7,de:3 & im:16 & pr:39 & pr:5 & th:36 & va:26,4
781,10,8,de:20 & de:3 & im:16 & pr:39 & pr:4 & pr:5 & th:1 & th:2 & th:36 & va:26,4
782,10,7,de:15 & im:4 & pr:27 & pr:31 & th:2 & va:10,18
783,10,13,de:15 & im:4 & pr:0 & pr:39 & pr:6 & th:11 & th:36 & va:10,18
784,9,5,de:7 & im:7 & pr:4 & th:12 & va:17 & va:28 & va:9,19
785,9,12,de:20 & im:19 & pr:11 & pr:23 & th:12 & va:9,19
786,9,14,pr:6 & pr:7,17
787,9,8,de:15 & im:19 & pr:19 & pr:6 & th:12 & va:10,18
788,9,12,de:37 & im:28 & pr:19 & pr:7 & th:2 & va:1,23
789,9,8,de:22 & im:23 & pr:13 & pr:19 & th:4 & va:38,11
790,9,11,de:17 & im:4 & pr:19 & pr:6 & th:12 & va:9,19
791,9,9,de:34 & im:10 & pr:10 & pr:19 & pr:7 & th:3 & va:4,25
792,9,7,de:28 & im:9 & pr:19 & pr:7 & th:39 & va:0,1
793,9,2,de:14 & im:25 & pr:14 & va:20,15
794,9,8,de:15 & im:4 & pr:27 & pr:31 & pr:6 & th:12 & th:2 & th:9 & va:10,18
795,9,1,de:32 & im:24 & pr:29 & th:24 & va:36,32
796,9,2,de:18 & im:8 & pr:39 & th:36 & va:0,4
797,9,5,de:11 & im:1 & pr:19 & th:37 & va:20,23
798,9,1,de:16 & im:4 & pr:6 & th:4 & va:10,18
799,9,9,de:20 & im:19 & pr:11 & pr:27 & th:12 & va:9,19
800,9,10,de:16 & im:4 & pr:27 & pr:6 & va:9,18
801,9,6,de:11 & im:1 & pr:18 & pr:6 & th:2 & va:37,21
802,9,11,de:3 & im:16 & pr:2 & pr:39 & th:36 & va:26,4
803,9,6,de:15 & im:4 & pr:16 & pr:6 & th:11 & va:9,18
804,9,5,de:37 & im:1 & pr:19 & pr:33 & th:6 & va:1,23
805,9,6,de:37 & im:1 & pr:19 & pr:33 & th:6 & va:39,23
806,9,9,de:37 & im:1 & pr:12 & pr:31 & th:6 & va:15,23
807,9,8,de:3 & im:16 & pr:31 & pr:39 & th:36 & va:0,4
808,9,8,de:9 & im:35 & pr:31 & pr:6 & th:12 & va:2,19
809,9,10,de:25 & im:34 & pr:31 & pr:32 & th:21 & va:17,5
810,9,11,de:14 & im:25 & pr:31 & pr:9 & th:26 & va:20,15
811,9,11,de:20 & de:28 & im:19 & pr:12 & pr:24 & pr:31 & va:30,19
812,9,11,de:37 & im:8 & pr:19 & pr:31 & th:28 & va:1,29
813,9,1,de:14 & im:8 & pr:7 & th:8 & va:19,29
814,9,8,de:37 & im:1 & pr:12 & pr:19 & th:6 & va:17,23
815,9,2,de:31 & im:12 & pr:19 & th:13 & va:1,31
816,9,5,de:13 & im:1 & pr:12 & pr:17 & th:0,23
817,9,4,de:15 & de:28 & im:4 & im:7 & pr:12 & pr:6 & th:9 & va:32,19
818,9,3,de:20 & im:19 & pr:11 & pr:12 & th:1 & va:9,19
819,9,6,de:31 & im:2 & pr:2 & th:10 & va:36,32
820,9,6,de:19 & im:2 & pr:2 & th:32 & va:14,32
821,9,2,de:24 & im:24 & pr:2 & th:10 & va:8,32
822,9,5,de:21 & im:5 & pr:5 & th:39 & va:31,1
823,9,4,de:15 & im:4 & pr:11 & pr:12 & pr:27 & pr:6 & th:11 & th:2 & va:10,18
824,9,12,de:15 & im:10 & pr:11 & pr:6 & th:11 & va:10,18
825,9,15,de:37 & im:1 & pr:12 & pr:20 & pr:27 & th:6 & va:1,23
826,9,15,de:11 & im:1 & pr:10 & pr:27 & pr:31 & th:27 & va:22,21
827,9,2,de:17 & im:20 & pr:24 & th:21 & va:30,13
828,9,13,de:13 & im:1 & pr:27 & pr:7 & th:37 & va:39,23
829,9,5,de:15 & im:4 & pr:11 & pr:14 & pr:31 & pr:6 & th:9 & va:10,18
830,9,5,de:15 & im:4 & pr:11 & pr:14 & pr:6 & th:11 & va:32,18
831,9,2,de:15 & im:4 & pr:11 & pr:14 & pr:31 & pr:6 & th:11 & va:9,18
832,9,4,de:34 & im:10 & pr:10 & pr:11 & pr:14 & pr:19 & pr:6 & th:3 & va:4,25
833,9,11,de:14 & im:25 & pr:27 & pr:7 & th:26 & va:20,15
834,9,11,de:15 & im:4 & pr:11 & pr:3 & pr:6 & th:11 & va:10,18
835,9,5,de:35 & im:3 & pr:34 & th:7 & va:23,26
836,9,8,de:34 & im:10 & pr:10 & pr:12 & pr:19 & pr:7 & pr:9 & th:3 & va:4,25
837,8,3,de:25 & im:34 & pr:26 & th:22 & va:33,5
838,8,8,pr:19 & pr:23,24
839,8,7,de:15 & im:4 & pr:23 & pr:31 & th:2 & va:10,18
840,8,6,de:15 & im:4 & pr:23 & pr:31 & pr:6 & th:11 & va:10,18
841,8,9,de:12 & im:20 & pr:7 & pr:9 & th:1 & va:12,15
842,8,10,de:15 & im:4 & pr:6 & pr:7 & th:1 & va:10,18
843,8,4,de:20 & im:19 & pr:11 & pr:8 & th:2 & va:9,19
844,8,8,de:3 & im:16 & pr:19 & pr:7 & va:0,4
845,8,11,de:11 & im:1 & pr:10 & pr:19 & pr:31 & th:27 & va:22,21
846,8,2,im:13 & pr:2 & pr:39 & th:3 & va:36,3
847,8,3,de:37 & im:1 & pr:19 & th:6 & va:37,23
848,8,5,de:37 & im:28 & pr:19 & pr:20 & th:38,22
849,8,5,de:20 & im:7 & pr:11 & pr:19 & th:1,19
850,8,5,de:0 & im:30 & pr:18 & pr:19 & th:23 & va:4,10
851,8,5,de:8 & im:16 & pr:0 & pr:19 & th:7 & va:34,26
852,8,5,de:7 & im:7 & pr:19 & pr:39 & th:5 & va:0,2
853,8,5,de:20 & im:19 & pr:19 & pr:27 & th:12 & va:9,19
854,8,5,de:29 & im:10 & pr:19 & pr:39 & th:36 & va:0,25
855,8,5,de:3 & im:16 & pr:19 & pr:38 & th:12 & va:26,4
856,8,6,de:1 & im:9 & pr:13 & pr:19 & pr:36 & th:6 & va:4,10
857,8,1,de:37 & im:1 & pr:38 & th:6 & va:39,23
858,8,2,de:22 & im:31 & pr:13 & th:4 & va:11,11
859,8,11,de:3 & im:3 & pr:16 & pr:19 & th:28 & va:1,29
860,8,8,de:20 & im:19 & pr:23 & pr:35 & th:12 & va:2,19
861,8,1,de:20 & im:19 & pr:17 & th:12 & va:9,19
862,8,1,de:10 & im:3 & pr:15 & pr:32 & th:33 & va:33,30
863,8,14,de:3 & im:16 & pr:23 & pr:7 & th:36 & va:0,4
864,8,9,de:15 & im:4 & pr:23 & pr:6 & th:1 & va:10,18
865,8,12,de:20 & im:19 & pr:11 & pr:9 & th:12 & va:9,19
866,8,6,de:15 & im:4 & pr:31 & pr:9 & th:2 & va:10,18
867,8,10,de:7 & im:14 & pr:4 & pr:9 & th:1 & va:28,8
868,8,13,de:37 & im:1 & pr:12 & pr:9 & th:6 & va:1,23
869,8,7,de:15 & im:4 & pr:27 & pr:6 & pr:9 & th:12 & th:2 & va:10,18
870,8,15,de:7 & im:7 & pr:11 & pr:14 & pr:6 & pr:9 & th:12 & va:18,19
871,8,7,de:20 & im:7 & pr:27 & pr:6 & th:12 & va:0,19
872,8,9,de:22 & im:31 & pr:13 & pr:27 & th:4 & va:7,11
873,8,7,de:29 & im:10 & pr:19 & pr:27 & th:5 & va:1,25
874,8,1,de:3 & im:24 & pr:39 & th:36 & va:26,4
875,8,7,de:37 & im:1 & pr:19 & pr:20 & th:6 & va:1,23
876,8,9,de:15 & de:3 & im:4 & pr:38 & pr:39 & pr:6 & th:11 & th:12 & th:36 & va:10,18
877,8,9,de:3 & im:16 & pr:16 & pr:39 & th:36 & va:26,4
878,8,7,de:25 & im:34 & pr:19 & pr:31 & pr:32,5
879,8,9,de:11 & pr:19 & pr:9 & th:14 & th:2 & va:2,21
880,8,6,de:25 & im:34 & pr:13 & pr:32 & th:21 & va:30,5
881,8,6,de:7 & im:10 & pr:13 & pr:19 & th:37 & va:37,25
882,8,10,pr:33 & pr:6,6
883,8,8,pr:31,27
884,8,7,pr:11 & pr:31 & th:12 & va:9,19
885,8,3,pr:31 & pr:4 & va:28,8
886,8,7,de:29 & im:12 & pr:0 & pr:31 & th:5 & va:0,2
887,8,7,de:9 & im:19 & pr:31 & pr:4 & th:12 & va:30,19
888,8,8,de:37 & im:1 & pr:25 & pr:31 & th:37 & va:39,23
889,8,9,de:15 & im:4 & pr:31 & pr:7 & th:2 & va:2,18
890,8,8,de:29 & im:10 & pr:19 & pr:31 & th:5 & va:1,25
891,8,7,de:11 & im:1 & im:26 & pr:12 & pr:31 & va:17,21
892,8,9,de:37 & im:1 & pr:12 & pr:31 & th:6 & va:17,23
893,8,9,de:14 & im:25 & pr:31 & pr:7 & th:26 & va:20,15
894,8,9,de:3 & im:8 & pr:31 & pr:39 & pr:7 & th:36 & va:0,4
895,8,6,de:15 & im:4 & pr:19 & pr:6 & th:11 & va:15,18
896,8,1,de:22 & im:31 & pr:13 & th:15 & va:11,11
897,8,2,de:2 & im:36 & pr:13 & th:9 & va:8,11
898,8,7,de:13 & im:1 & pr:12 & pr:7 & th:37 & va:39,23
899,8,7,de:3 & im:16 & pr:12 & pr:23 & pr:39 & th:36 & va:26 & va:38,4
900,8,9,de:14 & im:25 & pr:12 & pr:7 & th:26 & va:20,15
901,8,3,de:23 & im:35 & pr:22 & va:2,19
902,8,3,de:38 & im:7 & pr:22 & th:12 & va:13,2
903,8,4,de:20 & de:9 & im:4 & pr:19 & pr:27 & pr:3 & pr:5 & th:1 & th:12 & va:20,18
904,8,6,de:12 & im:20 & pr:26 & pr:9 & th:1 & va:12,15
905,8,5,de:16 & im:4 & pr:12 & pr:7 & th:37 & va:2,18
906,8,6,de:25 & im:34 & pr:12 & pr:32 & th:21 & va:30,5
907,8,1,de:19 & im:0 & pr:2 & th:10 & va:36,32
908,8,2,de:3 & im:16 & pr:2 & va:26,4
909,8,7,de:15 & im:4 & pr:12 & pr:19 & pr:6 & th:11 & va:32,18
910,8,9,de:15 & pr:11 & pr:6 & th:1,18
911,8,9,de:4 & im:7 & pr:11 & pr:6 & th:12 & va:30,19
912,8,10,de:3 & im:8 & pr:11 & pr:39 & pr:7 & th:36 & va:0,4
913,8,10,de:29 & de:3 & im:16 & im:29 & pr:0 & pr:39 & th:34 & th:36 & va:26,4
914,8,3,de:15 & im:4 & pr:31 & pr:4 & th:2 & va:10,18
915,8,4,de:11 & im:9 & pr:33 & pr:4 & th:35 & va:15,6
916,8,4,de:12 & im:20 & pr:4 & pr:9 & th:1 & va:12,15
917,8,4,de:20 & im:19 & pr:35 & pr:4 & th:12 & va:2,19
918,8,11,de:9 & im:22 & pr:12 & pr:22 & pr:27 & th:33 & va:33,30
919,8,12,de:11 & pr:27 & pr:9 & th:14 & th:2 & va:2,21
920,8,2,de:37 & im:1 & pr:23 & th:37 & va:17,23
921,8,2,de:0 & im:9 & pr:13 & th:4 & va:15,11
922,8,8,de:3 & im:16 & pr:11 & pr:7 & va:0,4
923,8,8,de:37 & im:1 & pr:11 & pr:12 & th:6 & va:1,23
924,8,9,de:37 & im:1 & pr:11 & pr:12 & th:6 & va:37,23
925,8,10,de:16 & im:4 & pr:11 & pr:6 & va:9,18
926,8,10,de:37 & im:8 & pr:11 & pr:19 & th:28 & va:1,29
927,8,11,de:14 & im:20 & pr:11 & pr:19 & pr:9 & th:14 & th:26 & va:19,15
928,8,6,de:15 & im:4 & pr:11 & pr:6 & th:11,18
929,8,9,de:3 & im:16 & pr:27 & pr:7 & va:0,4
930,8,11,de:23 & im:38 & pr:27 & pr:6 & th:12 & va:2,19
931,8,5,de:13 & im:1 & pr:12 & pr:7 & th:37 & va:17,23
932,8,10,de:37 & im:1 & pr:12 & pr:27 & th:6 & va:1,23
933,8,8,de:37 & im:1 & pr:12 & pr:27 & th:6 & va:39,23
934,8,6,de:15 & im:4 & pr:27 & pr:31 & pr:6 & th:11 & va:10,18
935,8,11,de:7 & im:7 & pr:11 & pr:14 & pr:27 & pr:6 & th:12 & va:18,19
936,8,7,de:20 & de:3 & im:16 & im:19 & pr:35 & pr:39 & pr:7 & th:12 & th:36 & va:26,4
937,8,9,de:15 & im:4 & pr:36 & pr:6 & th:11 & va:10,18
938,8,8,de:11 & de:15 & de:16 & im:1 & im:4 & pr:12 & pr:6 & th:11 & th:14 & th:31 & va:10,18
939,8,9,de:15 & im:4 & pr:31 & pr:6 & pr:7 & th:11 & th:2 & va:10,18
940,8,6,de:25 & im:34 & pr:27 & pr:32 & th:21 & va:30,5
941,8,7,pr:19 & pr:23 & va:20,24
942,7,10,de:16 & im:4 & pr:23,18
943,7,10,de:15 & pr:23 & pr:6 & th:1,18
944,7,10,de:25 & im:34 & pr:23 & pr:4 & th:21 & va:27,5
945,7,10,de:37 & im:1 & pr:12 & pr:23 & th:6 & va:37,23
946,7,10,de:4 & im:7 & pr:23 & pr:6 & th:12 & va:30,19
947,7,13,de:16 & im:4 & pr:23 & pr:6 & va:9,18
948,7,13,de:15 & im:10 & pr:23 & pr:6 & th:11 & va:10,18
949,7,11,de:3 & im:8 & pr:23 & pr:39 & pr:7 & th:36 & va:0,4
950,7,9,de:37 & im:1 & pr:7 & pr:9 & th:6 & va:17,23
951,7,2,de:16 & im:38 & pr:6 & th:12 & th:26 & th:9 & va:2,19
952,7,7,de:15 & im:4 & pr:13 & pr:19 & th:4 & va:12,18
953,7,7,de:6 & im:21 & pr:19 & pr:30 & th:1 & va:18,7
954,7,7,de:6 & im:31 & pr:19 & pr:30 & th:5 & va:0,2
955,7,7,de:6 & im:21 & pr:19 & pr:4 & th:1 & va:28,7
956,7,8,de:13 & im:1 & pr:19 & pr:7 & th:37 & va:39,23
957,7,10,de:15 & de:20 & im:19 & im:4 & pr:11 & pr:35 & pr:6 & th:11 & th:12 & va:10,18
958,7,4,de:37 & im:1 & pr:37 & th:6 & va:1,23
959,7,10,de:37 & im:1 & pr:19 & pr:9 & th:6 & va:17,23
960,7,5,de:16 & im:4 & pr:18 & pr:6 & th:2 & va:10,18
961,7,1,de:28 & im:7 & pr:26 & th:5 & va:17,19
962,7,8,de:15 & im:4 & pr:35 & pr:6 & th:11 & va:10,18
963,7,7,de:13 & im:1 & pr:18 & th:0 & va:15,23
964,7,2,de:15 & im:4 & pr:6 & th:12 & va:2,18
965,7,4,de:15 & im:4 & pr:6 & th:2 & va:10,18
966,7,8,de:15 & im:4 & pr:27 & pr:6 & th:11 & th:12 & th:2 & va:32,18
967,7,1,de:15 & im:4 & pr:11 & th:11 & va:10,18
968,7,13,pr:6 & pr:9,15
969,7,11,im:4 & pr:31 & pr:9 & th:9 & va:10,18
970,7,12,de:16 & pr:12 & pr:9 & th:2 & va:2,21
971,7,11,de:16 & im:35 & pr:12 & pr:9 & th:2 & va:2,21
972,7,12,de:17 & im:4 & pr:6 & pr:9 & th:12 & va:9,19
973,7,8,de:15 & im:4 & pr:6 & pr:9 & th:11,18
974,7,13,de:16 & im:4 & pr:27 & pr:31 & pr:7 & pr:9 & th:12,18
975,7,7,de:15 & im:4 & pr:27 & pr:31,18
976,7,8,de:37 & im:28 & pr:27 & pr:7 & th:2 & va:1,23
977,7,6,de:15 & im:19 & pr:27 & pr:6 & th:12 & va:10,18
978,7,6,de:37 & im:28 & pr:27 & pr:7 & th:6 & va:1,23
979,7,4,de:37 & im:1 & pr:19 & th:28 & va:19,29
980,7,7,de:20 & de:28 & im:19 & pr:12 & pr:24 & pr:9 & va:30,19
981,7,4,de:6 & im:10 & pr:35 & pr:4 & pr:7 & pr:8 & th:1 & th:2 & va:12,7
982,7,8,de:15 & im:4 & pr:13 & pr:6 & th:11 & va:32,18
983,7,7,pr:19 & pr:33,6
984,7,7,de:16 & im:4 & pr:33,18
985,7,7,de:15 & pr:33 & pr:6 & th:1,18
986,7,7,de:15 & im:4 & pr:31 & pr:33,18
987,7,6,pr:11 & pr:33 & th:12 & va:9,19
988,7,6,im:9 & pr:0 & pr:33 & va:28,8
989,7,7,de:15 & pr:33 & pr:6,18
990,7,7,im:4 & pr:31 & pr:33 & th:9 & va:10,18
991,7,7,de:3 & im:16 & pr:33 & pr:7 & va:0,4
992,7,7,de:16 & im:31 & pr:12 & pr:33 & th:4,21
993,7,7,de:15 & im:4 & pr:13 & pr:33 & th:4 & va:12,18
994,7,7,de:25 & im:34 & pr:33 & pr:4 & th:21 & va:27,5
995,7,7,de:15 & im:19 & pr:33 & pr:6 & th:12 & va:10,18
996,7,7,de:20 & im:7 & pr:33 & pr:6 & th:12 & va:0,19
997,7,8,de:20 & im:4 & pr:11 & pr:33 & th:12,19
998,7,7,de:37 & im:28 & pr:33 & pr:7 & th:6 & va:1,23
999,7,6,de:15 & im:4 & pr:33 & pr:6 & th:11 & va:15,18
1000,7,6,de:16 & im:10 & pr:33 & pr:6 & th:12 & va:3,18
1001,7,6,de:29 & im:12 & pr:0 & pr:33 & th:5 & va:0,2
1002,7,6,de:16 & im:1 & pr:31 & pr:33 & th:2 & va:17,21
1003,7,6,de:15 & im:4 & pr:31 & pr:33 & th:2 & va:32,18
1004,7,7,de:4 & im:7 & pr:33 & pr:6 & th:12 & va:30,19
1005,7,9,de:17 & im:4 & pr:33 & pr:6 & th:12 & va:9,19
1006,7,8,de:13 & im:1 & pr:33 & pr:7 & th:37 & va:39,23
1007,7,8,de:25 & im:34 & pr:32 & pr:33 & th:21 & va:17,5
1008,7,7,de:15 & im:4 & pr:31 & pr:33 & th:9 & va:32,18
1009,7,9,de:25 & im:34 & pr:31 & pr:32 & pr:33,5
1010,7,8,de:22 & im:31 & pr:31 & pr:33 & th:2,11
1011,7,7,de:29 & im:10 & pr:19 & pr:33 & th:5 & va:1,25
1012,7,8,de:23 & im:38 & pr:33 & pr:6 & th:12 & va:2,19
1013,7,6,de:37 & im:1 & pr:25 & pr:33 & th:37 & va:39,23
1014,7,9,de:16 & im:4 & pr:33 & pr:6 & va:9,18
1015,7,9,de:15 & im:10 & pr:33 & pr:6 & th:11 & va:10,18
1016,7,8,de:14 & im:25 & pr:33 & pr:9 & th:26 & va:20,15
1017,7,9,de:20 & de:28 & im:19 & pr:12 & pr:24 & pr:33 & va:30,19
1018,7,7,de:11 & pr:33 & pr:9 & th:14 & th:2 & va:2,21
1019,7,9,de:37 & im:8 & pr:19 & pr:33 & th:28 & va:1,29
1020,7,8,de:14 & im:25 & pr:33 & pr:7 & th:26 & va:20,15
1021,7,9,de:11 & im:1 & pr:10 & pr:31 & pr:33 & th:27 & va:22,21
1022,7,8,de:22 & im:31 & pr:31 & pr:33 & th:2 & va:4,11
1023,7,8,de:37 & im:1 & pr:12 & pr:33 & pr:7 & th:6 & va:1,23
1024,7,8,de:3 & im:8 & pr:33 & pr:39 & pr:7 & th:36 & va:0,4
1025,7,11,de:14 & im:20 & pr:19 & pr:33 & pr:9 & th:14 & th:26 & va:19,15
1026,7,8,de:7 & im:7 & pr:11 & pr:14 & pr:33 & pr:6 & th:12 & va:18,19
1027,7,7,de:16 & im:4 & pr:31,18
1028,7,7,de:15 & pr:31 & pr:6 & th:1,18
1029,7,7,de:3 & im:16 & pr:31 & pr:7 & va:0,4
1030,7,8,de:16 & pr:12 & pr:31 & th:2 & va:2,21
1031,7,8,de:16 & im:31 & pr:12 & pr:31 & th:4,21
1032,7,7,de:25 & im:34 & pr:31 & pr:4 & th:21 & va:27,5
1033,7,7,de:20 & im:7 & pr:31 & pr:6 & th:12 & va:0,19
1034,7,8,de:20 & im:4 & pr:11 & pr:31 & th:12,19
1035,7,7,de:37 & im:28 & pr:31 & pr:7 & th:6 & va:1,23
1036,7,7,de:4 & im:7 & pr:31 & pr:6 & th:12 & va:30,19
1037,7,8,de:13 & im:1 & pr:31 & pr:7 & th:37 & va:39,23
1038,7,8,de:22 & im:23 & pr:13 & pr:31 & th:4 & va:38,11
1039,7,8,de:7 & im:7 & pr:11 & pr:14 & pr:31 & pr:6 & th:12 & va:18,19
1040,7,6,de:16 & pr:12 & pr:19,21
1041,7,6,de:6 & im:21 & pr:19 & pr:32 & th:1 & va:8,7
1042,7,6,de:7 & im:7 & pr:19 & pr:27 & th:12 & va:28,19
1043,7,11,de:14 & im:25 & pr:19 & pr:9 & th:26 & va:20,15
1044,7,6,de:15 & de:25 & im:34 & im:4 & pr:32 & pr:6 & th:11 & th:21 & th:33 & va:9,18
1045,7,4,de:7 & im:7 & pr:12 & pr:27 & th:12 & va:28,19
1046,7,8,de:20 & im:19 & pr:11 & pr:12 & th:12 & va:9,19
1047,7,6,de:15 & im:4 & pr:12 & pr:31 & th:2 & va:32,18
1048,7,3,de:9 & im:4 & pr:12 & pr:6 & th:12 & va:10,19
1049,7,3,de:9 & im:19 & pr:12 & pr:6 & th:12 & va:10,19
1050,7,5,de:20 & im:19 & pr:11 & pr:12 & pr:8 & th:2 & va:9,19
1051,7,7,de:7 & im:7 & pr:11 & pr:12 & pr:14 & pr:6 & th:12 & va:18,19
1052,7,3,de:23 & im:26 & pr:22 & th:33 & va:2,30
1053,7,5,de:20 & im:20 & pr:24 & th:1 & va:30,19
1054,7,8,de:14 & im:20 & pr:12 & pr:9 & th:14 & va:19,15
1055,7,4,de:22 & im:31 & pr:13 & th:4 & va:0,11
1056,7,7,de:11 & pr:12 & pr:9 & th:14 & th:2 & va:2,21
1057,7,6,de:22 & im:31 & pr:3 & th:4 & va:11,11
1058,7,6,de:30 & im:8 & pr:1 & th:7 & va:6,29
1059,7,2,de:3 & im:16 & pr:2 & th:19 & va:26,4
1060,7,4,de:1 & im:13 & im:18 & pr:2 & th:34 & va:26 & va:8,4
1061,7,10,de:15 & im:7 & pr:11 & pr:6 & th:12 & va:10,18
1062,7,7,de:37 & im:1 & pr:12 & pr:20 & pr:4 & th:6 & va:1,23
1063,7,10,de:6 & im:21 & pr:27 & pr:30 & th:1 & va:18,7
1064,7,10,de:6 & im:31 & pr:27 & pr:30 & th:5 & va:0,2
1065,7,10,de:6 & im:21 & pr:27 & pr:4 & th:1 & va:28,7
1066,7,10,de:9 & im:35 & pr:11 & pr:27 & th:2 & va:9,19
1067,7,13,de:37 & im:1 & pr:12 & pr:18 & pr:27 & th:6 & va:17,23
1068,7,11,de:37 & im:1 & pr:27 & pr:9 & th:6 & va:17,23
1069,7,5,de:22 & im:31 & pr:13 & th:32 & va:7,11
1070,7,2,de:37 & im:0 & pr:8 & th:6 & va:15,23
1071,7,7,de:16 & im:4 & pr:11,18
1072,7,6,de:20 & im:19 & pr:11 & pr:27 & th:12,19
1073,7,7,im:4 & pr:11 & pr:31 & th:9 & va:10,18
1074,7,7,de:16 & pr:11 & pr:12 & th:2 & va:2,21
1075,7,7,de:16 & im:31 & pr:11 & pr:12 & th:4,21
1076,7,7,de:25 & im:34 & pr:11 & pr:4 & th:21 & va:27,5
1077,7,9,de:3 & im:16 & pr:11 & pr:39 & th:36 & va:0,4
1078,7,7,de:15 & im:4 & pr:11 & pr:31 & th:9 & va:32,18
1079,7,9,de:11 & im:1 & pr:10 & pr:11 & pr:31 & th:27 & va:22,21
1080,7,11,de:13 & de:15 & im:1 & im:4 & pr:19 & pr:37 & pr:6 & th:0 & th:11 & va:10,18
1081,7,5,de:37 & im:1 & pr:32 & th:6 & va:17,23
1082,7,6,de:15 & de:25 & im:34 & im:4 & pr:32 & pr:4 & pr:6 & th:11 & th:21 & th:33 & va:9,18
1083,7,11,de:16 & im:31 & pr:12 & pr:27 & th:4,21
1084,7,11,de:15 & de:20 & im:19 & im:4 & pr:11 & pr:27 & pr:6 & th:11 & th:2 & va:10,18
1085,7,7,de:15 & im:4 & pr:12 & pr:31 & pr:6 & th:11 & va:9,18
1086,7,8,im:4 & pr:27 & pr:31 & th:9 & va:10,18
1087,7,8,de:15 & im:4 & pr:27 & pr:31 & th:9 & va:32,18
1088,7,10,de:37 & im:1 & pr:12 & pr:27 & pr:7 & th:6 & va:1,23
1089,7,2,de:9 & im:4 & pr:6 & th:11 & va:10,18
1090,7,4,de:16 & im:4 & pr:27 & pr:31 & th:12,18
1091,7,10,de:11 & de:13 & de:15 & im:1 & im:4 & pr:12 & pr:6 & pr:7 & th:11 & th:14 & th:37 & va:32,18
1092,7,8,de:15 & im:4 & pr:11 & pr:3 & pr:6 & th:11 & th:12 & va:10,18
1093,7,9,de:15 & im:4 & pr:11 & pr:6 & th:11 & th:12 & th:2 & va:10,18
1094,7,1,de:37 & im:1 & pr:7 & th:13 & va:1,23
1095,6,2,de:25 & im:34 & pr:4 & th:21 & va:33,5
1096,6,9,im:4 & pr:23 & pr:31 & th:9 & va:10,18
1097,6,9,de:16 & pr:12 & pr:23 & th:2 & va:2,21
1098,6,9,de:16 & im:31 & pr:12 & pr:23 & th:4,21
1099,6,9,de:15 & im:4 & pr:23 & pr:31 & th:12 & va:10,18
1100,6,9,de:15 & im:4 & pr:23 & pr:31 & th:9 & va:32,18
1101,6,9,de:29 & im:10 & pr:19 & pr:23 & th:5 & va:1,25
1102,6,10,de:23 & im:38 & pr:23 & pr:6 & th:12 & va:2,19
1103,6,11,de:14 & im:25 & pr:23 & pr:9 & th:26 & va:20,15
1104,6,9,de:11 & pr:23 & pr:9 & th:14 & th:2 & va:2,21
1105,6,11,de:37 & im:8 & pr:19 & pr:23 & th:28 & va:1,29
1106,6,9,de:14 & im:25 & pr:23 & pr:7 & th:26 & va:20,15
1107,6,10,de:37 & im:1 & pr:12 & pr:23 & pr:7 & th:6 & va:1,23
1108,6,6,de:16 & im:1 & pr:6 & pr:9 & th:14 & va:37,21
1109,6,10,de:37 & im:1 & pr:6 & pr:9 & th:6 & va:17,23
1110,6,10,de:20 & im:19 & pr:11 & pr:7 & th:12 & va:9,19
1111,6,8,de:15 & im:4 & pr:31 & pr:7 & th:9 & va:10,18
1112,6,10,de:37 & im:3 & pr:19 & pr:7 & th:6 & va:1,23
1113,6,11,de:14 & im:25 & pr:7 & pr:9 & th:26 & va:20,15
1114,6,5,de:15 & im:4 & pr:31 & pr:7 & th:11 & va:9,18
1115,6,8,de:7 & im:10 & pr:19 & pr:7 & th:37 & va:37,25
1116,6,8,de:15 & im:4 & pr:27 & pr:6 & pr:7 & th:12 & th:2 & va:10,18
1117,6,7,de:16 & im:38 & pr:12 & pr:19 & th:12 & va:2,21
1118,6,8,de:38 & de:6 & im:10 & im:3 & pr:19 & pr:31 & pr:32 & pr:4 & va:0 & va:23,2
1119,6,7,de:3 & im:33 & pr:19 & pr:2 & pr:39 & th:34 & va:26,4
1120,6,6,de:3 & de:37 & im:1 & im:16 & pr:12 & pr:30 & pr:6 & th:36 & th:6 & va:15,23
1121,6,5,de:15 & de:3 & de:37 & im:1 & im:16 & im:4 & pr:12 & pr:30 & pr:31 & th:36 & th:6 & th:9 & va:10 & va:15,23
1122,6,6,de:15 & de:3 & de:37 & im:1 & im:16 & im:4 & pr:12 & pr:30 & pr:6 & th:11 & th:36 & th:6 & va:15,23
1123,6,2,de:15 & de:3 & de:37 & im:1 & im:16 & im:4 & pr:12 & pr:30 & pr:31 & th:11 & th:36 & th:6 & va:15 & va:9,23
1124,6,4,de:3 & de:34 & de:37 & im:1 & im:10 & im:16 & pr:10 & pr:19 & pr:30 & pr:7 & th:13 & th:3 & th:36 & va:15 & va:4,25
1125,6,5,de:13 & im:1 & pr:19 & pr:33 & th:6 & va:17,23
1126,6,5,de:7 & im:31 & pr:13 & pr:19 & th:4 & va:7,11
1127,6,5,de:7 & im:4 & pr:13 & pr:19 & th:4 & va:10,18
1128,6,3,de:37 & im:1 & pr:19 & pr:37 & th:6 & va:39,23
1129,6,1,de:3 & im:3 & pr:14 & th:34 & va:1,29
1130,6,2,pr:19 & th:33 & va:17,24
1131,6,2,de:3 & im:33 & pr:0 & th:34 & va:26,4
1132,6,2,de:22 & im:31 & pr:13 & th:30 & va:7,11
1133,6,7,de:37 & im:1 & pr:7 & th:6 & va:39,23
1134,6,6,de:15 & im:4 & pr:27 & pr:6 & th:11 & th:12 & th:2 & va:10 & va:9,18
1135,6,6,de:16 & im:1 & pr:12 & pr:23 & th:31 & va:39,21
1136,6,8,de:15 & im:4 & pr:23 & pr:6 & th:11,18
1137,6,5,de:29 & de:37 & im:1 & pr:37 & pr:9 & th:14 & th:6 & va:17,23
1138,6,9,de:3 & im:16 & pr:0 & pr:39 & th:36 & va:26,4
1139,6,2,de:1 & im:1 & pr:13 & th:23 & va:4,10
1140,6,4,de:1 & de:34 & im:10 & pr:10 & pr:13 & pr:18 & pr:19 & pr:36 & th:23 & th:3 & th:6 & va:4,25
1141,6,9,de:16 & im:31 & pr:12 & pr:9 & th:4,21
1142,6,5,im:31 & pr:13 & pr:9 & th:4,11
1143,6,8,de:29 & im:12 & pr:0 & pr:9 & th:5 & va:0,2
1144,6,9,de:25 & im:34 & pr:4 & pr:9 & th:21 & va:27,5
1145,6,9,de:15 & im:4 & pr:31 & pr:9 & th:12 & va:10,18
1146,6,9,de:16 & im:4 & pr:7 & pr:9 & th:37 & va:2,18
1147,6,11,de:22 & im:31 & pr:31 & pr:9 & th:2,11
1148,6,9,de:15 & im:4 & pr:31 & pr:9 & th:9 & va:32,18
1149,6,5,de:20 & im:19 & pr:35 & pr:9 & th:12 & va:2,19
1150,6,10,de:23 & im:38 & pr:6 & pr:9 & th:12 & va:2,19
1151,6,11,de:22 & im:31 & pr:31 & pr:9 & th:2 & va:4,11
1152,6,12,de:11 & im:1 & pr:10 & pr:31 & pr:9 & th:27 & va:22,21
1153,6,6,de:15 & im:4 & pr:6 & pr:9 & th:1 & va:10,18
1154,6,5,pr:16 & pr:27,13
1155,6,6,de:37 & im:28 & pr:20 & pr:27 & th:38,22
1156,6,6,de:15 & im:4 & pr:27 & pr:6 & th:0,18
1157,6,7,de:37 & im:1 & pr:19 & pr:27 & th:6 & va:1,23
1158,6,7,de:37 & im:1 & pr:19 & pr:27 & th:6 & va:39,23
1159,6,6,de:8 & im:16 & pr:0 & pr:27 & th:7 & va:34,26
1160,6,8,de:37 & im:1 & pr:27 & pr:7 & th:37 & va:1,23
1161,6,9,de:37 & im:1 & pr:27 & pr:7 & th:37 & va:39,23
1162,6,4,de:1 & im:1 & pr:13 & pr:27 & pr:36 & th:23 & va:4,10
1163,6,4,de:16 & im:1 & pr:7 & th:31 & va:39,21
1164,6,6,im:28 & pr:12 & pr:19 & va:3,22
1165,6,6,de:14 & im:20 & pr:19 & pr:9 & th:29 & va:19,15
1166,6,3,de:15 & de:37 & im:4 & pr:19 & pr:31 & pr:6 & pr:7 & th:11 & th:6 & va:10,18
1167,6,4,de:34 & de:37 & im:10 & pr:10 & pr:19 & pr:7 & th:3 & th:6 & va:4,25
1168,6,4,de:6 & im:21 & pr:0 & pr:33 & th:1,7
1169,6,4,de:3 & im:16 & pr:0 & pr:33 & th:1 & va:0,4
1170,6,4,de:22 & im:31 & pr:0 & pr:33 & th:1 & va:7,11
1171,6,5,de:20 & im:19 & pr:19 & pr:27 & th:12,19
1172,6,6,de:3 & im:12 & pr:10 & pr:19 & th:7 & va:0,26
1173,6,4,de:15 & im:4 & pr:13 & pr:31 & th:2 & va:10,18
1174,6,4,de:15 & im:4 & pr:13 & pr:6 & th:11 & va:9,18
1175,6,8,pr:12 & pr:33 & th:2,21
1176,6,6,de:16 & pr:12 & pr:33 & th:2 & va:2,21
1177,6,6,de:6 & im:21 & pr:32 & pr:33 & th:1 & va:8,7
1178,6,6,de:37 & im:1 & pr:12 & pr:33 & th:6 & va:15,23
1179,6,6,de:15 & im:4 & pr:31 & pr:33 & th:12 & va:10,18
1180,6,5,de:22 & im:31 & pr:32 & pr:33 & th:4 & va:23,11
1181,6,5,de:3 & im:16 & pr:33 & pr:7 & th:36 & va:0,4
1182,6,5,de:29 & im:16 & pr:33 & pr:39 & th:36 & va:26,4
1183,6,5,de:6 & im:21 & pr:30 & pr:33 & th:1 & va:18,7
1184,6,5,de:6 & im:31 & pr:30 & pr:33 & th:5 & va:0,2
1185,6,5,de:6 & im:21 & pr:33 & pr:4 & th:1 & va:28,7
1186,6,6,de:15 & pr:33 & pr:6 & th:11 & va:32,18
1187,6,4,de:37 & im:3 & pr:19 & pr:33 & th:6 & va:1,23
1188,6,4,de:3 & im:16 & pr:23 & pr:33 & th:36 & va:0,4
1189,6,4,de:15 & im:4 & pr:31 & pr:33 & th:9 & va:31,18
1190,6,4,de:29 & im:10 & pr:14 & pr:33 & th:8 & va:20,25
1191,6,4,de:8 & im:39 & pr:10 & pr:33 & th:28 & va:1,29
1192,6,4,de:7 & im:7 & pr:27 & pr:33 & th:12 & va:28,19
1193,6,4,de:22 & im:9 & pr:13 & pr:33 & th:4 & va:15,11
1194,6,4,de:37 & im:1 & pr:33 & pr:7 & th:6 & va:17,23
1195,6,4,de:16 & im:4 & pr:31 & pr:33 & th:2 & va:10,18
1196,6,4,de:16 & im:4 & pr:33 & pr:4 & th:12 & va:12,18
1197,6,4,de:9 & im:19 & pr:33 & pr:4 & th:12 & va:30,19
1198,6,4,de:9 & im:35 & pr:33 & pr:6 & th:12 & va:2,19
1199,6,7,de:15 & im:4 & pr:33 & pr:7 & th:2 & va:2,18
1200,6,5,de:37 & im:20 & pr:16 & pr:33 & th:8 & va:20,14
1201,6,4,de:8 & im:3 & pr:16 & pr:33 & th:13 & va:1,29
1202,6,5,de:22 & im:23 & pr:13 & pr:33 & th:4 & va:38,11
1203,6,5,de:5 & im:1 & pr:12 & pr:33 & th:6 & va:1,23
1204,6,4,de:11 & im:1 & im:26 & pr:12 & pr:33 & va:17,21
1205,6,7,de:37 & im:1 & pr:12 & pr:33 & th:6 & va:17,23
1206,6,5,de:37 & im:0 & pr:19 & pr:33 & pr:7 & th:6 & va:1,23
1207,6,5,de:37 & im:1 & pr:33 & pr:9 & th:6 & va:17,23
1208,6,7,de:15 & im:7 & pr:33 & pr:6 & th:12 & va:10,18
1209,6,5,de:22 & im:31 & pr:3 & pr:33 & pr:6 & th:4 & va:18,11
1210,6,5,de:17 & im:7 & pr:11 & pr:27 & pr:33 & th:12 & va:9,19
1211,6,5,pr:19 & pr:31,27
1212,6,4,im:31 & pr:13 & pr:31 & th:4,11
1213,6,9,pr:12 & pr:31 & th:2,21
1214,6,6,de:15 & im:4 & pr:13 & pr:31 & th:4 & va:12,18
1215,6,6,de:15 & im:19 & pr:31 & pr:6 & th:12 & va:10,18
1216,6,6,de:15 & pr:31 & pr:6 & th:11 & va:32,18
1217,6,5,de:15 & im:4 & pr:12 & pr:31 & th:2 & va:9,18
1218,6,5,de:37 & im:1 & pr:31 & pr:7 & th:6 & va:17,23
1219,6,8,de:17 & im:4 & pr:31 & pr:6 & th:12 & va:9,19
1220,6,7,de:23 & im:38 & pr:31 & pr:6 & th:12 & va:2,19
1221,6,5,de:5 & im:1 & pr:12 & pr:31 & th:6 & va:1,23
1222,6,6,de:11 & pr:31 & pr:9 & th:14 & th:2 & va:2,21
1223,6,7,de:17 & im:20 & pr:12 & pr:31 & th:12 & th:2 & va:3,19
1224,6,7,de:37 & im:1 & pr:31 & pr:9 & th:6 & va:17,23
1225,6,8,de:15 & im:7 & pr:31 & pr:6 & th:12 & va:10,18
1226,6,6,de:15 & im:4 & pr:19 & pr:23 & pr:6 & th:11 & th:37 & va:10,18
1227,6,6,de:0 & im:3 & pr:19 & pr:3 & th:7 & va:23,26
1228,6,6,de:16 & pr:12 & pr:19 & th:2 & va:2,21
1229,6,5,de:37 & im:28 & pr:18 & pr:19 & th:6 & va:1,23
1230,6,5,de:29 & im:12 & pr:0 & pr:19 & th:5 & va:0,2
1231,6,5,de:16 & im:1 & pr:19 & pr:31 & th:2 & va:17,21
1232,6,3,de:15 & im:4 & pr:19 & pr:31 & th:2 & va:10,18
1233,6,6,de:9 & im:35 & pr:19 & pr:6 & th:12 & va:2,19
1234,6,2,de:15 & im:4 & pr:19 & pr:31 & th:11 & va:9,18
1235,6,5,de:37 & im:1 & pr:19 & pr:25 & th:37 & va:39,23
1236,6,4,de:25 & im:34 & pr:19 & pr:32 & th:21 & va:30,5
1237,6,5,de:15 & im:4 & pr:12 & pr:19 & th:2 & va:32,18
1238,6,6,de:7 & im:7 & pr:11 & pr:14 & pr:19 & pr:6 & th:12 & va:18,19
1239,6,4,im:31 & pr:13 & pr:33 & th:4,11
1240,6,4,de:15 & de:16 & im:4 & pr:12 & pr:4 & pr:6 & th:11 & th:2 & va:9,18
1241,6,5,de:16 & im:4 & pr:12,21
1242,6,3,de:7 & im:10 & pr:12 & pr:7 & th:37 & va:37,25
1243,6,6,de:25 & im:34 & pr:12 & pr:4 & th:21 & va:27,5
1244,6,7,de:11 & im:1 & pr:10 & pr:12 & pr:31 & th:27 & va:22,21
1245,6,9,de:15 & im:7 & pr:12 & pr:6 & th:12 & va:10,18
1246,6,8,de:3 & im:16 & pr:12 & pr:23 & pr:39 & th:36 & va:0 & va:38,4
1247,6,5,pr:11 & pr:12 & th:12 & va:9,19
1248,6,5,de:3 & im:16 & pr:12 & pr:7 & va:0,4
1249,6,6,de:16 & im:1 & pr:12 & pr:31 & th:2 & va:17,21
1250,6,4,de:20 & im:20 & pr:12 & pr:9 & th:12 & va:9,19
1251,6,6,de:17 & im:4 & pr:12 & pr:6 & th:12 & va:9,19
1252,6,4,de:16 & de:22 & de:37 & im:1 & im:31 & pr:13 & pr:25 & pr:9 & th:1 & th:2 & th:4 & va:39 & va:7,11
1253,6,2,de:5 & im:1 & pr:7 & th:37 & va:17,23
1254,6,6,de:15 & de:20 & de:9 & im:4 & pr:27 & pr:3 & pr:6 & th:1 & th:11 & va:32,18
1255,6,6,de:15 & de:20 & de:9 & im:4 & pr:27 & pr:3 & pr:31 & th:1 & th:9 & va:10,18
1256,6,3,de:15 & de:20 & de:9 & im:4 & pr:27 & pr:3 & pr:31 & th:1 & th:11 & va:9,18
1257,6,3,de:23 & im:26 & pr:26 & th:33 & va:38,30
1258,6,7,de:15 & im:4 & pr:12 & pr:31 & th:9 & va:32,18
1259,6,5,de:7 & im:4 & pr:19 & pr:6 & th:12 & va:10,19
1260,6,5,de:28 & im:7 & pr:19 & pr:6 & th:9 & va:32,19
1261,6,2,de:3 & im:16 & pr:39 & th:13 & va:26,4
1262,6,3,de:29 & im:10 & pr:10 & th:5 & va:1,25
1263,6,5,de:16 & im:4 & pr:12 & pr:18 & th:2 & va:10,18
1264,6,7,de:16 & im:4 & pr:12 & pr:27 & pr:31 & pr:7 & th:12,18
1265,6,3,de:15 & im:4 & pr:12 & pr:7 & th:2 & th:37 & va:10,18
1266,6,3,de:7 & im:4 & pr:6 & pr:7 & th:12 & th:37 & va:10,19
1267,6,1,de:36 & im:2 & pr:18 & th:10 & va:33,32
1268,6,1,de:0 & im:36 & pr:20 & th:29 & va:4,10
1269,6,1,de:37 & im:3 & pr:37 & va:35,20
1270,6,5,pr:4,8
1271,6,6,de:15 & im:4 & pr:16 & pr:27 & pr:6 & th:12 & th:2 & va:10,18
1272,6,1,de:2 & im:36 & pr:10 & th:6 & va:35,23
1273,6,2,de:20 & im:19 & pr:12 & th:2 & va:9,19
1274,6,7,pr:11 & pr:12 & pr:27 & th:2,21
1275,6,3,de:15 & im:4 & pr:11 & pr:12 & pr:31 & th:2 & va:10,18
1276,6,3,de:15 & im:4 & pr:11 & pr:12 & pr:27 & pr:31 & th:11 & th:2 & va:9,18
1277,6,5,de:9 & im:4 & pr:11 & pr:12 & pr:6 & th:12 & th:2 & va:9,19
1278,6,7,de:37 & im:28 & pr:11 & pr:7 & th:2 & va:1,23
1279,6,7,de:20 & im:7 & pr:11 & pr:6 & th:12 & va:0,19
1280,6,4,de:37 & im:1 & pr:12 & pr:4 & th:6 & va:15,23
1281,6,6,de:29 & im:16 & pr:39 & pr:4 & th:36 & va:26,4
1282,6,7,de:3 & im:16 & pr:39 & pr:4 & th:36 & va:0,4
1283,6,5,de:14 & im:25 & pr:14 & pr:4 & th:26 & va:20,15
1284,6,4,de:9 & im:4 & pr:4 & pr:6 & th:12 & va:9,19
1285,6,5,de:37 & im:1 & pr:12 & pr:4 & th:6 & va:17,23
1286,6,3,de:15 & im:4 & pr:27 & pr:4 & pr:6 & th:12 & th:2 & va:10,18
1287,6,2,de:7 & im:31 & pr:12 & th:2 & va:7,21
1288,6,2,de:7 & im:4 & pr:12 & th:2 & va:10,18
1289,6,4,de:16 & de:20 & de:34 & im:10 & pr:10 & pr:11 & pr:12 & pr:19 & th:12 & th:2 & th:3 & va:4,25
1290,6,5,de:15 & de:22 & im:31 & im:4 & pr:13 & pr:6 & th:11 & th:32 & th:4 & va:10 & va:7,18
1291,6,4,de:20 & im:19 & pr:11 & va:9,19
1292,6,6,de:15 & im:4 & pr:21 & pr:6 & pr:9 & th:11 & th:14 & th:31 & va:9,18
1293,6,7,de:25 & im:34 & pr:11 & pr:31 & pr:32,5
1294,6,8,de:17 & im:4 & pr:11 & pr:6 & th:12 & va:9,19
1295,6,6,de:37 & im:1 & pr:11 & pr:25 & th:37 & va:39,23
1296,6,7,de:25 & im:34 & pr:11 & pr:32 & th:21 & va:17,5
1297,6,7,de:22 & im:31 & pr:11 & pr:31 & th:2,11
1298,6,7,de:23 & im:38 & pr:11 & pr:6 & th:12 & va:2,19
1299,6,8,de:14 & im:25 & pr:11 & pr:9 & th:26 & va:20,15
1300,6,7,de:22 & im:31 & pr:11 & pr:31 & th:2 & va:4,11
1301,6,8,de:37 & im:1 & pr:11 & pr:12 & pr:7 & th:6 & va:1,23
1302,6,8,de:5 & im:28 & pr:6 & pr:7 & th:6 & va:1,23
1303,6,5,de:15 & im:4 & pr:12 & pr:27 & pr:6 & th:12 & th:2 & va:10,18
1304,6,6,de:7 & im:10 & pr:11 & pr:19 & th:37 & va:37,25
1305,6,9,de:37 & im:1 & pr:11 & pr:12 & pr:20 & th:6 & va:1,23
1306,6,8,de:37 & im:1 & pr:11 & pr:9 & th:6 & va:17,23
1307,6,8,de:9 & im:22 & pr:11 & pr:12 & pr:22 & th:33 & va:33,30
1308,6,4,im:31 & pr:11 & pr:13 & th:4,11
1309,6,9,pr:12 & pr:27,21
1310,6,8,de:28 & im:9 & pr:27 & pr:7 & th:39 & va:0,1
1311,6,5,de:9 & im:4 & pr:11 & pr:6 & th:12 & va:9,19
1312,6,4,pr:11 & pr:14 & pr:6,17
1313,6,2,de:15 & im:4 & pr:11 & pr:14 & pr:31 & pr:6 & th:2 & va:10,18
1314,6,3,de:12 & im:20 & pr:11 & pr:14 & pr:6 & pr:9 & th:1 & va:12,15
1315,6,3,de:25 & im:34 & pr:11 & pr:14 & pr:32 & pr:6 & th:21 & va:30,5
1316,6,3,de:7 & im:10 & pr:11 & pr:14 & pr:19 & pr:6 & th:37 & va:37,25
1317,6,3,de:11 & im:9 & pr:11 & pr:14 & pr:33 & pr:6 & th:35 & va:15,6
1318,6,4,de:37 & im:1 & pr:11 & pr:14 & pr:6 & pr:9 & th:6 & va:17,23
1319,6,5,de:28 & im:9 & pr:30 & pr:4 & th:35 & va:28,8
1320,6,6,de:15 & de:28 & im:4 & pr:12 & pr:4 & pr:6 & th:11 & va:9,18
1321,6,6,de:15 & de:28 & im:4 & pr:12 & pr:24 & pr:6 & th:11 & va:9,18
1322,6,3,de:20 & im:19 & pr:5 & th:12 & va:9,19
1323,6,6,de:15 & im:4 & pr:32 & pr:6 & th:11 & va:9,18
1324,6,9,de:16 & pr:12 & pr:27 & th:2 & va:2,21
1325,6,12,pr:12 & pr:27 & th:2,21
1326,6,10,de:16 & im:35 & pr:12 & pr:27 & th:2 & va:2,21
1327,6,6,de:15 & de:20 & im:4 & pr:27 & pr:6 & th:11 & th:12 & va:9,18
1328,6,4,de:15 & im:4 & pr:25 & pr:6 & th:11 & va:9,18
1329,6,4,pr:11 & th:12,19
1330,6,7,de:7 & im:14 & pr:27 & pr:4 & th:1 & va:28,8
1331,6,8,de:14 & im:25 & pr:27 & pr:9 & th:26 & va:20,15
1332,6,8,de:20 & de:28 & im:19 & pr:12 & pr:24 & pr:27 & va:30,19
1333,6,3,de:15 & de:20 & im:4 & pr:11 & pr:12 & pr:4 & pr:5 & th:12 & th:2 & va:10,18
1334,6,3,de:20 & de:7 & im:4 & pr:11 & pr:4 & pr:5 & pr:6 & th:12 & th:2 & va:10,18
1335,6,6,de:15 & de:32 & im:0 & im:4 & pr:19 & pr:6 & th:11 & th:7 & va:9,18
1336,6,6,de:15 & im:4 & pr:6 & pr:7 & pr:8 & th:11 & th:37 & va:9,18
1337,6,7,de:15 & de:24 & im:13 & im:4 & pr:13 & pr:33 & pr:6 & th:11 & th:4 & va:15 & va:9,18
1338,6,5,de:15 & de:22 & im:4 & pr:15 & pr:31 & pr:6 & th:10 & th:11 & th:2 & va:9,18
1339,6,7,im:31 & pr:13 & pr:7 & th:4,11
1340,6,5,de:11 & de:13 & de:15 & im:1 & im:4 & pr:12 & pr:6 & pr:7 & th:11 & th:14 & th:37 & va:9,18
1341,6,2,de:1 & im:18 & pr:10 & th:27 & va:4,10
1342,6,4,de:15 & de:20 & im:19 & im:4 & pr:11 & pr:6 & th:11 & th:2 & va:32,18
1343,6,3,de:15 & de:20 & im:19 & im:4 & pr:11 & pr:12 & th:2 & va:10,18
1344,6,3,de:20 & de:7 & im:19 & im:4 & pr:11 & pr:6 & th:12 & th:2 & va:10,18
1345,6,5,de:20 & de:34 & im:10 & im:19 & pr:10 & pr:11 & pr:19 & th:2 & th:3 & va:4,25
1346,6,4,de:34 & im:10 & pr:10 & pr:12 & pr:19 & th:3 & va:4,25
1347,6,1,de:3 & im:16 & pr:28 & th:10 & va:26,4
1348,6,1,de:2 & im:18 & pr:24 & th:10 & va:18,16
1349,6,10,de:15 & im:4 & pr:12 & pr:6 & pr:7 & pr:9 & th:11 & va:10,18
1350,6,7,de:11 & im:9 & pr:12 & pr:33 & pr:7 & pr:9 & th:35 & va:15,6
1351,6,8,de:37 & im:1 & pr:12 & pr:7 & pr:9 & th:6 & va:39,23
1352,6,7,de:11 & im:22 & pr:12 & pr:31 & pr:7 & pr:9 & th:2 & va:17,21
1353,6,6,de:9 & im:4 & pr:27 & pr:6 & th:12 & va:9,19
1354,6,4,de:7 & im:10 & pr:19 & pr:27 & th:37 & va:37,25
1355,6,2,de:8 & im:8 & pr:16 & th:29 & va:19,29
1356,6,4,de:0 & de:37 & im:1 & im:3 & pr:18 & pr:19 & th:20 & th:6 & th:7 & va:17,26
1357,5,3,de:25 & im:34 & pr:4 & th:33 & va:33,5
1358,5,8,de:15 & im:4 & pr:23 & pr:31,18
1359,5,8,de:3 & im:16 & pr:23 & pr:7 & va:0,4
1360,5,8,de:15 & im:4 & pr:13 & pr:23 & th:4 & va:12,18
1361,5,8,de:37 & im:1 & pr:12 & pr:23 & th:6 & va:15,23
1362,5,9,de:25 & im:34 & pr:23 & pr:31 & pr:32,5
1363,5,10,de:17 & im:4 & pr:23 & pr:6 & th:12 & va:9,19
1364,5,8,de:37 & im:1 & pr:23 & pr:25 & th:37 & va:39,23
1365,5,9,de:13 & im:1 & pr:23 & pr:7 & th:37 & va:39,23
1366,5,9,de:25 & im:34 & pr:23 & pr:32 & th:21 & va:17,5
1367,5,9,de:22 & im:31 & pr:23 & pr:31 & th:2,11
1368,5,9,de:37 & im:1 & pr:12 & pr:23 & th:6 & va:17,23
1369,5,9,de:20 & de:28 & im:19 & pr:12 & pr:23 & pr:24 & va:30,19
1370,5,9,de:37 & im:1 & pr:23 & pr:9 & th:6 & va:17,23
1371,5,10,de:11 & im:1 & pr:10 & pr:23 & pr:31 & th:27 & va:22,21
1372,5,9,de:22 & im:31 & pr:23 & pr:31 & th:2 & va:4,11
1373,5,10,de:15 & im:7 & pr:23 & pr:6 & th:12 & va:10,18
1374,5,10,de:14 & im:20 & pr:19 & pr:23 & pr:9 & th:14 & th:26 & va:19,15
1375,5,9,de:7 & im:7 & pr:11 & pr:14 & pr:23 & pr:6 & th:12 & va:18,19
1376,5,4,de:11 & im:1 & im:26 & pr:12 & pr:6 & va:17,21
1377,5,2,de:23 & im:7 & pr:22 & pr:4 & th:18 & va:30,30
1378,5,2,de:23 & im:27 & pr:22 & pr:4 & pr:5 & th:18 & va:22,30
1379,5,9,de:37 & im:1 & pr:19 & pr:7 & th:6 & va:39,23
1380,5,11,de:22 & im:31 & pr:13 & pr:7 & th:4 & va:7,11
1381,5,6,de:15 & im:4 & pr:19 & pr:6 & pr:7 & th:11 & va:9,18
1382,5,5,de:37 & im:1 & pr:37 & th:6 & va:39,23
1383,5,3,de:15 & im:4 & pr:19 & pr:6 & th:0,18
1384,5,4,de:16 & pr:19 & pr:21 & th:31,21
1385,5,8,de:7 & im:7 & pr:23 & pr:27 & th:12 & va:28,19
1386,5,9,de:20 & im:4 & pr:11 & pr:23 & th:12,19
1387,5,5,de:15 & im:4 & pr:14 & pr:6 & th:11 & va:10,18
1388,5,8,de:15 & im:4 & pr:27 & pr:31 & pr:6 & th:11 & th:12 & th:2 & th:9 & va:10,18
1389,5,8,de:20 & im:7 & pr:23 & pr:6 & th:12 & va:0,19
1390,5,8,de:22 & im:31 & pr:23 & pr:32 & th:4 & va:23,11
1391,5,10,de:29 & im:16 & pr:23 & pr:39 & th:36 & va:26,4
1392,5,7,de:14 & im:25 & pr:12 & pr:9 & th:26 & va:20,15
1393,5,2,de:22 & im:23 & pr:13 & th:10 & va:38,11
1394,5,6,pr:18 & pr:6,17
1395,5,2,de:37 & im:1 & pr:18 & pr:19 & th:6 & va:1,23
1396,5,2,de:23 & pr:22,30
1397,5,2,im:35 & pr:22 & th:12 & va:2,19
1398,5,4,pr:37,20
1399,5,8,pr:11 & pr:9 & th:12 & va:9,19
1400,5,8,im:9 & pr:0 & pr:9 & va:28,8
1401,5,7,de:15 & pr:6 & pr:9 & th:1,18
1402,5,8,de:15 & im:4 & pr:31 & pr:9,18
1403,5,7,im:28 & pr:12 & pr:9 & va:3,22
1404,5,7,de:3 & im:16 & pr:7 & pr:9 & va:0,4
1405,5,8,de:16 & im:1 & pr:31 & pr:9 & th:2 & va:17,21
1406,5,8,de:5 & im:28 & pr:7 & pr:9 & th:6 & va:1,23
1407,5,7,de:16 & im:4 & pr:18 & pr:9 & th:2 & va:10,18
1408,5,5,de:37 & im:1 & pr:19 & pr:9 & th:6 & va:1,23
1409,5,9,de:25 & im:34 & pr:32 & pr:9 & th:21 & va:17,5
1410,5,8,de:25 & im:34 & pr:31 & pr:32 & pr:9,5
1411,5,7,de:4 & im:7 & pr:6 & pr:9 & th:12 & va:30,19
1412,5,8,de:15 & im:4 & pr:7 & pr:9 & th:2 & va:2,18
1413,5,9,de:37 & im:1 & pr:12 & pr:9 & th:6 & va:37,23
1414,5,8,de:37 & im:8 & pr:19 & pr:9 & th:28 & va:1,29
1415,5,11,de:15 & im:7 & pr:6 & pr:9 & th:12 & va:10,18
1416,5,9,de:3 & im:8 & pr:39 & pr:7 & pr:9 & th:36 & va:0,4
1417,5,8,de:28 & im:7 & pr:12 & pr:9 & th:12 & va:17 & va:28,19
1418,5,5,de:20 & im:7 & pr:11 & pr:27 & th:1,19
1419,5,5,de:37 & im:3 & pr:19 & pr:27 & th:6 & va:1,23
1420,5,5,de:3 & im:16 & pr:27 & pr:39 & th:36 & va:7,4
1421,5,5,de:3 & im:16 & pr:23 & pr:27 & th:36 & va:0,4
1422,5,5,de:15 & im:4 & pr:27 & pr:31 & th:9 & va:31,18
1423,5,5,de:29 & im:10 & pr:27 & pr:5 & th:8 & va:12,25
1424,5,6,de:14 & im:25 & pr:14 & pr:27 & th:26,15
1425,5,5,de:29 & im:10 & pr:14 & pr:27 & th:8 & va:20,25
1426,5,5,de:29 & im:9 & pr:27 & pr:33 & th:9 & va:38,6
1427,5,5,de:7 & im:7 & pr:27 & pr:39 & th:5 & va:0,2
1428,5,5,de:29 & im:10 & pr:27 & pr:39 & th:36 & va:0,25
1429,5,5,de:8 & im:39 & pr:10 & pr:27 & th:28 & va:1,29
1430,5,6,de:0 & im:30 & pr:18 & pr:27 & th:23 & va:4,10
1431,5,6,de:37 & im:20 & pr:16 & pr:27 & th:8 & va:20,14
1432,5,8,de:13 & im:1 & pr:27 & pr:33 & th:6 & va:17,23
1433,5,5,de:8 & im:3 & pr:16 & pr:27 & th:13 & va:1,29
1434,5,6,de:37 & im:0 & pr:19 & pr:27 & pr:7 & th:6 & va:1,23
1435,5,6,de:22 & im:31 & pr:27 & pr:3 & pr:6 & th:4 & va:18,11
1436,5,6,de:6 & im:7 & pr:19 & pr:27 & pr:8 & th:34 & va:12,24
1437,5,5,de:15 & im:4 & pr:12 & pr:37 & pr:6 & th:11 & va:9,18
1438,5,5,de:15 & im:4 & pr:12 & pr:14 & pr:37 & pr:6 & th:11 & th:30 & va:9,18
1439,5,5,de:15 & im:4 & pr:12 & pr:20 & pr:37 & pr:6 & th:11 & th:30 & th:6 & va:9,18
1440,5,6,de:37 & im:3 & pr:16 & pr:19 & th:6 & va:1,23
1441,5,6,de:8 & im:12 & pr:10 & pr:19 & th:7 & va:4,26
1442,5,9,de:15 & im:4 & pr:16 & pr:6 & th:11 & va:32,18
1443,5,6,de:37 & im:1 & pr:16 & pr:9 & th:6 & va:17,23
1444,5,5,de:16 & im:31 & pr:12 & pr:19 & th:4,21
1445,5,5,pr:13,11
1446,5,8,pr:13 & pr:6,11
1447,5,5,de:16 & pr:19 & pr:33 & th:31,21
1448,5,3,de:37 & im:28 & pr:20 & pr:33 & th:38,22
1449,5,3,de:20 & im:7 & pr:11 & pr:33 & th:1,19
1450,5,3,de:16 & im:10 & pr:27 & pr:33 & th:12,18
1451,5,3,de:16 & im:19 & pr:31 & pr:33 & va:17,21
1452,5,3,de:13 & im:1 & pr:33 & th:0 & va:15,23
1453,5,3,im:7 & pr:33 & pr:4 & va:28,8
1454,5,4,de:29 & im:10 & pr:33 & pr:5 & th:8 & va:12,25
1455,5,6,de:5 & im:28 & pr:33 & pr:7 & th:6 & va:1,23
1456,5,5,de:16 & im:35 & pr:12 & pr:33 & th:2 & va:2,21
1457,5,4,de:3 & im:12 & pr:10 & pr:33 & th:7 & va:0,26
1458,5,5,de:7 & im:14 & pr:33 & pr:4 & th:1 & va:28,8
1459,5,3,de:3 & im:16 & pr:33 & pr:39 & th:36 & va:7,4
1460,5,3,de:14 & im:20 & pr:33 & pr:9 & th:8 & va:19,15
1461,5,3,de:8 & im:16 & pr:0 & pr:33 & th:7 & va:34,26
1462,5,3,de:16 & im:38 & pr:12 & pr:33 & th:12 & va:2,21
1463,5,3,de:20 & im:20 & pr:33 & pr:9 & th:12 & va:9,19
1464,5,3,de:20 & im:19 & pr:11 & pr:33 & th:1 & va:9,19
1465,5,6,de:14 & im:20 & pr:33 & pr:9 & th:14 & va:19,15
1466,5,6,de:16 & im:19 & pr:27 & pr:33 & th:12 & va:9,19
1467,5,7,de:22 & im:31 & pr:13 & pr:33 & th:4 & va:7,11
1468,5,4,de:9 & im:4 & pr:33 & pr:6 & th:12 & va:10,19
1469,5,4,de:9 & im:19 & pr:33 & pr:6 & th:12 & va:10,19
1470,5,6,de:17 & im:20 & pr:12 & pr:33 & th:12 & th:2 & va:3,19
1471,5,6,de:16 & im:4 & pr:27 & pr:31 & pr:33 & pr:7 & th:12,18
1472,5,4,de:38 & de:6 & im:10 & im:3 & pr:31 & pr:32 & pr:33 & pr:4 & va:0 & va:23,2
1473,5,4,im:9 & pr:0 & pr:31 & va:28,8
1474,5,5,de:16 & pr:19 & pr:31 & th:31,21
1475,5,5,de:13 & im:1 & pr:31 & th:0 & va:15,23
1476,5,5,de:29 & im:10 & pr:31 & pr:5 & th:8 & va:12,25
1477,5,5,de:37 & im:3 & pr:19 & pr:31 & th:6 & va:1,23
1478,5,6,de:5 & im:28 & pr:31 & pr:7 & th:6 & va:1,23
1479,5,5,de:22 & im:31 & pr:31 & pr:32 & th:4 & va:23,11
1480,5,5,de:3 & im:16 & pr:31 & pr:7 & th:36 & va:0,4
1481,5,5,de:29 & im:16 & pr:31 & pr:39 & th:36 & va:26,4
1482,5,5,de:6 & im:21 & pr:30 & pr:31 & th:1 & va:18,7
1483,5,5,de:6 & im:31 & pr:30 & pr:31 & th:5 & va:0,2
1484,5,5,de:6 & im:21 & pr:31 & pr:4 & th:1 & va:28,7
1485,5,5,de:3 & im:16 & pr:23 & pr:31 & th:36 & va:0,4
1486,5,6,de:37 & im:1 & pr:19 & pr:31 & th:6 & va:1,23
1487,5,5,de:29 & im:10 & pr:14 & pr:31 & th:8 & va:20,25
1488,5,7,de:37 & im:1 & pr:19 & pr:31 & th:6 & va:39,23
1489,5,5,de:29 & im:9 & pr:31 & pr:33 & th:9 & va:38,6
1490,5,4,de:20 & im:20 & pr:31 & pr:9 & th:12 & va:9,19
1491,5,6,de:37 & im:20 & pr:16 & pr:31 & th:8 & va:20,14
1492,5,6,de:14 & im:20 & pr:31 & pr:9 & th:14 & va:19,15
1493,5,5,pr:19 & pr:31 & th:2 & va:15 & va:9,24
1494,5,6,de:37 & im:0 & pr:19 & pr:31 & pr:7 & th:6 & va:1,23
1495,5,6,pr:19 & pr:37 & va:37,20
1496,5,5,de:13 & im:1 & pr:17 & pr:19 & th:0,23
1497,5,5,de:16 & im:4 & pr:18 & pr:19 & th:2 & va:10,18
1498,5,5,de:16 & im:4 & pr:19 & pr:7 & th:37 & va:2,18
1499,5,5,de:38 & im:9 & pr:19 & pr:23 & th:4 & va:28,8
1500,5,3,de:38 & im:10 & pr:19 & pr:7 & th:12 & va:0,2
1501,5,3,de:16 & im:10 & pr:19 & pr:6 & th:12 & va:3,18
1502,5,3,de:15 & im:7 & pr:19 & pr:6 & th:11 & va:9,18
1503,5,4,de:16 & im:4 & pr:19 & pr:4 & th:12 & va:12,18
1504,5,4,de:20 & im:19 & pr:11 & pr:19 & th:1 & va:9,19
1505,5,7,de:37 & im:1 & pr:12 & pr:19 & th:6 & va:1,23
1506,5,4,de:20 & im:20 & pr:19 & pr:9 & th:12 & va:9,19
1507,5,8,de:16 & im:19 & pr:19 & pr:27 & th:12 & va:9,19
1508,5,5,de:16 & de:20 & pr:11 & pr:12 & pr:19 & th:12 & th:2 & va:30,19
1509,5,6,de:28 & im:7 & pr:12 & pr:19 & th:12 & va:17 & va:28,19
1510,5,5,de:15 & de:20 & im:19 & im:4 & pr:11 & pr:19 & pr:6 & th:11 & th:2 & va:10,18
1511,5,5,de:37 & im:1 & pr:19 & pr:36 & th:6 & va:1,23
1512,5,6,de:37 & im:1 & pr:19 & pr:36 & th:6 & va:17,23
1513,5,4,de:15 & im:4 & pr:6 & pr:7 & pr:9 & th:11 & th:14 & va:9,18
1514,5,10,de:15 & im:4 & pr:6 & pr:9 & th:11 & th:14 & va:32,18
1515,5,1,de:37 & im:1 & pr:19 & th:6 & va:24,23
1516,5,6,pr:12 & pr:39,3
1517,5,4,de:32 & im:24 & pr:12 & pr:29 & th:24 & va:36,32
1518,5,4,de:15 & im:4 & pr:11 & pr:12 & th:11 & va:10,18
1519,5,4,de:17 & im:20 & pr:12 & pr:4 & th:12 & va:9,19
1520,5,4,de:17 & im:19 & pr:12 & pr:4 & th:12 & va:9,19
1521,5,4,de:28 & im:7 & pr:12 & pr:26 & th:5 & va:17,19
1522,5,4,de:22 & im:31 & pr:12 & pr:39 & th:4 & va:7,11
1523,5,4,de:21 & im:5 & pr:12 & pr:39 & th:39 & va:0,1
1524,5,7,de:14 & de:3 & im:16 & im:25 & pr:12 & pr:14 & pr:39 & th:26 & th:36 & va:20 & va:26,4
1525,5,4,de:29 & im:12 & pr:0 & pr:12 & th:5 & va:0,2
1526,5,2,de:16 & im:4 & pr:12 & pr:6 & th:19 & va:32,18
1527,5,4,de:20 & im:7 & pr:12 & pr:32 & th:12,19
1528,5,3,de:7 & im:14 & pr:12 & pr:4 & th:1 & va:28,8
1529,5,2,de:15 & im:4 & pr:22 & th:12 & va:30,19
1530,5,1,de:15 & im:4 & pr:11 & th:11 & va:30,18
1531,5,2,de:37 & im:1 & pr:33 & th:37 & va:1,23
1532,5,2,de:0 & de:16 & de:37 & im:1 & im:9 & pr:25 & pr:9 & th:1 & th:2 & th:4 & va:17 & va:39,11
1533,5,4,de:27 & im:31 & pr:15 & th:38 & va:11,12
1534,5,1,de:3 & im:9 & pr:19 & th:37 & va:0,1
1535,5,7,de:15 & im:4 & pr:19 & pr:5 & pr:6 & th:1 & th:11 & va:10,18
1536,5,1,de:3 & im:33 & pr:10 & th:34 & va:36,4
1537,5,2,de:8 & im:8 & pr:1 & th:7 & va:1,29
1538,5,6,de:22 & im:31 & pr:13 & pr:23 & th:4 & va:7,11
1539,5,5,de:37 & im:1 & pr:13 & pr:3 & pr:8 & pr:9 & th:15 & th:6 & va:17,23
1540,5,4,de:37 & im:1 & pr:25 & th:6 & va:17,23
1541,5,1,de:15 & im:9 & pr:5 & th:2 & va:18,16
1542,5,5,de:6 & im:16 & pr:5 & th:1 & va:26,7
1543,5,6,de:15 & im:4 & pr:11 & pr:13 & th:4 & va:12,18
1544,5,5,pr:11 & pr:23,17
1545,5,1,de:15 & im:4 & pr:6 & th:12 & va:32,18
1546,5,4,de:25 & im:34 & pr:32 & pr:4 & th:21 & va:30,5
1547,5,3,de:15 & de:28 & im:4 & im:7 & pr:4 & pr:6 & th:9 & va:32,19
1548,5,8,de:5 & im:28 & pr:27 & pr:7 & th:6 & va:1,23
1549,5,9,de:14 & im:20 & pr:27 & pr:9 & th:14 & va:19,15
1550,5,5,de:37 & im:1 & pr:13 & pr:18 & pr:6 & th:6 & va:17,23
1551,5,2,de:37 & im:9 & pr:37 & th:35 & va:38,20
1552,5,7,im:4 & pr:12 & pr:31 & th:9 & va:10,18
1553,5,3,de:15 & de:17 & im:4 & pr:4 & pr:6 & th:11 & th:12 & th:4 & va:9,18
1554,5,1,de:4 & im:10 & pr:11 & th:30 & va:15,17
1555,5,1,de:7 & im:7 & pr:4 & th:12 & va:12,19
1556,5,5,de:15 & im:4 & pr:11 & pr:31,18
1557,5,5,de:37 & im:1 & pr:11 & pr:12 & th:6 & va:15,23
1558,5,5,de:15 & im:4 & pr:11 & pr:31 & th:12 & va:10,18
1559,5,5,de:15 & im:19 & pr:11 & pr:6 & th:12 & va:10,18
1560,5,6,de:15 & im:4 & pr:11 & pr:7 & th:2 & va:2,18
1561,5,5,de:29 & im:10 & pr:11 & pr:19 & th:5 & va:1,25
1562,5,6,de:37 & im:1 & pr:11 & pr:12 & th:6 & va:17,23
1563,5,7,de:14 & im:25 & pr:11 & pr:7 & th:26 & va:20,15
1564,5,2,de:30 & im:8 & pr:16 & th:8 & va:1,29
1565,5,6,de:15 & pr:11 & pr:6,18
1566,5,5,de:15 & im:4 & pr:11 & pr:6 & th:11 & va:15,18
1567,5,5,de:16 & im:10 & pr:11 & pr:6 & th:12 & va:3,18
1568,5,5,de:15 & im:4 & pr:11 & pr:31 & th:2 & va:32,18
1569,5,5,de:16 & im:4 & pr:11 & pr:31 & th:2 & va:10,18
1570,5,7,de:22 & im:31 & pr:11 & pr:13 & th:4 & va:7,11
1571,5,5,de:16 & im:10 & pr:11 & pr:27 & th:12,18
1572,5,6,de:22 & im:31 & pr:11 & pr:3 & pr:6 & th:4 & va:18,11
1573,5,7,de:37 & im:1 & pr:11 & pr:12 & pr:18 & th:6 & va:17,23
1574,5,8,de:15 & de:37 & im:1 & im:4 & pr:19 & pr:32 & pr:6 & th:11 & th:6 & va:10,18
1575,5,6,de:15 & im:4 & pr:4 & pr:6 & th:11,18
1576,5,9,de:13 & im:1 & pr:17 & pr:27 & th:0,23
1577,5,7,de:6 & im:21 & pr:27 & pr:32 & th:1 & va:8,7
1578,5,7,de:15 & im:4 & pr:13 & pr:27 & th:4 & va:12,18
1579,5,6,de:20 & im:19 & pr:11 & pr:27 & th:1 & va:9,19
1580,5,10,de:14 & im:25 & pr:14 & pr:27 & th:26 & va:20,15
1581,5,5,de:37 & im:1 & pr:6 & pr:7 & th:37 & va:1,23
1582,5,6,de:37 & im:1 & pr:6 & pr:7 & th:37 & va:39,23
1583,5,6,im:13 & pr:12 & pr:2 & pr:39 & th:3 & va:36,3
1584,5,8,de:37 & im:8 & pr:12 & pr:19 & th:28 & va:1,29
1585,5,2,de:25 & im:34 & pr:4 & va:33,5
1586,5,8,de:15 & im:4 & pr:27 & pr:31 & th:12 & va:10,18
1587,5,1,de:20 & im:20 & pr:11 & pr:15 & th:1 & va:30,19
1588,5,9,de:15 & de:20 & im:4 & pr:27 & pr:6 & th:11 & th:12 & va:32,18
1589,5,4,pr:19 & pr:27,13
1590,5,7,de:16 & im:4 & pr:27 & pr:7 & th:37 & va:2,18
1591,5,6,de:25 & im:34 & pr:27 & pr:31 & pr:32,5
1592,5,7,de:37 & im:1 & pr:12 & pr:27 & th:6 & va:37,23
1593,5,4,de:15 & de:20 & im:20 & im:4 & pr:12 & pr:24 & pr:6 & th:1 & th:11 & th:2 & va:9,18
1594,5,2,de:16 & im:19 & pr:11 & th:12 & va:9,19
1595,5,8,de:20 & de:3 & im:16 & pr:39 & pr:4 & pr:5 & th:12 & th:2 & th:36 & va:26,4
1596,5,8,de:20 & de:3 & im:16 & pr:11 & pr:39 & pr:4 & pr:5 & th:1 & th:2 & th:36 & va:26,4
1597,5,4,de:15 & de:20 & de:28 & im:4 & pr:27 & pr:6 & th:1 & th:11 & th:12 & va:9,18
1598,5,7,de:16 & im:1 & pr:27 & pr:31 & th:2 & va:17,21
1599,5,7,de:15 & im:4 & pr:27 & pr:31 & th:2 & va:32,18
1600,5,4,de:15 & de:20 & im:19 & im:4 & pr:11 & pr:12 & pr:6 & th:11 & th:2 & va:9,18
1601,5,10,de:37 & im:1 & pr:12 & pr:7 & pr:9 & th:6 & va:17,23
1602,5,7,de:13 & de:20 & de:9 & im:1 & im:19 & pr:11 & pr:7 & pr:8 & th:2 & th:37 & va:17 & va:9,23
