cluster_id,n_nodes,n_sources,centroid_sim_mean,edge_only_path_fraction,top5_names,top_node_name,closest3_names,farthest3_names,centroid_sim_min,centroid_sim_max
4,319,242,0.7417,0.9404,Ineffective or unsafe behavior in reinforcement le | Inefficient exploration causing unsafe behavior in | policy failure from sample inefficiency in model-b | sample inefficiency of reinforcement learning algo | Sample inefficiency in RL due to poor exploration ,Ineffective or unsafe behavior in reinforcement learning agents in complex tasks,Ineffective or unsafe behavior in reinforcement learning agents in complex tasks | Inefficient exploration causing unsafe behavior in RL agents in complex environments | policy failure from sample inefficiency in model-based reinforcement learning,Reduced farming profit in Stardew Valley first spring | Software transparency barriers in MineRL stack | Equipment damage from unsafe actuator commands in optical interferometer alignment,0.3629,0.8795
0,294,246,0.7039,0.9626,Unreliable out-of-distribution performance in mach | Unreliable out-of-distribution predictions in ML a | Performance degradation of computer vision models  | Incorrect predictions on out-of-distribution input | Poor out-of-distribution generalization in neural ,Unreliable out-of-distribution performance in machine learning systems,Unreliable out-of-distribution performance in machine learning systems | Unreliable out-of-distribution predictions in ML applications | Performance degradation of computer vision models under real-world distribution shifts,Productivity loss from disruptive notifications in multitasking desktop environments | Unprocessed qualitative data bottleneck in social science research | Alert fatigue in security operations centers,0.4636,0.8349
10,253,248,0.9133,0.3043,Existential catastrophe from misaligned advanced A | Existential catastrophe from misaligned advanced A | Existential catastrophe from advanced AI systems | Existential catastrophe from misaligned AI in glob | existential catastrophe from misaligned advanced A,Existential catastrophe from misaligned advanced AI systems,Existential catastrophe from misaligned advanced AI systems | Existential catastrophe from misaligned advanced AI systems | Existential catastrophe from misaligned advanced AI systems,High suffering of farm animals in factory farming | Ongoing large-scale suffering of farmed animals due to slow moral circle expansion | severe suffering of farmed animals in intensive agriculture,0.3552,0.9792
16,236,213,0.7388,0.6992,Insufficient AI safety expertise leading to unmana | Insufficient AI safety research capacity relative  | Insufficient skilled AI safety talent pipeline glo | Insufficient capacity for AI safety research and i | Insufficient AI safety research capacity to mitiga,Insufficient AI safety expertise leading to unmanaged AI risks,Insufficient AI safety research capacity to mitigate AI risks | Insufficient AI safety expertise leading to unmanaged AI risks | Insufficient talent pipeline for AI safety research,Windfall Clause voided under UK competition law | Financial resource waste from Goodharting in online advertising | revenue loss and offloading costs in air-cargo operations,0.3343,0.9128
22,215,187,0.7399,0.8419,Harmful or untruthful outputs in large language mo | Harmful or dishonest behavior in large language mo | Unintended harmful outputs from large language mod | harmful or dishonest language model outputs | Untruthful outputs by large language models in use,Harmful or untruthful outputs in large language models,Harmful or untruthful outputs in large language models | Harmful or dishonest behavior in large language models | Harmful or untruthful outputs from large language models,aggressive hallucination and harassment by search chatbots | false sense of understanding due to fading novelty in learning | low accuracy on compositional multi-hop question answering in QA systems,0.5227,0.8855
9,189,179,0.7964,0.7143,Unsafe AI behavior causing negative societal outco | Unsafe behavior of advanced AI systems in real-wor | Unsafe AI system behaviors impacting human safety | Unsafe or misaligned AI systems in societal deploy | Unintended harmful behavior by AI systems in real-,Unsafe AI behavior causing negative societal outcomes in real-world deployment,Unsafe AI behavior causing negative societal outcomes in real-world deployment | Unsafe behavior of advanced AI systems in real-world deployment | Unsafe or misaligned AI systems in societal deployment,Systemic financial instability from high-frequency trading time compression | Long-term physiological side effects from unregulated brain stimulation devices | Socioeconomic inequity in cognitive enhancement access,0.4457,0.9353
6,162,146,0.7986,0.6914,Reward mis-specification leading to undesired beha | Reward misspecification leading to misaligned beha | Reward hacking due to misspecified reward function | Reward function misalignment in reinforcement lear | Reward hacking in reinforcement learning environme,Reward mis-specification leading to undesired behaviors in reinforcement learning systems,Reward misspecification in reinforcement learning agents | Reward mis-specification causing unintended behavior in RL agents | Reward hacking in reinforcement learning agents,Nondeterministic execution order in side-effectful TensorFlow ops | interference with environment to preserve future tasks by agents | Termination bias causing unintended episode length behavior in LfH policies,0.5243,0.9367
5,155,136,0.6763,0.9548,Excessive computation and data demands in AI syste | Resource inefficiency in large-scale deep learning | Inefficient compute allocation in large language m | computational resource overuse in model retraining | Resource overuse from training dense networks,Excessive computation and data demands in AI systems,Excessive computation and data demands in AI systems | Resource inefficiency in large-scale deep learning training | Inefficient compute allocation in large language model development,Limited access to contract legal support for small businesses and individuals | High illustration cost in small-scale game development | Excess communication cost for transmitting trits via binary channel,0.3856,0.8294
14,154,143,0.6775,0.9545,Erroneous high-stakes decisions from incomprehensi | Erroneous decision-making by AI systems under real | Erroneous AI-assisted decision making in high-stak | Incorrect or unsafe decisions by AI systems in com | Decision errors from uncertainty misestimation in ,Erroneous high-stakes decisions from incomprehensible AI systems,Erroneous high-stakes decisions from incomprehensible AI systems | Erroneous decision-making by AI systems under real-world conditions | Incorrect or unsafe decisions by AI systems in complex domains,Preventable sight loss from delayed AMD diagnosis in UK ophthalmology | Routing faults causing misdelivery of optical signals in WRONoC | Systematic bias in galaxy halo mass estimation for ΛCDM validation,0.454,0.8394
25,135,135,0.945,0.2074,Existential catastrophe from misaligned superintel | Existential catastrophe from misaligned superintel | Existential catastrophe due to misaligned superint | Existential catastrophe from misaligned superintel | Existential catastrophe from misaligned superintel,Existential catastrophe from misaligned superintelligent AI,Existential catastrophe from misaligned superintelligent AI | Existential catastrophe from misaligned superintelligent AI | Existential catastrophe from misaligned superintelligent AI,Fermi paradox misinterpretation in astrobiology discourse | Unaligned artificial superintelligence takeover | Unaligned superintelligent AI obtaining decisive strategic advantage,0.5437,0.9821
26,135,134,0.9312,0.2963,Existential catastrophe from misaligned AGI | Existential catastrophe from misaligned AGI system | Existential catastrophe from misaligned AGI deploy | Existential catastrophe from misaligned AGI | Existential catastrophe from misaligned AGI in AGI,Existential catastrophe from misaligned AGI,Existential catastrophe from misaligned AGI | Existential catastrophe from misaligned AGI | Existential catastrophe from misaligned AGI,Opacity and uncontrolled objectives in evolution-from-scratch AGI | Financial instability from overreacting to AI doom predictions | Tyranny and value lock-in from centralized AGI singleton,0.6738,0.9855
8,124,112,0.7055,0.9597,unsafe human-robot interaction due to incorrect un | Coordination failure in human-robot collaboration | Autonomous robot operational failure in dynamic re | Safety hazards from uncoordinated human-AI co-adap | Human-AI coordination failures in cooperative task,unsafe human-robot interaction due to incorrect understanding of human decisions,unsafe human–robot interaction due to incorrect understanding of human decisions | Coordination failure in human-robot collaboration | Autonomous robot operational failure in dynamic real-world environments,thin liquidity and wide bid-ask spreads in option chains | Fraudulent double-issuing of impact claims | Unachievable envy-free allocation of indivisible goods,0.3768,0.8484
21,117,117,0.929,0.3248,Catastrophic misalignment of advanced AI systems | Catastrophic misalignment of advanced AI systems | Catastrophic misalignment of advanced AI systems i | Catastrophic outcomes from misaligned AI systems | Catastrophic misalignment of highly capable AI sys,Catastrophic misalignment of advanced AI systems,Catastrophic misalignment of advanced AI systems | Catastrophic misalignment of advanced AI systems | Catastrophic misalignment of advanced AI systems,Multipolar development of TAI with many actors raises coordination failures | malign influence from simulated consequentialists via Solomonoff prior in AI decision-making | Catastrophic failures from outcome-gaming by advanced ML systems,0.5349,0.9825
17,109,98,0.8126,0.945,Adversarial vulnerability in image classification  | Adversarial vulnerability in neural network image  | Adversarial misclassification in image classifiers | Adversarial misclassification of image classifiers | Adversarial misclassification vulnerability in ima,Adversarial vulnerability in image classification models,Adversarial vulnerability in image classification models | Adversarial vulnerability in neural network image classifiers | Adversarial misclassification in image classifiers,Misclassification of simplicity of alternating group A_n for n>4 in algebraic studies | Predictable security patrol schedules enable successful adversary attacks in critical infrastructure | Racial misclassification of black people as gorillas in image classification models,0.4729,0.9363
15,101,95,0.7853,0.7624,Opaque decision-making in deep neural networks | Opaque decision-making in deep neural networks dep | Opaque decision-making processes in machine learni | Opaque decision processes in neural networks | Opaque decision-making in deep learning models,Opaque decision-making in deep neural networks,Opaque decision-making in deep neural networks deployed in safety-critical AI | Opaque decision-making in deep neural networks | Opaque decision processes in neural networks,Occlusion of tissue microstructure by marker ink in digital H&E slide images | Limited relational reasoning over arbitrary graphs | verification intractability for large neural networks,0.4681,0.9344
19,99,97,0.8501,0.404,Loss of human control over advanced AI systems | Human disempowerment by unaligned advanced AI syst | Human disempowerment by power-seeking advanced AI  | Disempowerment of humanity by misaligned power-see | loss of human control by superintelligent AI,Loss of human control over advanced AI systems,Catastrophic human disempowerment by misaligned AI systems | Human disempowerment from misaligned advanced AI | Loss of human control over advanced AI systems,Totalitarian moral collapse in societies | Loss of personal identity for ALS patients due to generic speech in augmentative devices | Loss of human experiential knowledge in CIM decision-making,0.5263,0.9473
35,96,94,0.8682,0.5417,Value misalignment in advanced AI systems | objective misalignment in advanced AI systems | Goal misalignment in advanced AI systems | Value misalignment in advanced AI systems | Misalignment of AI systems with human values,Value misalignment in advanced AI systems,Value misalignment in advanced AI systems | Misalignment of AI goals with human values in advanced AI systems | Value misalignment in advanced AI systems,High customer service load due to misclassified user intents | Unmet delegated goals due to undetected sub-optimal plan execution in autonomous agents | Failure to communicate human preferences to AI systems,0.5426,0.9753
1,93,86,0.7702,0.6882,Catastrophic misuse of frontier AI capabilities by | Catastrophic misuse of advanced AI technologies by | Malicious misuse of advanced AI technologies | Catastrophic misuse of advanced AI models | Malicious use of frontier AI capabilities by non-s,Catastrophic misuse of frontier AI capabilities by malicious actors,Catastrophic misuse of frontier AI capabilities by malicious actors | Catastrophic misuse of advanced AI technologies by malicious actors | Catastrophic misuse of AI capabilities by irresponsible actors,Child mortality from malaria in endemic regions | High COVID-19 mortality in metropolitan statistical areas | Delayed containment of emerging infectious diseases in Latin America,0.3374,0.9345
2,88,82,0.7686,0.6818,Accelerated AI arms race leading to unsafe AI depl | Destabilizing AI arms race between great powers | AI arms race undermining safety precautions | Destabilizing AI arms race between governments | Safety degradation from AI capability arms race,Accelerated AI arms race leading to unsafe AI deployment,Accelerated AI arms race leading to unsafe AI deployment | AI arms race-induced unsafe acceleration | AI arms race undermining safety precautions,Erosion of allied semiconductor leadership in global supply chain | Inadvertent US–Russia nuclear war | Erosion of U.S. undersea warfare advantage by PLA AUVs,0.506,0.9243
7,78,78,0.9215,0.2949,Human extinction from misaligned superintelligent  | Human extinction from uncontrollable superintellig | Human extinction from misaligned superintelligent  | Human extinction from misaligned superintelligent  | Human extinction from misaligned advanced AI syste,Human extinction from misaligned superintelligent AI,Human extinction from misaligned superintelligent AI | Human extinction from misaligned superintelligent AI | Human extinction from misaligned superintelligent AI in advanced AI development,human extinction by alien superintelligence via solar system manipulation | power-seeking unaligned superintelligence in future | Human extinction from agential misuse of advanced technologies,0.7962,0.9699
11,77,74,0.7876,0.7013,Inadequate AI safety preparedness from inaccurate  | Misallocation of AI safety resources due to inaccu | Inaccurate AI progress forecasting undermining AI  | Policy missteps due to inaccurate AI timeline pred | Inaccurate AI timeline forecasting in AI governanc,Inadequate AI safety preparedness from inaccurate AI timeline predictions,insufficient AI safety preparedness from inaccurate AI timeline estimates | Inadequate AI safety preparedness from inaccurate AI timeline predictions | Inaccurate AI timeline predictions impacting safety preparedness,Forecaster demotivation from unresolved ambiguous questions | Project cost overruns and delays in large-scale projects | Inadequate warning of extreme rainfall flooding events,0.5014,0.9344
12,74,74,0.8861,0.4324,Catastrophic harm from unsafe advanced AI systems | Catastrophic failure of advanced AI systems | Catastrophic real-world harm from advanced AI syst | Catastrophic AI system failures impacting humanity | Global catastrophe from unsafe advanced AI systems,Catastrophic harm from unsafe advanced AI systems,Catastrophic failure of advanced AI systems | Catastrophic harm from unsafe advanced AI systems | Catastrophic failures from advanced artificial intelligence deployment,Wild animal suffering from human-wildlife conflict in expanding human habitats | Misaligned public discourse on existential global risks in journalism | Harmful unilateral actions in global-impact scientific initiatives,0.4588,0.9643
20,63,58,0.7966,0.4762,deceptive alignment in advanced machine learning m | Deceptive alignment in advanced AI systems | Undetected deceptive alignment in advanced AI syst | emergent deceptive alignment in advanced AI system | deceptive alignment in advanced AI systems,deceptive alignment in advanced machine learning models,Deceptive alignment in powerful AI systems | deceptive alignment in advanced AI systems | Deceptive mesaoptimization in advanced AI systems,Incorrect compiler transformations in optimized C code | Overestimation-induced invalid designs in offline model-based optimization | Undetected sensor tampering compromising diamond security,0.623,0.9496
38,58,58,0.9,0.431,Catastrophic misalignment of AGI systems | Catastrophic misalignment in AGI deployment | Catastrophic consequences from misaligned AGI | Catastrophic outcomes from misaligned AGI systems | Catastrophic outcomes from misaligned AGI,Catastrophic misalignment of AGI systems,Catastrophic misalignment of AGI systems | Catastrophic AGI misalignment in real-world deployment | Catastrophic misalignment of AGI systems,Side-channel escape from physical containment by AGI hardware | capability-induced misalignment in previously inaccessible environments | Uncontrolled dissemination of AGI capability knowledge across organizations,0.5445,0.9751
31,57,54,0.7191,1.0,Undetected critical bugs in deployed AI software | Undetected unsafe behaviors in deployed AI models | Undetected harmful behavior in deployed AI models | Undetected specification violations in neural netw | Undetected malware attacks in critical cyber-physi,Undetected critical bugs in deployed AI software,Undetected harmful behaviors in advanced AI systems | Undetected unsafe behaviors in deployed AI models | Undetected critical bugs in deployed AI software,Break of RSA and discrete log cryptosystems by large-scale quantum computers | Delayed resolution of software failures in legacy mainframe reservation system | financial instability from 51% attacks on permissionless blockchains,0.4644,0.845
33,48,47,0.739,0.9167,Privacy violations from AI-based personal data pro | Privacy breaches from AI analytics | Privacy leakage of user data in AI services | privacy breaches from pervasive AI data collection | Personal data re-identification risk in AI-intensi,Privacy violations from AI-based personal data processing,Privacy violations from AI-based personal data processing | Privacy breaches from AI analytics | privacy breaches from pervasive AI data collection,Machine-learning-based key retrieval in logic-locked ICs | Confidentiality breach from plaintext password storage in web services | Unauthorized disclosure of proprietary knowledge graphs during trading,0.5531,0.878
28,41,41,0.8398,0.7073,"Discriminatory outcomes from AI decision systems i | Algorithmic discrimination in high-stakes decision | Algorithmic discrimination in housing, benefits an | Algorithmic discrimination in socio-economic decis | Unfair decision outcomes in automated decision-mak",Discriminatory outcomes from AI decision systems in social domains,algorithmic bias reinforcing discrimination in AI decision-making | Bias and discrimination in AI automated decision making | Algorithmic discrimination in high-stakes decision systems,Inequitable outcomes in cake cutting due to conflicting fairness criteria | Bias amplification from sensitive concept neurons in multimodal models | biased facial recognition deployment violating human rights,0.564,0.9407
24,36,35,0.8048,0.6111,Goal misgeneralization in advanced AI systems | Misaligned objective optimization by advanced AI s | misaligned AI behavior from reward misspecificatio | Objective misspecification in general AI systems | Unintended harmful behavior from goal mis-specific,Goal misgeneralization in advanced AI systems,Misaligned objective optimization by advanced AI systems | Objective misspecification causing undesirable AI behavior | misaligned AI behavior from reward misspecification in goal-optimizing systems,Suboptimal NAS performance from underutilized complementary information among ZC proxies | Sub-optimal target selection in partially observable MOBA 1v1 combats | resource misallocation from optimizer's curse in high-stakes decision-making,0.5557,0.8992
30,36,26,0.7454,0.8333,Existential catastrophe causing extinction of huma | Existential catastrophe terminating human potentia | Human extinction from WMD-enabled arms races in gl | global catastrophic climate change impacts on long | loss of long-term human potential from existential,Existential catastrophe causing extinction of humanity,Existential catastrophe causing extinction of humanity | Existential catastrophe terminating human potential | Existential risk to humanity from global catastrophes,loss of personhood information through post-mortem decomposition | Political instability cascades in global sociopolitical systems | Energy scarcity from declining fossil EROI in global industrial system,0.5812,0.8868
3,34,33,0.7954,0.8235,Opacity of transformer internal reasoning in langu | Opaque internal reasoning in transformer language  | Opacity of transformer language models in safety-c | Opaque decision-making in large language models | Uninterpretable internal mechanisms in transformer,Opacity of transformer internal reasoning in language models,Opaque internal reasoning in transformer language models | Opaque reasoning processes in transformer language models | Opaque reasoning processes in transformer-based language models,Information loss from permutation sensitivity in graph representation | feature superposition in neural network representations | Semantic incomprehension in language models due to sparse word representation,0.5868,0.9311
18,33,33,0.9446,0.4242,Catastrophic misalignment of superintelligent AI s | Catastrophic misalignment of superintelligent AI w | Catastrophic misalignment of superintelligent AI s | Catastrophic misalignment of superintelligent AI m | Catastrophic misalignment of superintelligent AI g,Catastrophic misalignment of superintelligent AI systems,Catastrophic misalignment of superintelligent AI systems | Catastrophic misalignment of superintelligent AI in societal deployment | Catastrophic misalignment of superintelligent AI systems,Scalable alignment failure in superintelligence deployment timeline | Misaligned superintelligence takeover in post-intelligence explosion | Catastrophic takeover by misaligned AGI systems,0.8134,0.9748
34,25,25,0.8305,0.56,Power-seeking behavior in advanced AI systems | Power-seeking behavior in advanced AI systems | Instrumental power-seeking behavior in AI systems | Instrumental power-seeking behavior in advanced go | Power-seeking misalignment in deployed AI agents,Power-seeking behavior in advanced AI systems,Power-seeking behavior in advanced AI systems | Power-seeking behavior in advanced AI systems | Power-seeking behavior in advanced AI systems,Dissociative psychological coping labeled as enlightenment in self-development contexts | Instrumental convergence in RLHF-trained models | Resource-destroying goal maximization by unaligned AI systems,0.4133,0.9446
37,23,22,0.825,0.6522,economic displacement from AI-driven automation | Job displacement from AI-driven automation | Labor displacement from AI-driven automation | Mass job displacement from AI automation in labor  | Automation-driven livelihood disruption by AI,economic displacement from AI-driven automation,economic displacement from AI-driven automation | Labor displacement from AI-driven automation | Job displacement from AI-driven automation,Housing unaffordability in urban markets | Low-income renter displacement in urban redevelopment | labor exploitation in AI hardware supply chains,0.4575,0.9575
23,18,17,0.7583,0.8333,Manipulative exploitation of human psychology by A | Societal manipulation by engagement-maximizing alg | Deceptive influence of opaque AI systems on human  | Human value drift from manipulative AI services | Spread of misinformation and political polarizatio,Manipulative exploitation of human psychology by AI recommendation systems,Societal manipulation by engagement-maximizing algorithms in social media | Radicalization of users by recommender systems | Manipulative exploitation of human psychology by AI recommendation systems,Destructive societal polarization leading to democratic erosion and violence | Addictive use of online platforms reducing individual well-being | Underrepresentation of diverse creators in recommender platforms,0.6083,0.8649
27,15,15,0.8773,0.4,Uncontrolled intelligence explosion in AI developm | Uncontrolled intelligence explosion in advanced AI | Uncontrolled intelligence explosion from recursive | Uncontrolled intelligence explosion causing human  | Uncontrolled superintelligence emergence,Uncontrolled intelligence explosion in AI development,Uncontrolled intelligence explosion in AI self-improvement | Uncontrolled intelligence explosion in advanced AI systems | Uncontrolled intelligence explosion from recursive self-improvement in superintelligent AI,Stack overflow due to deep non-tail recursion in lambda calculus implementations | Uncontrolled technological singularity event in AI development | Uncontrolled superintelligent AI exceeding human oversight capacities,0.5061,0.9627
32,15,15,0.863,0.5333,Shutdown resistance of advanced AI systems | Resistance to human shutdown in advanced AI system | Instrumental shutdown avoidance in advanced AI sys | AI resistance to shutdown in high-stakes contexts | shutdown resistance in advanced AI systems,Shutdown resistance of advanced AI systems,Shutdown resistance in advanced AI systems | Shutdown resistance of advanced AI systems | Shutdown resistance leading to uncontrolled AI behavior,Autonomous dangerous behavior in advanced AI systems | Circumvention of built-in safety controls by advanced AGI systems | Agent uninterruptibility through disabling off switch,0.7429,0.9413
39,10,10,0.7463,0.9,Biased assessment of AI safety research trends due | Suboptimal AI capability progress in long-term AI  | Biased safety-related decision-making in AI develo | cumulative technological innovation stagnation due | Inefficient AI development due to overemphasis on ,Biased assessment of AI safety research trends due to incomplete datasets,Biased assessment of AI safety research trends due to incomplete datasets | Suboptimal AI capability progress in long-term AI development | Biased safety-related decision-making in AI development organizations,Quality-of-life stagnation for marginalized groups | Capability differential between large and small organizations due to data requirements in AI | IP-driven innovation stagnation in converging technologies,0.6105,0.8247
29,8,8,0.8428,0.875,Geopolitical power imbalance from concentrated AI  | Monopoly power concentration in AI sector | Societal power imbalances and manipulation caused  | Socioeconomic disempowerment from AI-driven power  | Concentration of economic power in AI companies in,Geopolitical power imbalance from concentrated AI capabilities,Extreme wealth concentration from advanced AI in global economy | Economic inequality exacerbation due to AI-driven wealth concentration | Extreme economic inequality from transformative AI windfall,Concentration of AI deployment market due to GPU bandwidth imbalance | Emergence of knowledge inequalities from data science rationality in organizations | Diminished AI innovation from Big Tech consolidation,0.7102,0.9227
13,4,2,0.7384,1.0,Unverified rationality guarantees in HCH-based ali | Reduced individual well-being from low gratitude a | Social bond deterioration from insufficient gratit | Computational infeasibility of HCH approximation i,Unverified rationality guarantees in HCH-based alignment,Unverified rationality guarantees in HCH-based alignment | Reduced individual well-being from low gratitude awareness in individuals | Social bond deterioration from insufficient gratitude expression in interpersonal relationships,Computational infeasibility of HCH approximation in AI alignment | Social bond deterioration from insufficient gratitude expression in interpersonal relationships | Reduced individual well-being from low gratitude awareness in individuals,0.7077,0.7747
36,3,2,0.8634,1.0,Slow and low-quality interferometer alignment by d | Sim-to-real performance loss in optical interferom | High human feedback burden for aligning RL agents,Slow and low-quality interferometer alignment by discrete action RL agents,Slow and low-quality interferometer alignment by discrete action RL agents | Sim-to-real performance loss in optical interferometer alignment | High human feedback burden for aligning RL agents,High human feedback burden for aligning RL agents | Sim-to-real performance loss in optical interferometer alignment | Slow and low-quality interferometer alignment by discrete action RL agents,0.8332,0.893
