edge_config,mode,node_type,cluster_id,n_sources,cluster_size,nodes_with_sources,source_coverage_pct
0.9,unconstrained,risk,14,147,158,158,93.0
0.9,unconstrained,risk,6,196,214,214,91.6
0.9,unconstrained,risk,19,134,136,136,98.5
0.9,unconstrained,risk,21,178,179,179,99.4
0.9,unconstrained,risk,35,166,168,168,98.8
0.9,unconstrained,risk,12,102,102,102,100.0
0.9,unconstrained,risk,15,115,121,121,95.0
0.9,unconstrained,risk,0,251,299,299,83.9
0.9,unconstrained,risk,17,105,116,116,90.5
0.9,unconstrained,risk,24,46,48,48,95.8
0.9,unconstrained,risk,10,362,367,367,98.6
0.9,unconstrained,risk,20,97,105,105,92.4
0.9,unconstrained,risk,5,136,155,155,87.7
0.9,unconstrained,risk,9,209,219,219,95.4
0.9,unconstrained,risk,16,245,269,269,91.1
0.9,unconstrained,risk,4,260,341,341,76.2
0.9,unconstrained,risk,1,107,114,114,93.9
0.9,unconstrained,risk,2,105,112,112,93.8
0.9,unconstrained,risk,8,114,126,126,90.5
0.9,unconstrained,risk,33,48,49,49,98.0
0.9,unconstrained,risk,25,222,223,223,99.6
0.9,unconstrained,risk,7,142,142,142,100.0
0.9,unconstrained,risk,38,102,102,102,100.0
0.9,unconstrained,risk,26,234,235,235,99.6
0.9,unconstrained,risk,11,122,126,126,96.8
0.9,unconstrained,risk,34,37,37,37,100.0
0.9,unconstrained,risk,22,192,221,221,86.9
0.9,unconstrained,risk,31,56,59,59,94.9
0.9,unconstrained,risk,37,32,33,33,97.0
0.9,unconstrained,risk,27,44,44,44,100.0
0.9,unconstrained,risk,3,49,50,50,98.0
0.9,unconstrained,risk,18,60,60,60,100.0
0.9,unconstrained,risk,28,45,45,45,100.0
0.9,unconstrained,risk,32,23,23,23,100.0
0.9,unconstrained,risk,39,10,10,10,100.0
0.9,unconstrained,risk,29,15,15,15,100.0
0.9,unconstrained,risk,30,28,39,39,71.8
0.9,unconstrained,risk,23,19,20,20,95.0
0.9,unconstrained,risk,36,2,3,3,66.7
0.9,unconstrained,risk,13,2,4,4,50.0
0.9,unconstrained,intervention,32,50,53,53,94.3
0.9,unconstrained,intervention,25,93,105,105,88.6
0.9,unconstrained,intervention,24,77,78,78,98.7
0.9,unconstrained,intervention,6,98,111,111,88.3
0.9,unconstrained,intervention,35,174,185,185,94.1
0.9,unconstrained,intervention,15,82,87,87,94.3
0.9,unconstrained,intervention,0,101,126,126,80.2
0.9,unconstrained,intervention,8,202,259,259,78.0
0.9,unconstrained,intervention,9,93,122,122,76.2
0.9,unconstrained,intervention,34,57,71,71,80.3
0.9,unconstrained,intervention,22,56,69,69,81.2
0.9,unconstrained,intervention,14,12,15,15,80.0
0.9,unconstrained,intervention,16,19,25,25,76.0
0.9,unconstrained,intervention,23,86,101,101,85.1
0.9,unconstrained,intervention,4,175,203,203,86.2
0.9,unconstrained,intervention,1,95,106,106,89.6
0.9,unconstrained,intervention,2,68,76,76,89.5
0.9,unconstrained,intervention,19,73,80,80,91.2
0.9,unconstrained,intervention,28,17,19,19,89.5
0.9,unconstrained,intervention,26,141,174,174,81.0
0.9,unconstrained,intervention,17,40,42,42,95.2
0.9,unconstrained,intervention,5,175,190,190,92.1
0.9,unconstrained,intervention,18,52,53,53,98.1
0.9,unconstrained,intervention,36,34,38,38,89.5
0.9,unconstrained,intervention,21,40,48,48,83.3
0.9,unconstrained,intervention,10,85,95,95,89.5
0.9,unconstrained,intervention,39,39,42,42,92.9
0.9,unconstrained,intervention,38,57,68,68,83.8
0.9,unconstrained,intervention,11,104,117,117,88.9
0.9,unconstrained,intervention,13,22,26,26,84.6
0.9,unconstrained,intervention,3,21,22,22,95.5
0.9,unconstrained,intervention,31,25,28,28,89.3
0.9,unconstrained,intervention,33,32,34,34,94.1
0.9,unconstrained,intervention,27,21,23,23,91.3
0.9,unconstrained,intervention,20,22,25,25,88.0
0.9,unconstrained,intervention,30,15,17,17,88.2
0.9,unconstrained,intervention,7,12,12,12,100.0
0.9,unconstrained,intervention,12,14,14,14,100.0
0.9,unconstrained,intervention,37,6,6,6,100.0
0.9,unconstrained,intervention,29,4,5,5,80.0
0.9,unconstrained,problem_analysis,16,101,109,109,92.7
0.9,unconstrained,problem_analysis,18,81,87,87,93.1
0.9,unconstrained,problem_analysis,5,104,112,112,92.9
0.9,unconstrained,problem_analysis,9,138,142,142,97.2
0.9,unconstrained,problem_analysis,3,95,99,99,96.0
0.9,unconstrained,problem_analysis,7,132,140,140,94.3
0.9,unconstrained,problem_analysis,23,52,52,52,100.0
0.9,unconstrained,problem_analysis,1,106,124,124,85.5
0.9,unconstrained,problem_analysis,6,266,295,295,90.2
0.9,unconstrained,problem_analysis,19,177,186,186,95.2
0.9,unconstrained,problem_analysis,2,159,188,188,84.6
0.9,unconstrained,problem_analysis,0,95,108,108,88.0
0.9,unconstrained,problem_analysis,39,107,109,109,98.2
0.9,unconstrained,problem_analysis,11,115,133,133,86.5
0.9,unconstrained,problem_analysis,8,68,69,69,98.6
0.9,unconstrained,problem_analysis,20,112,127,127,88.2
0.9,unconstrained,problem_analysis,34,44,46,46,95.7
0.9,unconstrained,problem_analysis,24,29,29,29,100.0
0.9,unconstrained,problem_analysis,10,151,164,164,92.1
0.9,unconstrained,problem_analysis,13,164,171,171,95.9
0.9,unconstrained,problem_analysis,30,30,32,32,93.8
0.9,unconstrained,problem_analysis,4,114,129,129,88.4
0.9,unconstrained,problem_analysis,12,114,115,115,99.1
0.9,unconstrained,problem_analysis,28,59,70,70,84.3
0.9,unconstrained,problem_analysis,27,104,108,108,96.3
0.9,unconstrained,problem_analysis,37,38,40,40,95.0
0.9,unconstrained,problem_analysis,22,71,78,78,91.0
0.9,unconstrained,problem_analysis,31,56,57,57,98.2
0.9,unconstrained,problem_analysis,32,49,49,49,100.0
0.9,unconstrained,problem_analysis,35,15,17,17,88.2
0.9,unconstrained,problem_analysis,26,38,38,38,100.0
0.9,unconstrained,problem_analysis,29,26,29,29,89.7
0.9,unconstrained,problem_analysis,15,31,32,32,96.9
0.9,unconstrained,problem_analysis,17,29,32,32,90.6
0.9,unconstrained,problem_analysis,33,30,30,30,100.0
0.9,unconstrained,problem_analysis,25,56,57,57,98.2
0.9,unconstrained,problem_analysis,14,38,41,41,92.7
0.9,unconstrained,problem_analysis,21,16,16,16,100.0
0.9,unconstrained,problem_analysis,38,16,16,16,100.0
0.9,unconstrained,problem_analysis,36,7,7,7,100.0
0.9,unconstrained,theoretical_insight,9,71,76,76,93.4
0.9,unconstrained,theoretical_insight,2,130,138,138,94.2
0.9,unconstrained,theoretical_insight,25,19,19,19,100.0
0.9,unconstrained,theoretical_insight,6,124,129,129,96.1
0.9,unconstrained,theoretical_insight,3,62,70,70,88.6
0.9,unconstrained,theoretical_insight,11,100,108,108,92.6
0.9,unconstrained,theoretical_insight,33,78,88,88,88.6
0.9,unconstrained,theoretical_insight,14,29,30,30,96.7
0.9,unconstrained,theoretical_insight,29,79,83,83,95.2
0.9,unconstrained,theoretical_insight,39,38,42,42,90.5
0.9,unconstrained,theoretical_insight,10,130,155,155,83.9
0.9,unconstrained,theoretical_insight,13,87,101,101,86.1
0.9,unconstrained,theoretical_insight,34,56,61,61,91.8
0.9,unconstrained,theoretical_insight,23,20,21,21,95.2
0.9,unconstrained,theoretical_insight,18,41,46,46,89.1
0.9,unconstrained,theoretical_insight,36,101,107,107,94.4
0.9,unconstrained,theoretical_insight,4,109,114,114,95.6
0.9,unconstrained,theoretical_insight,12,209,239,239,87.4
0.9,unconstrained,theoretical_insight,28,58,63,63,92.1
0.9,unconstrained,theoretical_insight,30,67,70,70,95.7
0.9,unconstrained,theoretical_insight,7,116,143,143,81.1
0.9,unconstrained,theoretical_insight,1,107,125,125,85.6
0.9,unconstrained,theoretical_insight,8,60,65,65,92.3
0.9,unconstrained,theoretical_insight,21,24,24,24,100.0
0.9,unconstrained,theoretical_insight,0,34,35,35,97.1
0.9,unconstrained,theoretical_insight,37,31,32,32,96.9
0.9,unconstrained,theoretical_insight,19,44,46,46,95.7
0.9,unconstrained,theoretical_insight,5,72,73,73,98.6
0.9,unconstrained,theoretical_insight,31,26,26,26,100.0
0.9,unconstrained,theoretical_insight,27,25,26,26,96.2
0.9,unconstrained,theoretical_insight,15,16,18,18,88.9
0.9,unconstrained,theoretical_insight,38,28,30,30,93.3
0.9,unconstrained,theoretical_insight,35,41,43,43,95.3
0.9,unconstrained,theoretical_insight,26,41,42,42,97.6
0.9,unconstrained,theoretical_insight,24,21,21,21,100.0
0.9,unconstrained,theoretical_insight,32,24,25,25,96.0
0.9,unconstrained,theoretical_insight,16,8,9,9,88.9
0.9,unconstrained,theoretical_insight,22,11,13,13,84.6
0.9,unconstrained,theoretical_insight,17,3,5,5,60.0
0.9,unconstrained,theoretical_insight,20,1,1,1,100.0
0.9,unconstrained,design_rationale,14,55,58,58,94.8
0.9,unconstrained,design_rationale,27,57,61,61,93.4
0.9,unconstrained,design_rationale,21,33,40,40,82.5
0.9,unconstrained,design_rationale,37,143,148,148,96.6
0.9,unconstrained,design_rationale,3,187,197,197,94.9
0.9,unconstrained,design_rationale,32,46,49,49,93.9
0.9,unconstrained,design_rationale,15,141,167,167,84.4
0.9,unconstrained,design_rationale,10,83,96,96,86.5
0.9,unconstrained,design_rationale,5,44,47,47,93.6
0.9,unconstrained,design_rationale,22,117,121,121,96.7
0.9,unconstrained,design_rationale,31,74,87,87,85.1
0.9,unconstrained,design_rationale,2,49,52,52,94.2
0.9,unconstrained,design_rationale,19,61,71,71,85.9
0.9,unconstrained,design_rationale,33,14,15,15,93.3
0.9,unconstrained,design_rationale,20,113,123,123,91.9
0.9,unconstrained,design_rationale,28,43,43,43,100.0
0.9,unconstrained,design_rationale,8,160,182,182,87.9
0.9,unconstrained,design_rationale,17,66,73,73,90.4
0.9,unconstrained,design_rationale,0,53,55,55,96.4
0.9,unconstrained,design_rationale,18,45,47,47,95.7
0.9,unconstrained,design_rationale,16,83,90,90,92.2
0.9,unconstrained,design_rationale,13,31,31,31,100.0
0.9,unconstrained,design_rationale,25,32,34,34,94.1
0.9,unconstrained,design_rationale,7,54,56,56,96.4
0.9,unconstrained,design_rationale,9,43,46,46,93.5
0.9,unconstrained,design_rationale,23,48,57,57,84.2
0.9,unconstrained,design_rationale,11,42,44,44,95.5
0.9,unconstrained,design_rationale,6,46,51,51,90.2
0.9,unconstrained,design_rationale,29,81,82,82,98.8
0.9,unconstrained,design_rationale,36,16,17,17,94.1
0.9,unconstrained,design_rationale,30,57,68,68,83.8
0.9,unconstrained,design_rationale,1,58,63,63,92.1
0.9,unconstrained,design_rationale,35,11,12,12,91.7
0.9,unconstrained,design_rationale,38,18,19,19,94.7
0.9,unconstrained,design_rationale,4,35,37,37,94.6
0.9,unconstrained,design_rationale,12,19,21,21,90.5
0.9,unconstrained,design_rationale,26,1,1,1,100.0
0.9,unconstrained,design_rationale,34,8,8,8,100.0
0.9,unconstrained,design_rationale,24,13,14,14,92.9
0.9,unconstrained,design_rationale,39,13,14,14,92.9
0.9,unconstrained,implementation_mechanism,25,39,42,42,92.9
0.9,unconstrained,implementation_mechanism,36,50,58,58,86.2
0.9,unconstrained,implementation_mechanism,5,55,66,66,83.3
0.9,unconstrained,implementation_mechanism,1,188,197,197,95.4
0.9,unconstrained,implementation_mechanism,16,109,116,116,94.0
0.9,unconstrained,implementation_mechanism,24,63,71,71,88.7
0.9,unconstrained,implementation_mechanism,4,174,209,209,83.3
0.9,unconstrained,implementation_mechanism,26,51,53,53,96.2
0.9,unconstrained,implementation_mechanism,3,91,100,100,91.0
0.9,unconstrained,implementation_mechanism,28,31,31,31,100.0
0.9,unconstrained,implementation_mechanism,31,101,105,105,96.2
0.9,unconstrained,implementation_mechanism,2,103,127,127,81.1
0.9,unconstrained,implementation_mechanism,21,26,30,30,86.7
0.9,unconstrained,implementation_mechanism,30,7,7,7,100.0
0.9,unconstrained,implementation_mechanism,0,143,160,160,89.4
0.9,unconstrained,implementation_mechanism,23,8,8,8,100.0
0.9,unconstrained,implementation_mechanism,19,131,149,149,87.9
0.9,unconstrained,implementation_mechanism,37,24,25,25,96.0
0.9,unconstrained,implementation_mechanism,7,120,130,130,92.3
0.9,unconstrained,implementation_mechanism,13,67,73,73,91.8
0.9,unconstrained,implementation_mechanism,20,57,62,62,91.9
0.9,unconstrained,implementation_mechanism,8,101,131,131,77.1
0.9,unconstrained,implementation_mechanism,39,17,20,20,85.0
0.9,unconstrained,implementation_mechanism,9,99,110,110,90.0
0.9,unconstrained,implementation_mechanism,11,61,68,68,89.7
0.9,unconstrained,implementation_mechanism,6,44,46,46,95.7
0.9,unconstrained,implementation_mechanism,33,31,37,37,83.8
0.9,unconstrained,implementation_mechanism,18,23,27,27,85.2
0.9,unconstrained,implementation_mechanism,34,46,49,49,93.9
0.9,unconstrained,implementation_mechanism,35,15,15,15,100.0
0.9,unconstrained,implementation_mechanism,27,42,51,51,82.4
0.9,unconstrained,implementation_mechanism,10,88,93,93,94.6
0.9,unconstrained,implementation_mechanism,22,20,20,20,100.0
0.9,unconstrained,implementation_mechanism,14,16,18,18,88.9
0.9,unconstrained,implementation_mechanism,17,31,33,33,93.9
0.9,unconstrained,implementation_mechanism,29,23,24,24,95.8
0.9,unconstrained,implementation_mechanism,12,26,26,26,100.0
0.9,unconstrained,implementation_mechanism,15,12,12,12,100.0
0.9,unconstrained,implementation_mechanism,38,5,5,5,100.0
0.9,unconstrained,implementation_mechanism,32,24,30,30,80.0
0.9,unconstrained,validation_evidence,20,78,85,85,91.8
0.9,unconstrained,validation_evidence,5,23,23,23,100.0
0.9,unconstrained,validation_evidence,37,18,19,19,94.7
0.9,unconstrained,validation_evidence,39,57,60,60,95.0
0.9,unconstrained,validation_evidence,0,87,95,95,91.6
0.9,unconstrained,validation_evidence,12,53,58,58,91.4
0.9,unconstrained,validation_evidence,34,42,49,49,85.7
0.9,unconstrained,validation_evidence,10,97,116,116,83.6
0.9,unconstrained,validation_evidence,21,10,10,10,100.0
0.9,unconstrained,validation_evidence,19,63,71,71,88.7
0.9,unconstrained,validation_evidence,36,69,93,93,74.2
0.9,unconstrained,validation_evidence,14,57,72,72,79.2
0.9,unconstrained,validation_evidence,8,71,80,80,88.8
0.9,unconstrained,validation_evidence,26,132,160,160,82.5
0.9,unconstrained,validation_evidence,24,28,31,31,90.3
0.9,unconstrained,validation_evidence,7,45,45,45,100.0
0.9,unconstrained,validation_evidence,9,113,129,129,87.6
0.9,unconstrained,validation_evidence,25,25,27,27,92.6
0.9,unconstrained,validation_evidence,11,70,81,81,86.4
0.9,unconstrained,validation_evidence,1,237,266,266,89.1
0.9,unconstrained,validation_evidence,4,86,98,98,87.8
0.9,unconstrained,validation_evidence,15,85,88,88,96.6
0.9,unconstrained,validation_evidence,30,59,62,62,95.2
0.9,unconstrained,validation_evidence,38,46,46,46,100.0
0.9,unconstrained,validation_evidence,35,65,70,70,92.9
0.9,unconstrained,validation_evidence,28,56,63,63,88.9
0.9,unconstrained,validation_evidence,31,33,37,37,89.2
0.9,unconstrained,validation_evidence,32,28,31,31,90.3
0.9,unconstrained,validation_evidence,33,62,75,75,82.7
0.9,unconstrained,validation_evidence,27,23,26,26,88.5
0.9,unconstrained,validation_evidence,2,54,62,62,87.1
0.9,unconstrained,validation_evidence,22,33,41,41,80.5
0.9,unconstrained,validation_evidence,6,26,27,27,96.3
0.9,unconstrained,validation_evidence,23,26,29,29,89.7
0.9,unconstrained,validation_evidence,17,73,76,76,96.1
0.9,unconstrained,validation_evidence,3,26,27,27,96.3
0.9,unconstrained,validation_evidence,18,37,40,40,92.5
0.9,unconstrained,validation_evidence,16,16,17,17,94.1
0.9,unconstrained,validation_evidence,13,22,23,23,95.7
0.9,unconstrained,validation_evidence,29,3,3,3,100.0
