edge_config,mode,node_type,cluster_id,year_min,year_max,year_range,year_mean,year_median,n_nodes_with_year,cluster_size
0.9,unconstrained,risk,14,2003,2023,20,2018.11,2019.0,158,158
0.9,unconstrained,risk,6,1998,2023,25,2019.7,2020.0,214,214
0.9,unconstrained,risk,19,2006,2023,17,2021.62,2022.0,136,136
0.9,unconstrained,risk,21,2013,2023,10,2020.45,2021.0,179,179
0.9,unconstrained,risk,35,2011,2023,12,2020.05,2021.0,168,168
0.9,unconstrained,risk,12,2009,2023,14,2021.19,2022.0,101,102
0.9,unconstrained,risk,15,2006,2023,17,2020.06,2020.0,121,121
0.9,unconstrained,risk,0,2012,2023,11,2019.87,2020.0,299,299
0.9,unconstrained,risk,17,2013,2023,10,2019.55,2019.0,116,116
0.9,unconstrained,risk,24,2011,2023,12,2020.44,2021.5,48,48
0.9,unconstrained,risk,10,2011,2023,12,2021.59,2022.0,365,367
0.9,unconstrained,risk,20,2008,2023,15,2021.31,2022.0,105,105
0.9,unconstrained,risk,5,2002,2023,21,2019.71,2020.0,154,155
0.9,unconstrained,risk,9,2010,2023,13,2020.45,2021.0,219,219
0.9,unconstrained,risk,16,2013,2023,10,2021.26,2022.0,267,269
0.9,unconstrained,risk,4,2006,2023,17,2019.57,2020.0,341,341
0.9,unconstrained,risk,1,2013,2023,10,2021.87,2023.0,113,114
0.9,unconstrained,risk,2,2015,2023,8,2021.1,2022.0,108,112
0.9,unconstrained,risk,8,1994,2023,29,2018.71,2020.0,126,126
0.9,unconstrained,risk,33,2017,2023,6,2021.45,2022.0,49,49
0.9,unconstrained,risk,25,2010,2023,13,2019.5,2021.5,222,223
0.9,unconstrained,risk,7,2004,2023,19,2021.5,2023.0,142,142
0.9,unconstrained,risk,38,2011,2023,12,2021.29,2022.0,101,102
0.9,unconstrained,risk,26,2010,2023,13,2021.3,2022.0,235,235
0.9,unconstrained,risk,11,2011,2023,12,2019.96,2021.0,126,126
0.9,unconstrained,risk,34,2018,2023,5,2021.68,2022.0,37,37
0.9,unconstrained,risk,22,2011,2023,12,2021.99,2022.0,221,221
0.9,unconstrained,risk,31,2003,2023,20,2019.12,2020.0,59,59
0.9,unconstrained,risk,37,2015,2023,8,2020.58,2022.0,33,33
0.9,unconstrained,risk,27,2008,2023,15,2018.41,2019.5,44,44
0.9,unconstrained,risk,3,2016,2023,7,2022.16,2022.5,50,50
0.9,unconstrained,risk,18,2011,2023,12,2018.72,2019.0,60,60
0.9,unconstrained,risk,28,2014,2023,9,2021.0,2021.0,45,45
0.9,unconstrained,risk,32,2014,2023,9,2018.87,2019.0,23,23
0.9,unconstrained,risk,39,2017,2023,6,2020.8,2021.0,10,10
0.9,unconstrained,risk,29,2019,2023,4,2021.67,2022.0,15,15
0.9,unconstrained,risk,30,2010,2023,13,2019.36,2020.0,39,39
0.9,unconstrained,risk,23,2014,2023,9,2020.35,2020.5,20,20
0.9,unconstrained,risk,36,2021,2021,0,2021.0,2021.0,3,3
0.9,unconstrained,risk,13,2021,2021,0,2021.0,2021.0,4,4
0.9,unconstrained,intervention,32,2013,2023,10,2019.87,2020.0,53,53
0.9,unconstrained,intervention,25,2003,2023,20,2018.12,2019.0,105,105
0.9,unconstrained,intervention,24,2016,2023,7,2022.22,2023.0,78,78
0.9,unconstrained,intervention,6,2014,2023,9,2019.85,2019.5,110,111
0.9,unconstrained,intervention,35,2006,2023,17,2020.26,2021.0,185,185
0.9,unconstrained,intervention,15,2013,2023,10,2021.07,2022.0,87,87
0.9,unconstrained,intervention,0,2012,2023,11,2019.65,2020.0,126,126
0.9,unconstrained,intervention,8,2011,2023,12,2020.08,2022.0,257,259
0.9,unconstrained,intervention,9,2012,2023,11,2019.67,2021.0,122,122
0.9,unconstrained,intervention,34,2012,2023,11,2020.31,2021.0,71,71
0.9,unconstrained,intervention,22,2010,2023,13,2020.65,2021.0,69,69
0.9,unconstrained,intervention,14,2018,2023,5,2021.6,2022.0,15,15
0.9,unconstrained,intervention,16,2012,2023,11,2018.48,2019.0,25,25
0.9,unconstrained,intervention,23,1994,2022,28,2018.29,2019.0,101,101
0.9,unconstrained,intervention,4,2009,2023,14,2020.86,2022.0,201,203
0.9,unconstrained,intervention,1,2006,2023,17,2020.01,2021.0,106,106
0.9,unconstrained,intervention,2,2006,2023,17,2019.33,2020.0,76,76
0.9,unconstrained,intervention,19,2012,2023,11,2019.84,2020.0,80,80
0.9,unconstrained,intervention,28,2014,2023,9,2021.05,2022.0,19,19
0.9,unconstrained,intervention,26,2012,2022,10,2019.54,2020.0,174,174
0.9,unconstrained,intervention,17,2002,2023,21,2018.88,2020.0,42,42
0.9,unconstrained,intervention,5,2008,2023,15,2020.52,2021.0,188,190
0.9,unconstrained,intervention,18,2012,2023,11,2021.04,2021.0,53,53
0.9,unconstrained,intervention,36,2012,2023,11,2020.34,2021.0,38,38
0.9,unconstrained,intervention,21,2010,2023,13,2016.45,2016.0,47,48
0.9,unconstrained,intervention,10,2014,2023,9,2020.98,2022.0,92,95
0.9,unconstrained,intervention,39,2015,2023,8,2022.18,2023.0,38,42
0.9,unconstrained,intervention,38,2005,2023,18,2019.31,2021.0,68,68
0.9,unconstrained,intervention,11,2011,2023,12,2020.42,2022.0,117,117
0.9,unconstrained,intervention,13,2014,2023,9,2020.12,2020.5,26,26
0.9,unconstrained,intervention,3,2013,2023,10,2018.18,2019.0,22,22
0.9,unconstrained,intervention,31,2016,2023,7,2020.96,2022.0,28,28
0.9,unconstrained,intervention,33,2018,2023,5,2022.24,2023.0,34,34
0.9,unconstrained,intervention,27,2016,2023,7,2020.65,2021.0,23,23
0.9,unconstrained,intervention,20,2013,2023,10,2019.56,2020.0,25,25
0.9,unconstrained,intervention,30,2015,2022,7,2020.65,2022.0,17,17
0.9,unconstrained,intervention,7,2010,2022,12,2019.42,2019.5,12,12
0.9,unconstrained,intervention,12,2013,2023,10,2019.14,2020.0,14,14
0.9,unconstrained,intervention,37,2022,2022,0,2022.0,2022.0,6,6
0.9,unconstrained,intervention,29,2014,2023,9,2020.8,2023.0,5,5
