risk_cid,bfamily_id,n_paths_r2c,interv_cid,n_paths_c2i,n_triplet_paths,risk_name,chain_name,interv_name
16,0,91,8,165,81,Insufficient AI safety research capacity,,Expand AI Safety Research Funding and Capacity
10,0,32,8,165,30,Existential catastrophe from misaligned AI,,Expand AI Safety Research Funding and Capacity
25,0,27,8,165,23,Misaligned Superintelligent AI Existential Risk,,Expand AI Safety Research Funding and Capacity
11,7,24,38,25,23,Misforecasted AI Timelines Undermining Safety Preparedness,,Incentivized AI forecasting and prediction systems
16,1,28,8,44,21,Insufficient AI safety research capacity,,Expand AI Safety Research Funding and Capacity
21,0,22,8,165,19,Catastrophic AI misalignment and loss of control,,Expand AI Safety Research Funding and Capacity
17,4,21,6,30,17,Adversarial Image Classification Misclassification,,PGD Adversarial Training for Robust Fine-Tuning
16,3,15,8,35,15,Insufficient AI safety research capacity,,Expand AI Safety Research Funding and Capacity
16,2,14,8,39,14,Insufficient AI safety research capacity,,Expand AI Safety Research Funding and Capacity
4,5,30,20,13,13,Unsafe and Sample-Inefficient RL Exploration,,Uniform Experience Replay for RL Training
4,21,11,23,13,11,Unsafe and Sample-Inefficient RL Exploration,,Human-aware predictive robot control and safety planning
4,5,30,30,11,11,Unsafe and Sample-Inefficient RL Exploration,,Periodic target networks for stable Q-learning
5,29,11,9,11,11,Compute and data inefficiency in AI training,,Choose robust model architectures at design time
0,15,12,36,14,11,Out-of-distribution generalization failure,,Robustness-Oriented Training Data Augmentation
1,41,9,4,9,9,Malicious misuse of frontier AI for large-scale harm,,Pre-deployment safety gates and controlled release
10,1,10,8,44,8,Existential catastrophe from misaligned AI,,Expand AI Safety Research Funding and Capacity
26,0,8,8,165,8,Misaligned AGI existential catastrophe,,Expand AI Safety Research Funding and Capacity
10,55,8,24,8,8,Existential catastrophe from misaligned AI,,RLHF fine-tuning for aligned language models
22,6,21,22,10,8,Deceptive and Harmful Language Model Outputs,,Deployment-time confidence filtering and rejection sampling
10,9,8,4,20,8,Existential catastrophe from misaligned AI,,Pre-deployment safety gates and controlled release
25,14,8,8,15,8,Misaligned Superintelligent AI Existential Risk,,Expand AI Safety Research Funding and Capacity
35,19,8,24,14,8,Advanced AI value misalignment risk,,RLHF fine-tuning for aligned language models
25,12,8,35,16,8,Misaligned Superintelligent AI Existential Risk,,Human-preference reward model fine-tuning
16,0,91,11,18,8,Insufficient AI safety research capacity,,Public AI risk outreach and educational dissemination
25,2,7,8,39,7,Misaligned Superintelligent AI Existential Risk,,Expand AI Safety Research Funding and Capacity
26,1,9,8,44,7,Misaligned AGI existential catastrophe,,Expand AI Safety Research Funding and Capacity
26,3,7,8,35,7,Misaligned AGI existential catastrophe,,Expand AI Safety Research Funding and Capacity
2,10,8,39,16,7,AI arms race causing unsafe deployment,,Export controls on advanced AI hardware
4,13,16,20,7,7,Unsafe and Sample-Inefficient RL Exploration,,Uniform Experience Replay for RL Training
6,47,7,32,8,7,Reward Misspecification and Reward Hacking,,Attainable Utility Preservation reward penalty
0,40,8,0,8,7,Out-of-distribution generalization failure,,Training-time regularization for robust generalization
16,1,28,11,13,7,Insufficient AI safety research capacity,,Public AI risk outreach and educational dissemination
17,20,7,6,12,7,Adversarial Image Classification Misclassification,,PGD Adversarial Training for Robust Fine-Tuning
6,26,6,35,12,6,Reward Misspecification and Reward Hacking,,Human-preference reward model fine-tuning
6,25,6,4,12,6,Reward Misspecification and Reward Hacking,,Pre-deployment safety gates and controlled release
0,33,7,22,9,6,Out-of-distribution generalization failure,,Deployment-time confidence filtering and rejection sampling
5,38,8,9,6,6,Compute and data inefficiency in AI training,,Choose robust model architectures at design time
35,27,6,8,12,6,Advanced AI value misalignment risk,,Expand AI Safety Research Funding and Capacity
0,53,6,34,8,6,Out-of-distribution generalization failure,,Large-scale pretraining before task fine-tuning
6,24,6,24,12,6,Reward Misspecification and Reward Hacking,,RLHF fine-tuning for aligned language models
5,83,6,19,6,6,Compute and data inefficiency in AI training,,Demonstration-Based Policy Pretraining
10,2,6,8,39,6,Existential catastrophe from misaligned AI,,Expand AI Safety Research Funding and Capacity
25,17,6,4,14,6,Misaligned Superintelligent AI Existential Risk,,Pre-deployment safety gates and controlled release
4,13,16,30,6,6,Unsafe and Sample-Inefficient RL Exploration,,Periodic target networks for stable Q-learning
4,28,12,20,5,5,Unsafe and Sample-Inefficient RL Exploration,,Uniform Experience Replay for RL Training
22,6,21,5,6,5,Deceptive and Harmful Language Model Outputs,,Pre-deployment adversarial red-teaming and robustness testing
22,97,5,24,5,5,Deceptive and Harmful Language Model Outputs,,RLHF fine-tuning for aligned language models
14,94,5,25,5,5,Unsafe AI Decisions in High-Stakes Settings,,Explainable decision support with uncertainty and counterfactuals
0,39,8,9,6,5,Out-of-distribution generalization failure,,Choose robust model architectures at design time
33,99,5,6,5,5,AI-driven personal data privacy breaches,,PGD Adversarial Training for Robust Fine-Tuning
17,36,5,6,7,5,Adversarial Image Classification Misclassification,,PGD Adversarial Training for Robust Fine-Tuning
16,102,5,14,5,5,Insufficient AI safety research capacity,,Beginner-Friendly AGI Safety Knowledge Infrastructure
14,42,5,2,9,5,Unsafe AI Decisions in High-Stakes Settings,,MCTS-Guided RL Planning and Training
16,101,5,14,5,5,Insufficient AI safety research capacity,,Beginner-Friendly AGI Safety Knowledge Infrastructure
0,4,5,6,30,5,Out-of-distribution generalization failure,,PGD Adversarial Training for Robust Fine-Tuning
26,2,5,8,39,5,Misaligned AGI existential catastrophe,,Expand AI Safety Research Funding and Capacity
22,100,5,24,5,5,Deceptive and Harmful Language Model Outputs,,RLHF fine-tuning for aligned language models
10,3,5,8,35,5,Existential catastrophe from misaligned AI,,Expand AI Safety Research Funding and Capacity
4,77,6,26,5,5,Unsafe and Sample-Inefficient RL Exploration,,Reward-guided RL fine-tuning with safety constraints
10,16,5,4,13,5,Existential catastrophe from misaligned AI,,Pre-deployment safety gates and controlled release
21,2,5,8,39,5,Catastrophic AI misalignment and loss of control,,Expand AI Safety Research Funding and Capacity
6,34,5,35,9,5,Reward Misspecification and Reward Hacking,,Human-preference reward model fine-tuning
25,3,5,8,35,5,Misaligned Superintelligent AI Existential Risk,,Expand AI Safety Research Funding and Capacity
9,87,4,32,5,4,Deployed AI Misalignment Causes Societal Harm,,Attainable Utility Preservation reward penalty
9,92,4,13,5,4,Deployed AI Misalignment Causes Societal Harm,,Multi-objective recommender ranking with safety penalties
10,11,4,35,17,4,Existential catastrophe from misaligned AI,,Human-preference reward model fine-tuning
5,42,4,2,9,4,Compute and data inefficiency in AI training,,MCTS-Guided RL Planning and Training
35,30,4,35,11,4,Advanced AI value misalignment risk,,Human-preference reward model fine-tuning
12,27,4,8,12,4,Catastrophic risks from misaligned advanced AI,,Expand AI Safety Research Funding and Capacity
35,43,4,35,8,4,Advanced AI value misalignment risk,,Human-preference reward model fine-tuning
35,58,4,35,7,4,Advanced AI value misalignment risk,,Human-preference reward model fine-tuning
16,8,4,10,17,4,Insufficient AI safety research capacity,,Governed AI oversight and compliance regimes
16,82,4,8,6,4,Insufficient AI safety research capacity,,Expand AI Safety Research Funding and Capacity
35,18,8,35,7,4,Advanced AI value misalignment risk,,Human-preference reward model fine-tuning
21,1,5,8,44,4,Catastrophic AI misalignment and loss of control,,Expand AI Safety Research Funding and Capacity
26,35,5,24,8,4,Misaligned AGI existential catastrophe,,RLHF fine-tuning for aligned language models
35,18,8,24,7,4,Advanced AI value misalignment risk,,RLHF fine-tuning for aligned language models
5,79,4,35,6,4,Compute and data inefficiency in AI training,,Human-preference reward model fine-tuning
22,6,21,18,5,4,Deceptive and Harmful Language Model Outputs,,Critique-guided fine-tuning and human feedback
22,6,21,6,5,4,Deceptive and Harmful Language Model Outputs,,PGD Adversarial Training for Robust Fine-Tuning
18,88,4,24,5,4,Catastrophic Superintelligent AI Misalignment,,RLHF fine-tuning for aligned language models
17,45,4,5,6,4,Adversarial Image Classification Misclassification,,Pre-deployment adversarial red-teaming and robustness testing
25,9,4,4,20,4,Misaligned Superintelligent AI Existential Risk,,Pre-deployment safety gates and controlled release
6,31,5,35,9,4,Reward Misspecification and Reward Hacking,,Human-preference reward model fine-tuning
25,0,27,11,18,4,Misaligned Superintelligent AI Existential Risk,,Public AI risk outreach and educational dissemination
25,44,4,8,8,4,Misaligned Superintelligent AI Existential Risk,,Expand AI Safety Research Funding and Capacity
25,22,8,11,6,4,Misaligned Superintelligent AI Existential Risk,,Public AI risk outreach and educational dissemination
25,22,8,8,7,4,Misaligned Superintelligent AI Existential Risk,,Expand AI Safety Research Funding and Capacity
26,23,4,24,12,4,Misaligned AGI existential catastrophe,,RLHF fine-tuning for aligned language models
9,54,5,21,7,4,Deployed AI Misalignment Causes Societal Harm,,Formal Verification for Pre-Deployment AI Safety
16,91,4,4,5,4,Insufficient AI safety research capacity,,Pre-deployment safety gates and controlled release
4,5,30,9,4,4,Unsafe and Sample-Inefficient RL Exploration,,Choose robust model architectures at design time
5,52,4,9,8,4,Compute and data inefficiency in AI training,,Choose robust model architectures at design time
0,81,6,34,4,4,Out-of-distribution generalization failure,,Large-scale pretraining before task fine-tuning
0,80,4,34,5,4,Out-of-distribution generalization failure,,Large-scale pretraining before task fine-tuning
6,73,3,8,6,3,Reward Misspecification and Reward Hacking,,Expand AI Safety Research Funding and Capacity
18,14,3,8,15,3,Catastrophic Superintelligent AI Misalignment,,Expand AI Safety Research Funding and Capacity
6,72,3,35,6,3,Reward Misspecification and Reward Hacking,,Human-preference reward model fine-tuning
38,3,3,8,35,3,Catastrophic AGI Misalignment Risk,,Expand AI Safety Research Funding and Capacity
10,8,3,10,17,3,Existential catastrophe from misaligned AI,,Governed AI oversight and compliance regimes
6,71,3,35,6,3,Reward Misspecification and Reward Hacking,,Human-preference reward model fine-tuning
25,1,4,8,44,3,Misaligned Superintelligent AI Existential Risk,,Expand AI Safety Research Funding and Capacity
21,0,22,11,18,3,Catastrophic AI misalignment and loss of control,,Public AI risk outreach and educational dissemination
6,74,3,5,6,3,Reward Misspecification and Reward Hacking,,Pre-deployment adversarial red-teaming and robustness testing
6,70,3,35,6,3,Reward Misspecification and Reward Hacking,,Human-preference reward model fine-tuning
26,11,3,35,17,3,Misaligned AGI existential catastrophe,,Human-preference reward model fine-tuning
10,46,3,5,8,3,Existential catastrophe from misaligned AI,,Pre-deployment adversarial red-teaming and robustness testing
17,33,3,22,9,3,Adversarial Image Classification Misclassification,,Deployment-time confidence filtering and rejection sampling
25,49,3,8,8,3,Misaligned Superintelligent AI Existential Risk,,Expand AI Safety Research Funding and Capacity
9,8,5,10,17,3,Deployed AI Misalignment Causes Societal Harm,,Governed AI oversight and compliance regimes
17,4,21,5,4,3,Adversarial Image Classification Misclassification,,Pre-deployment adversarial red-teaming and robustness testing
17,15,3,36,14,3,Adversarial Image Classification Misclassification,,Robustness-Oriented Training Data Augmentation
9,10,3,39,16,3,Deployed AI Misalignment Causes Societal Harm,,Export controls on advanced AI hardware
15,62,3,25,6,3,Opaque AI decision-making undermines oversight and safety,,Explainable decision support with uncertainty and counterfactuals
0,95,5,0,3,3,Out-of-distribution generalization failure,,Training-time regularization for robust generalization
4,28,12,9,3,3,Unsafe and Sample-Inefficient RL Exploration,,Choose robust model architectures at design time
4,28,12,30,3,3,Unsafe and Sample-Inefficient RL Exploration,,Periodic target networks for stable Q-learning
1,10,3,39,16,3,Malicious misuse of frontier AI for large-scale harm,,Export controls on advanced AI hardware
21,22,5,8,7,3,Catastrophic AI misalignment and loss of control,,Expand AI Safety Research Funding and Capacity
34,16,3,4,13,3,Instrumental power-seeking by advanced AI agents,,Pre-deployment safety gates and controlled release
25,57,3,5,7,3,Misaligned Superintelligent AI Existential Risk,,Pre-deployment adversarial red-teaming and robustness testing
9,4,3,6,30,3,Deployed AI Misalignment Causes Societal Harm,,PGD Adversarial Training for Robust Fine-Tuning
16,69,6,8,3,3,Insufficient AI safety research capacity,,Expand AI Safety Research Funding and Capacity
16,69,6,11,3,3,Insufficient AI safety research capacity,,Public AI risk outreach and educational dissemination
28,68,6,12,3,3,Algorithmic discrimination in high-stakes decisions,,Pre-deployment bias auditing and fairness mitigation
20,26,2,35,12,2,Deceptive alignment and hidden objectives,,Human-preference reward model fine-tuning
2,84,4,4,3,2,AI arms race causing unsafe deployment,,Pre-deployment safety gates and controlled release
16,59,3,8,6,2,Insufficient AI safety research capacity,,Expand AI Safety Research Funding and Capacity
24,90,2,24,4,2,Objective Misspecification and Misaligned Optimization,,RLHF fine-tuning for aligned language models
33,54,2,21,7,2,AI-driven personal data privacy breaches,,Formal Verification for Pre-Deployment AI Safety
12,4,2,6,30,2,Catastrophic risks from misaligned advanced AI,,PGD Adversarial Training for Robust Fine-Tuning
2,103,4,28,2,2,AI arms race causing unsafe deployment,,International treaty banning autonomous weapons
2,103,4,4,3,2,AI arms race causing unsafe deployment,,Pre-deployment safety gates and controlled release
12,20,2,6,12,2,Catastrophic risks from misaligned advanced AI,,PGD Adversarial Training for Robust Fine-Tuning
25,11,2,35,17,2,Misaligned Superintelligent AI Existential Risk,,Human-preference reward model fine-tuning
25,30,2,35,11,2,Misaligned Superintelligent AI Existential Risk,,Human-preference reward model fine-tuning
2,84,4,11,3,2,AI arms race causing unsafe deployment,,Public AI risk outreach and educational dissemination
25,43,2,35,8,2,Misaligned Superintelligent AI Existential Risk,,Human-preference reward model fine-tuning
9,98,5,1,2,2,Deployed AI Misalignment Causes Societal Harm,,Continuous anomaly monitoring and safety tripwires
16,78,2,10,5,2,Insufficient AI safety research capacity,,Governed AI oversight and compliance regimes
12,82,2,8,6,2,Catastrophic risks from misaligned advanced AI,,Expand AI Safety Research Funding and Capacity
10,0,32,11,18,2,Existential catastrophe from misaligned AI,,Public AI risk outreach and educational dissemination
9,12,2,35,16,2,Deployed AI Misalignment Causes Societal Harm,,Human-preference reward model fine-tuning
0,39,8,34,2,2,Out-of-distribution generalization failure,,Large-scale pretraining before task fine-tuning
9,17,2,4,14,2,Deployed AI Misalignment Causes Societal Harm,,Pre-deployment safety gates and controlled release
5,53,2,34,8,2,Compute and data inefficiency in AI training,,Large-scale pretraining before task fine-tuning
10,12,2,35,16,2,Existential catastrophe from misaligned AI,,Human-preference reward model fine-tuning
10,27,2,8,12,2,Existential catastrophe from misaligned AI,,Expand AI Safety Research Funding and Capacity
21,22,5,11,6,2,Catastrophic AI misalignment and loss of control,,Public AI risk outreach and educational dissemination
19,4,3,6,30,2,Misaligned AI takeover and human disempowerment,,PGD Adversarial Training for Robust Fine-Tuning
6,79,2,35,6,2,Reward Misspecification and Reward Hacking,,Human-preference reward model fine-tuning
25,19,2,24,14,2,Misaligned Superintelligent AI Existential Risk,,RLHF fine-tuning for aligned language models
20,11,2,35,17,2,Deceptive alignment and hidden objectives,,Human-preference reward model fine-tuning
20,25,2,4,12,2,Deceptive alignment and hidden objectives,,Pre-deployment safety gates and controlled release
4,76,5,26,2,2,Unsafe and Sample-Inefficient RL Exploration,,Reward-guided RL fine-tuning with safety constraints
9,8,5,4,3,2,Deployed AI Misalignment Causes Societal Harm,,Pre-deployment safety gates and controlled release
35,26,2,35,12,2,Advanced AI value misalignment risk,,Human-preference reward model fine-tuning
33,6,5,22,10,2,AI-driven personal data privacy breaches,,Deployment-time confidence filtering and rejection sampling
35,25,2,4,12,2,Advanced AI value misalignment risk,,Pre-deployment safety gates and controlled release
35,24,2,24,12,2,Advanced AI value misalignment risk,,RLHF fine-tuning for aligned language models
4,5,30,26,2,2,Unsafe and Sample-Inefficient RL Exploration,,Reward-guided RL fine-tuning with safety constraints
10,19,2,24,14,2,Existential catastrophe from misaligned AI,,RLHF fine-tuning for aligned language models
21,17,2,4,14,2,Catastrophic AI misalignment and loss of control,,Pre-deployment safety gates and controlled release
21,11,2,35,17,2,Catastrophic AI misalignment and loss of control,,Human-preference reward model fine-tuning
26,89,2,35,5,2,Misaligned AGI existential catastrophe,,Human-preference reward model fine-tuning
26,64,2,18,6,2,Misaligned AGI existential catastrophe,,Critique-guided fine-tuning and human feedback
16,0,91,38,2,2,Insufficient AI safety research capacity,,Incentivized AI forecasting and prediction systems
2,7,2,38,25,2,AI arms race causing unsafe deployment,,Incentivized AI forecasting and prediction systems
25,67,2,15,6,2,Misaligned Superintelligent AI Existential Risk,,Pre-deployment mechanistic interpretability audits
22,90,3,24,4,2,Deceptive and Harmful Language Model Outputs,,RLHF fine-tuning for aligned language models
25,23,2,24,12,2,Misaligned Superintelligent AI Existential Risk,,RLHF fine-tuning for aligned language models
26,1,9,11,13,2,Misaligned AGI existential catastrophe,,Public AI risk outreach and educational dissemination
30,23,2,24,12,2,Existential catastrophe and human extinction risks,,RLHF fine-tuning for aligned language models
12,0,2,8,165,2,Catastrophic risks from misaligned advanced AI,,Expand AI Safety Research Funding and Capacity
25,59,2,8,6,2,Misaligned Superintelligent AI Existential Risk,,Expand AI Safety Research Funding and Capacity
30,9,2,4,20,2,Existential catastrophe and human extinction risks,,Pre-deployment safety gates and controlled release
20,24,2,24,12,2,Deceptive alignment and hidden objectives,,RLHF fine-tuning for aligned language models
9,62,3,25,6,2,Deployed AI Misalignment Causes Societal Harm,,Explainable decision support with uncertainty and counterfactuals
34,11,2,35,17,2,Instrumental power-seeking by advanced AI agents,,Human-preference reward model fine-tuning
0,81,6,22,2,2,Out-of-distribution generalization failure,,Deployment-time confidence filtering and rejection sampling
21,63,2,15,5,2,Catastrophic AI misalignment and loss of control,,Pre-deployment mechanistic interpretability audits
6,85,3,32,4,2,Reward Misspecification and Reward Hacking,,Attainable Utility Preservation reward penalty
4,76,5,20,2,2,Unsafe and Sample-Inefficient RL Exploration,,Uniform Experience Replay for RL Training
19,50,2,8,8,2,Misaligned AI takeover and human disempowerment,,Expand AI Safety Research Funding and Capacity
10,24,2,24,12,2,Existential catastrophe from misaligned AI,,RLHF fine-tuning for aligned language models
4,85,3,32,4,2,Unsafe and Sample-Inefficient RL Exploration,,Attainable Utility Preservation reward penalty
0,52,2,9,8,2,Out-of-distribution generalization failure,,Choose robust model architectures at design time
28,68,6,36,2,2,Algorithmic discrimination in high-stakes decisions,,Robustness-Oriented Training Data Augmentation
10,25,2,4,12,2,Existential catastrophe from misaligned AI,,Pre-deployment safety gates and controlled release
10,26,2,35,12,2,Existential catastrophe from misaligned AI,,Human-preference reward model fine-tuning
10,1,10,11,13,2,Existential catastrophe from misaligned AI,,Public AI risk outreach and educational dissemination
10,60,2,10,7,2,Existential catastrophe from misaligned AI,,Governed AI oversight and compliance regimes
10,61,2,10,7,2,Existential catastrophe from misaligned AI,,Governed AI oversight and compliance regimes
10,35,2,24,8,2,Existential catastrophe from misaligned AI,,RLHF fine-tuning for aligned language models
19,35,2,24,8,2,Misaligned AI takeover and human disempowerment,,RLHF fine-tuning for aligned language models
10,50,2,8,8,2,Existential catastrophe from misaligned AI,,Expand AI Safety Research Funding and Capacity
10,51,2,5,8,2,Existential catastrophe from misaligned AI,,Pre-deployment adversarial red-teaming and robustness testing
26,37,2,24,9,2,Misaligned AGI existential catastrophe,,RLHF fine-tuning for aligned language models
10,44,2,8,8,2,Existential catastrophe from misaligned AI,,Expand AI Safety Research Funding and Capacity
10,14,2,8,15,2,Existential catastrophe from misaligned AI,,Expand AI Safety Research Funding and Capacity
19,9,2,4,20,2,Misaligned AI takeover and human disempowerment,,Pre-deployment safety gates and controlled release
26,9,2,4,20,2,Misaligned AGI existential catastrophe,,Pre-deployment safety gates and controlled release
19,37,2,24,9,2,Misaligned AI takeover and human disempowerment,,RLHF fine-tuning for aligned language models
19,11,2,35,17,2,Misaligned AI takeover and human disempowerment,,Human-preference reward model fine-tuning
19,16,2,4,13,2,Misaligned AI takeover and human disempowerment,,Pre-deployment safety gates and controlled release
15,75,2,8,6,2,Opaque AI decision-making undermines oversight and safety,,Expand AI Safety Research Funding and Capacity
9,44,2,8,8,2,Deployed AI Misalignment Causes Societal Harm,,Expand AI Safety Research Funding and Capacity
9,14,2,8,15,2,Deployed AI Misalignment Causes Societal Harm,,Expand AI Safety Research Funding and Capacity
9,21,2,23,13,2,Deployed AI Misalignment Causes Societal Harm,,Human-aware predictive robot control and safety planning
35,67,2,15,6,2,Advanced AI value misalignment risk,,Pre-deployment mechanistic interpretability audits
10,23,2,24,12,2,Existential catastrophe from misaligned AI,,RLHF fine-tuning for aligned language models
19,51,2,5,8,2,Misaligned AI takeover and human disempowerment,,Pre-deployment adversarial red-teaming and robustness testing
12,30,2,35,11,2,Catastrophic risks from misaligned advanced AI,,Human-preference reward model fine-tuning
12,19,2,24,14,2,Catastrophic risks from misaligned advanced AI,,RLHF fine-tuning for aligned language models
25,37,2,24,9,2,Misaligned Superintelligent AI Existential Risk,,RLHF fine-tuning for aligned language models
12,17,2,4,14,2,Catastrophic risks from misaligned advanced AI,,Pre-deployment safety gates and controlled release
3,63,2,15,5,2,Opaque Transformer Reasoning Undermines Safety Oversight,,Pre-deployment mechanistic interpretability audits
10,17,2,4,14,2,Existential catastrophe from misaligned AI,,Pre-deployment safety gates and controlled release
7,9,2,4,20,2,Human extinction from misaligned superintelligent AI,,Pre-deployment safety gates and controlled release
10,56,2,15,7,2,Existential catastrophe from misaligned AI,,Pre-deployment mechanistic interpretability audits
7,37,2,24,9,2,Human extinction from misaligned superintelligent AI,,RLHF fine-tuning for aligned language models
4,13,16,9,2,2,Unsafe and Sample-Inefficient RL Exploration,,Choose robust model architectures at design time
34,23,2,24,12,2,Instrumental power-seeking by advanced AI agents,,RLHF fine-tuning for aligned language models
38,2,2,8,39,2,Catastrophic AGI Misalignment Risk,,Expand AI Safety Research Funding and Capacity
12,12,2,35,16,2,Catastrophic risks from misaligned advanced AI,,Human-preference reward model fine-tuning
9,59,2,8,6,2,Deployed AI Misalignment Causes Societal Harm,,Expand AI Safety Research Funding and Capacity
19,12,2,35,16,2,Misaligned AI takeover and human disempowerment,,Human-preference reward model fine-tuning
21,49,1,8,8,1,Catastrophic AI misalignment and loss of control,,Expand AI Safety Research Funding and Capacity
25,50,1,8,8,1,Misaligned Superintelligent AI Existential Risk,,Expand AI Safety Research Funding and Capacity
12,67,1,15,6,1,Catastrophic risks from misaligned advanced AI,,Pre-deployment mechanistic interpretability audits
25,51,1,5,8,1,Misaligned Superintelligent AI Existential Risk,,Pre-deployment adversarial red-teaming and robustness testing
33,6,5,18,5,1,AI-driven personal data privacy breaches,,Critique-guided fine-tuning and human feedback
12,57,1,5,7,1,Catastrophic risks from misaligned advanced AI,,Pre-deployment adversarial red-teaming and robustness testing
33,6,5,6,5,1,AI-driven personal data privacy breaches,,PGD Adversarial Training for Robust Fine-Tuning
25,56,1,15,7,1,Misaligned Superintelligent AI Existential Risk,,Pre-deployment mechanistic interpretability audits
16,49,1,8,8,1,Insufficient AI safety research capacity,,Expand AI Safety Research Funding and Capacity
26,56,1,15,7,1,Misaligned AGI existential catastrophe,,Pre-deployment mechanistic interpretability audits
2,10,8,8,1,1,AI arms race causing unsafe deployment,,Expand AI Safety Research Funding and Capacity
12,43,1,35,8,1,Catastrophic risks from misaligned advanced AI,,Human-preference reward model fine-tuning
26,16,1,4,13,1,Misaligned AGI existential catastrophe,,Pre-deployment safety gates and controlled release
25,20,1,5,1,1,Misaligned Superintelligent AI Existential Risk,,Pre-deployment adversarial red-teaming and robustness testing
30,64,1,18,6,1,Existential catastrophe and human extinction risks,,Critique-guided fine-tuning and human feedback
19,60,1,10,7,1,Misaligned AI takeover and human disempowerment,,Governed AI oversight and compliance regimes
19,61,1,10,7,1,Misaligned AI takeover and human disempowerment,,Governed AI oversight and compliance regimes
25,58,1,35,7,1,Misaligned Superintelligent AI Existential Risk,,Human-preference reward model fine-tuning
12,18,2,35,7,1,Catastrophic risks from misaligned advanced AI,,Human-preference reward model fine-tuning
12,18,2,24,7,1,Catastrophic risks from misaligned advanced AI,,RLHF fine-tuning for aligned language models
22,8,1,10,17,1,Deceptive and Harmful Language Model Outputs,,Governed AI oversight and compliance regimes
9,51,1,5,8,1,Deployed AI Misalignment Causes Societal Harm,,Pre-deployment adversarial red-teaming and robustness testing
25,46,1,5,8,1,Misaligned Superintelligent AI Existential Risk,,Pre-deployment adversarial red-teaming and robustness testing
9,50,1,8,8,1,Deployed AI Misalignment Causes Societal Harm,,Expand AI Safety Research Funding and Capacity
12,58,1,35,7,1,Catastrophic risks from misaligned advanced AI,,Human-preference reward model fine-tuning
10,49,1,8,8,1,Existential catastrophe from misaligned AI,,Expand AI Safety Research Funding and Capacity
17,80,2,34,5,1,Adversarial Image Classification Misclassification,,Large-scale pretraining before task fine-tuning
33,6,5,5,6,1,AI-driven personal data privacy breaches,,Pre-deployment adversarial red-teaming and robustness testing
4,85,3,30,2,1,Unsafe and Sample-Inefficient RL Exploration,,Periodic target networks for stable Q-learning
7,93,1,35,5,1,Human extinction from misaligned superintelligent AI,,Human-preference reward model fine-tuning
7,32,2,24,5,1,Human extinction from misaligned superintelligent AI,,RLHF fine-tuning for aligned language models
7,32,2,35,5,1,Human extinction from misaligned superintelligent AI,,Human-preference reward model fine-tuning
7,60,1,10,7,1,Human extinction from misaligned superintelligent AI,,Governed AI oversight and compliance regimes
7,61,1,10,7,1,Human extinction from misaligned superintelligent AI,,Governed AI oversight and compliance regimes
1,78,1,10,5,1,Malicious misuse of frontier AI for large-scale harm,,Governed AI oversight and compliance regimes
20,16,1,4,13,1,Deceptive alignment and hidden objectives,,Pre-deployment safety gates and controlled release
20,56,1,15,7,1,Deceptive alignment and hidden objectives,,Pre-deployment mechanistic interpretability audits
20,50,1,8,8,1,Deceptive alignment and hidden objectives,,Expand AI Safety Research Funding and Capacity
20,51,1,5,8,1,Deceptive alignment and hidden objectives,,Pre-deployment adversarial red-teaming and robustness testing
10,66,2,33,3,1,Existential catastrophe from misaligned AI,,Deployment-time prompt engineering for aligned behavior
10,66,2,27,3,1,Existential catastrophe from misaligned AI,,KL-Regularized RLHF Fine-Tuning
2,8,2,10,17,1,AI arms race causing unsafe deployment,,Governed AI oversight and compliance regimes
26,49,1,8,8,1,Misaligned AGI existential catastrophe,,Expand AI Safety Research Funding and Capacity
5,39,1,9,6,1,Compute and data inefficiency in AI training,,Choose robust model architectures at design time
4,13,16,26,1,1,Unsafe and Sample-Inefficient RL Exploration,,Reward-guided RL fine-tuning with safety constraints
19,48,2,35,2,1,Misaligned AI takeover and human disempowerment,,Human-preference reward model fine-tuning
6,20,1,6,12,1,Reward Misspecification and Reward Hacking,,PGD Adversarial Training for Robust Fine-Tuning
6,45,1,6,2,1,Reward Misspecification and Reward Hacking,,PGD Adversarial Training for Robust Fine-Tuning
9,62,3,33,1,1,Deployed AI Misalignment Causes Societal Harm,,Deployment-time prompt engineering for aligned behavior
10,93,1,35,5,1,Existential catastrophe from misaligned AI,,Human-preference reward model fine-tuning
10,32,2,24,5,1,Existential catastrophe from misaligned AI,,RLHF fine-tuning for aligned language models
10,32,2,35,5,1,Existential catastrophe from misaligned AI,,Human-preference reward model fine-tuning
10,37,1,24,9,1,Existential catastrophe from misaligned AI,,RLHF fine-tuning for aligned language models
26,8,1,10,17,1,Misaligned AGI existential catastrophe,,Governed AI oversight and compliance regimes
1,8,2,10,17,1,Malicious misuse of frontier AI for large-scale harm,,Governed AI oversight and compliance regimes
2,78,1,10,5,1,AI arms race causing unsafe deployment,,Governed AI oversight and compliance regimes
2,8,2,4,3,1,AI arms race causing unsafe deployment,,Pre-deployment safety gates and controlled release
30,103,1,4,3,1,Existential catastrophe and human extinction risks,,Pre-deployment safety gates and controlled release
30,84,2,4,3,1,Existential catastrophe and human extinction risks,,Pre-deployment safety gates and controlled release
7,34,1,35,9,1,Human extinction from misaligned superintelligent AI,,Human-preference reward model fine-tuning
21,31,1,35,9,1,Catastrophic AI misalignment and loss of control,,Human-preference reward model fine-tuning
10,89,1,35,5,1,Existential catastrophe from misaligned AI,,Human-preference reward model fine-tuning
17,80,2,22,1,1,Adversarial Image Classification Misclassification,,Deployment-time confidence filtering and rejection sampling
10,64,1,18,6,1,Existential catastrophe from misaligned AI,,Critique-guided fine-tuning and human feedback
5,38,8,2,2,1,Compute and data inefficiency in AI training,,MCTS-Guided RL Planning and Training
7,75,1,8,6,1,Human extinction from misaligned superintelligent AI,,Expand AI Safety Research Funding and Capacity
22,75,1,8,6,1,Deceptive and Harmful Language Model Outputs,,Expand AI Safety Research Funding and Capacity
22,48,1,18,4,1,Deceptive and Harmful Language Model Outputs,,Critique-guided fine-tuning and human feedback
18,30,1,35,11,1,Catastrophic Superintelligent AI Misalignment,,Human-preference reward model fine-tuning
33,10,1,39,16,1,AI-driven personal data privacy breaches,,Export controls on advanced AI hardware
24,30,1,35,11,1,Objective Misspecification and Misaligned Optimization,,Human-preference reward model fine-tuning
35,92,1,13,5,1,Advanced AI value misalignment risk,,Multi-objective recommender ranking with safety penalties
28,68,6,4,1,1,Algorithmic discrimination in high-stakes decisions,,Pre-deployment safety gates and controlled release
22,88,1,24,5,1,Deceptive and Harmful Language Model Outputs,,RLHF fine-tuning for aligned language models
0,40,8,9,1,1,Out-of-distribution generalization failure,,Choose robust model architectures at design time
21,87,1,32,5,1,Catastrophic AI misalignment and loss of control,,Attainable Utility Preservation reward penalty
35,34,1,35,9,1,Advanced AI value misalignment risk,,Human-preference reward model fine-tuning
19,32,2,24,5,1,Misaligned AI takeover and human disempowerment,,RLHF fine-tuning for aligned language models
6,85,3,30,2,1,Reward Misspecification and Reward Hacking,,Periodic target networks for stable Q-learning
10,45,1,6,2,1,Existential catastrophe from misaligned AI,,PGD Adversarial Training for Robust Fine-Tuning
10,20,1,6,12,1,Existential catastrophe from misaligned AI,,PGD Adversarial Training for Robust Fine-Tuning
15,52,1,9,8,1,Opaque AI decision-making undermines oversight and safety,,Choose robust model architectures at design time
28,78,1,10,5,1,Algorithmic discrimination in high-stakes decisions,,Governed AI oversight and compliance regimes
21,86,1,37,5,1,Catastrophic AI misalignment and loss of control,,ROME-based factual knowledge editing
14,63,1,25,1,1,Unsafe AI Decisions in High-Stakes Settings,,Explainable decision support with uncertainty and counterfactuals
11,0,2,8,165,1,Misforecasted AI Timelines Undermining Safety Preparedness,,Expand AI Safety Research Funding and Capacity
11,0,2,11,18,1,Misforecasted AI Timelines Undermining Safety Preparedness,,Public AI risk outreach and educational dissemination
26,46,1,5,8,1,Misaligned AGI existential catastrophe,,Pre-deployment adversarial red-teaming and robustness testing
0,36,3,0,1,1,Out-of-distribution generalization failure,,Training-time regularization for robust generalization
12,60,1,10,7,1,Catastrophic risks from misaligned advanced AI,,Governed AI oversight and compliance regimes
12,61,1,10,7,1,Catastrophic risks from misaligned advanced AI,,Governed AI oversight and compliance regimes
12,50,1,8,8,1,Catastrophic risks from misaligned advanced AI,,Expand AI Safety Research Funding and Capacity
12,51,1,5,8,1,Catastrophic risks from misaligned advanced AI,,Pre-deployment adversarial red-teaming and robustness testing
19,32,2,35,5,1,Misaligned AI takeover and human disempowerment,,Human-preference reward model fine-tuning
6,48,1,18,4,1,Reward Misspecification and Reward Hacking,,Critique-guided fine-tuning and human feedback
19,93,1,35,5,1,Misaligned AI takeover and human disempowerment,,Human-preference reward model fine-tuning
19,56,1,15,7,1,Misaligned AI takeover and human disempowerment,,Pre-deployment mechanistic interpretability audits
4,28,12,26,1,1,Unsafe and Sample-Inefficient RL Exploration,,Reward-guided RL fine-tuning with safety constraints
4,77,6,20,1,1,Unsafe and Sample-Inefficient RL Exploration,,Uniform Experience Replay for RL Training
4,96,3,9,1,1,Unsafe and Sample-Inefficient RL Exploration,,Choose robust model architectures at design time
4,96,3,20,1,1,Unsafe and Sample-Inefficient RL Exploration,,Uniform Experience Replay for RL Training
4,96,3,26,2,1,Unsafe and Sample-Inefficient RL Exploration,,Reward-guided RL fine-tuning with safety constraints
9,78,1,6,1,1,Deployed AI Misalignment Causes Societal Harm,,PGD Adversarial Training for Robust Fine-Tuning
26,31,1,35,9,1,Misaligned AGI existential catastrophe,,Human-preference reward model fine-tuning
19,20,1,6,12,1,Misaligned AI takeover and human disempowerment,,PGD Adversarial Training for Robust Fine-Tuning
19,4,3,5,4,1,Misaligned AI takeover and human disempowerment,,Pre-deployment adversarial red-teaming and robustness testing
31,76,1,5,1,1,Undetected unsafe behavior in deployed AI systems,,Pre-deployment adversarial red-teaming and robustness testing
6,31,5,19,1,1,Reward Misspecification and Reward Hacking,,Demonstration-Based Policy Pretraining
9,57,1,5,7,1,Deployed AI Misalignment Causes Societal Harm,,Pre-deployment adversarial red-teaming and robustness testing
9,67,1,15,6,1,Deployed AI Misalignment Causes Societal Harm,,Pre-deployment mechanistic interpretability audits
38,66,2,27,3,1,Catastrophic AGI Misalignment Risk,,KL-Regularized RLHF Fine-Tuning
9,98,5,8,1,1,Deployed AI Misalignment Causes Societal Harm,,Expand AI Safety Research Funding and Capacity
9,98,5,11,1,1,Deployed AI Misalignment Causes Societal Harm,,Public AI risk outreach and educational dissemination
9,98,5,4,1,1,Deployed AI Misalignment Causes Societal Harm,,Pre-deployment safety gates and controlled release
38,66,2,33,3,1,Catastrophic AGI Misalignment Risk,,Deployment-time prompt engineering for aligned behavior
0,39,8,2,1,1,Out-of-distribution generalization failure,,MCTS-Guided RL Planning and Training
12,45,1,5,6,1,Catastrophic risks from misaligned advanced AI,,Pre-deployment adversarial red-teaming and robustness testing
0,15,12,9,1,1,Out-of-distribution generalization failure,,Choose robust model architectures at design time
0,33,7,6,1,1,Out-of-distribution generalization failure,,PGD Adversarial Training for Robust Fine-Tuning
0,36,3,16,1,1,Out-of-distribution generalization failure,,Ensemble-based uncertainty and robustness mitigation
6,96,2,35,1,1,Reward Misspecification and Reward Hacking,,Human-preference reward model fine-tuning
6,96,2,26,2,1,Reward Misspecification and Reward Hacking,,Reward-guided RL fine-tuning with safety constraints
14,62,1,25,6,1,Unsafe AI Decisions in High-Stakes Settings,,Explainable decision support with uncertainty and counterfactuals
20,36,1,6,7,1,Deceptive alignment and hidden objectives,,PGD Adversarial Training for Robust Fine-Tuning
20,46,1,5,8,1,Deceptive alignment and hidden objectives,,Pre-deployment adversarial red-teaming and robustness testing
34,46,1,5,8,1,Instrumental power-seeking by advanced AI agents,,Pre-deployment adversarial red-teaming and robustness testing
26,34,1,35,9,1,Misaligned AGI existential catastrophe,,Human-preference reward model fine-tuning
26,65,2,35,3,1,Misaligned AGI existential catastrophe,,Human-preference reward model fine-tuning
4,38,1,2,2,1,Unsafe and Sample-Inefficient RL Exploration,,MCTS-Guided RL Planning and Training
4,76,5,4,1,1,Unsafe and Sample-Inefficient RL Exploration,,Pre-deployment safety gates and controlled release
19,46,1,5,8,1,Misaligned AI takeover and human disempowerment,,Pre-deployment adversarial red-teaming and robustness testing
26,93,1,35,5,1,Misaligned AGI existential catastrophe,,Human-preference reward model fine-tuning
26,32,2,24,5,1,Misaligned AGI existential catastrophe,,RLHF fine-tuning for aligned language models
26,32,2,35,5,1,Misaligned AGI existential catastrophe,,Human-preference reward model fine-tuning
26,60,1,10,7,1,Misaligned AGI existential catastrophe,,Governed AI oversight and compliance regimes
26,61,1,10,7,1,Misaligned AGI existential catastrophe,,Governed AI oversight and compliance regimes
19,48,2,24,2,1,Misaligned AI takeover and human disempowerment,,RLHF fine-tuning for aligned language models
35,49,1,8,8,1,Advanced AI value misalignment risk,,Expand AI Safety Research Funding and Capacity
6,65,2,35,3,1,Reward Misspecification and Reward Hacking,,Human-preference reward model fine-tuning
6,65,2,5,3,1,Reward Misspecification and Reward Hacking,,Pre-deployment adversarial red-teaming and robustness testing
21,1,5,11,13,1,Catastrophic AI misalignment and loss of control,,Public AI risk outreach and educational dissemination
32,47,1,32,8,1,AI shutdown resistance and control loss,,Attainable Utility Preservation reward penalty
38,86,1,37,5,1,Catastrophic AGI Misalignment Risk,,ROME-based factual knowledge editing
9,45,1,5,6,1,Deployed AI Misalignment Causes Societal Harm,,Pre-deployment adversarial red-teaming and robustness testing
0,95,5,36,1,1,Out-of-distribution generalization failure,,Robustness-Oriented Training Data Augmentation
0,36,3,6,7,1,Out-of-distribution generalization failure,,PGD Adversarial Training for Robust Fine-Tuning
34,64,1,18,6,1,Instrumental power-seeking by advanced AI agents,,Critique-guided fine-tuning and human feedback
34,89,1,35,5,1,Instrumental power-seeking by advanced AI agents,,Human-preference reward model fine-tuning
35,57,1,5,7,1,Advanced AI value misalignment risk,,Pre-deployment adversarial red-teaming and robustness testing
10,4,1,6,30,1,Existential catastrophe from misaligned AI,,PGD Adversarial Training for Robust Fine-Tuning
20,63,1,15,5,1,Deceptive alignment and hidden objectives,,Pre-deployment mechanistic interpretability audits
35,86,1,37,5,1,Advanced AI value misalignment risk,,ROME-based factual knowledge editing
22,86,1,37,5,1,Deceptive and Harmful Language Model Outputs,,ROME-based factual knowledge editing
11,7,24,25,1,1,Misforecasted AI Timelines Undermining Safety Preparedness,,Explainable decision support with uncertainty and counterfactuals
26,35,5,35,1,1,Misaligned AGI existential catastrophe,,Human-preference reward model fine-tuning
17,4,21,22,1,1,Adversarial Image Classification Misclassification,,Deployment-time confidence filtering and rejection sampling
26,65,2,5,3,1,Misaligned AGI existential catastrophe,,Pre-deployment adversarial red-teaming and robustness testing
0,95,5,34,1,1,Out-of-distribution generalization failure,,Large-scale pretraining before task fine-tuning
10,65,2,5,3,1,Existential catastrophe from misaligned AI,,Pre-deployment adversarial red-teaming and robustness testing
10,65,2,35,3,1,Existential catastrophe from misaligned AI,,Human-preference reward model fine-tuning
25,8,1,10,17,1,Misaligned Superintelligent AI Existential Risk,,Governed AI oversight and compliance regimes
25,93,1,35,5,1,Misaligned Superintelligent AI Existential Risk,,Human-preference reward model fine-tuning
12,1,1,8,44,1,Catastrophic risks from misaligned advanced AI,,Expand AI Safety Research Funding and Capacity
20,70,1,35,6,1,Deceptive alignment and hidden objectives,,Human-preference reward model fine-tuning
20,71,1,35,6,1,Deceptive alignment and hidden objectives,,Human-preference reward model fine-tuning
20,72,1,35,6,1,Deceptive alignment and hidden objectives,,Human-preference reward model fine-tuning
20,73,1,8,6,1,Deceptive alignment and hidden objectives,,Expand AI Safety Research Funding and Capacity
20,74,1,5,6,1,Deceptive alignment and hidden objectives,,Pre-deployment adversarial red-teaming and robustness testing
12,10,1,39,16,1,Catastrophic risks from misaligned advanced AI,,Export controls on advanced AI hardware
1,8,2,39,1,1,Malicious misuse of frontier AI for large-scale harm,,Export controls on advanced AI hardware
21,34,1,35,9,1,Catastrophic AI misalignment and loss of control,,Human-preference reward model fine-tuning
25,66,2,33,3,1,Misaligned Superintelligent AI Existential Risk,,Deployment-time prompt engineering for aligned behavior
25,66,2,27,3,1,Misaligned Superintelligent AI Existential Risk,,KL-Regularized RLHF Fine-Tuning
21,75,1,8,6,1,Catastrophic AI misalignment and loss of control,,Expand AI Safety Research Funding and Capacity
25,18,2,35,7,1,Misaligned Superintelligent AI Existential Risk,,Human-preference reward model fine-tuning
25,32,2,24,5,1,Misaligned Superintelligent AI Existential Risk,,RLHF fine-tuning for aligned language models
10,10,1,39,16,1,Existential catastrophe from misaligned AI,,Export controls on advanced AI hardware
25,32,2,35,5,1,Misaligned Superintelligent AI Existential Risk,,Human-preference reward model fine-tuning
25,60,1,10,7,1,Misaligned Superintelligent AI Existential Risk,,Governed AI oversight and compliance regimes
25,61,1,10,7,1,Misaligned Superintelligent AI Existential Risk,,Governed AI oversight and compliance regimes
26,75,1,8,6,1,Misaligned AGI existential catastrophe,,Expand AI Safety Research Funding and Capacity
38,0,1,8,165,1,Catastrophic AGI Misalignment Risk,,Expand AI Safety Research Funding and Capacity
16,59,3,14,1,1,Insufficient AI safety research capacity,,Beginner-Friendly AGI Safety Knowledge Infrastructure
10,48,1,18,4,1,Existential catastrophe from misaligned AI,,Critique-guided fine-tuning and human feedback
10,70,1,35,6,1,Existential catastrophe from misaligned AI,,Human-preference reward model fine-tuning
10,71,1,35,6,1,Existential catastrophe from misaligned AI,,Human-preference reward model fine-tuning
10,72,1,35,6,1,Existential catastrophe from misaligned AI,,Human-preference reward model fine-tuning
10,73,1,8,6,1,Existential catastrophe from misaligned AI,,Expand AI Safety Research Funding and Capacity
10,74,1,5,6,1,Existential catastrophe from misaligned AI,,Pre-deployment adversarial red-teaming and robustness testing
25,18,2,24,7,1,Misaligned Superintelligent AI Existential Risk,,RLHF fine-tuning for aligned language models
34,56,1,15,7,1,Instrumental power-seeking by advanced AI agents,,Pre-deployment mechanistic interpretability audits
38,8,1,10,17,1,Catastrophic AGI Misalignment Risk,,Governed AI oversight and compliance regimes
25,64,1,18,6,1,Misaligned Superintelligent AI Existential Risk,,Critique-guided fine-tuning and human feedback
35,48,1,18,4,1,Advanced AI value misalignment risk,,Critique-guided fine-tuning and human feedback
25,89,1,35,5,1,Misaligned Superintelligent AI Existential Risk,,Human-preference reward model fine-tuning
25,16,1,4,13,1,Misaligned Superintelligent AI Existential Risk,,Pre-deployment safety gates and controlled release
22,90,3,35,1,1,Deceptive and Harmful Language Model Outputs,,Human-preference reward model fine-tuning
9,86,1,37,5,1,Deployed AI Misalignment Causes Societal Harm,,ROME-based factual knowledge editing
9,54,5,5,1,1,Deployed AI Misalignment Causes Societal Harm,,Pre-deployment adversarial red-teaming and robustness testing
10,57,1,5,7,1,Existential catastrophe from misaligned AI,,Pre-deployment adversarial red-teaming and robustness testing
38,31,1,35,9,1,Catastrophic AGI Misalignment Risk,,Human-preference reward model fine-tuning
31,54,1,21,7,1,Undetected unsafe behavior in deployed AI systems,,Formal Verification for Pre-Deployment AI Safety
24,31,1,35,9,1,Objective Misspecification and Misaligned Optimization,,Human-preference reward model fine-tuning
10,30,1,35,11,1,Existential catastrophe from misaligned AI,,Human-preference reward model fine-tuning
5,38,8,3,1,1,Compute and data inefficiency in AI training,,"Efficient, local, and controllable AI hardware deployment"
25,1,4,11,13,1,Misaligned Superintelligent AI Existential Risk,,Public AI risk outreach and educational dissemination
10,43,1,35,8,1,Existential catastrophe from misaligned AI,,Human-preference reward model fine-tuning
35,70,1,35,6,1,Advanced AI value misalignment risk,,Human-preference reward model fine-tuning
10,58,1,35,7,1,Existential catastrophe from misaligned AI,,Human-preference reward model fine-tuning
35,71,1,35,6,1,Advanced AI value misalignment risk,,Human-preference reward model fine-tuning
35,72,1,35,6,1,Advanced AI value misalignment risk,,Human-preference reward model fine-tuning
35,73,1,8,6,1,Advanced AI value misalignment risk,,Expand AI Safety Research Funding and Capacity
35,74,1,5,6,1,Advanced AI value misalignment risk,,Pre-deployment adversarial red-teaming and robustness testing
25,91,1,4,5,1,Misaligned Superintelligent AI Existential Risk,,Pre-deployment safety gates and controlled release
15,40,1,0,8,1,Opaque AI decision-making undermines oversight and safety,,Training-time regularization for robust generalization
14,52,1,9,8,1,Unsafe AI Decisions in High-Stakes Settings,,Choose robust model architectures at design time
10,18,2,35,7,1,Existential catastrophe from misaligned AI,,Human-preference reward model fine-tuning
21,8,1,10,17,1,Catastrophic AI misalignment and loss of control,,Governed AI oversight and compliance regimes
18,31,1,35,9,1,Catastrophic Superintelligent AI Misalignment,,Human-preference reward model fine-tuning
10,18,2,24,7,1,Existential catastrophe from misaligned AI,,RLHF fine-tuning for aligned language models
18,48,2,35,2,1,Catastrophic Superintelligent AI Misalignment,,Human-preference reward model fine-tuning
18,48,2,24,2,1,Catastrophic Superintelligent AI Misalignment,,RLHF fine-tuning for aligned language models
30,84,2,11,3,1,Existential catastrophe and human extinction risks,,Public AI risk outreach and educational dissemination
