cluster_a,cluster_b,n_paths
10,8,21654
26,8,11184
25,8,11144
21,8,10077
16,8,9998
10,35,7284
6,8,6141
9,8,5362
10,5,4872
10,4,4467
2,8,4343
16,35,4242
10,11,4198
1,8,4190
26,35,4007
20,8,3830
25,35,3817
7,8,3753
12,8,3738
10,6,3559
21,35,3383
38,8,3291
10,24,3237
16,5,3168
22,8,3039
35,8,2922
16,4,2805
15,8,2760
25,5,2661
4,8,2548
10,38,2497
21,5,2420
26,5,2417
18,8,2324
26,4,2265
25,4,2214
16,11,2182
10,39,2162
6,35,2141
10,26,2096
16,6,2095
9,35,2093
25,11,2093
26,11,2078
10,10,2077
10,15,1951
19,8,1883
21,4,1871
21,6,1870
35,35,1860
26,24,1815
16,24,1773
6,5,1746
25,24,1703
17,8,1650
11,8,1628
10,1,1574
25,6,1562
10,32,1526
21,11,1525
6,4,1523
21,24,1514
1,35,1494
2,35,1460
9,5,1430
26,6,1428
16,38,1405
7,35,1377
34,8,1311
20,35,1306
22,35,1289
9,4,1272
16,10,1232
16,39,1206
26,38,1205
6,11,1199
0,8,1196
16,26,1196
25,38,1178
6,6,1153
21,38,1151
16,15,1121
12,35,1117
38,35,1109
24,8,1095
25,10,1092
15,35,1079
26,26,1068
21,15,1062
2,5,1055
21,26,1048
9,11,1028
26,39,1017
20,5,1008
25,39,1004
26,10,1002
25,26,995
9,6,988
26,15,983
6,24,982
2,4,975
1,5,960
25,15,942
4,35,940
1,4,940
35,5,920
21,39,919
19,35,897
16,1,886
12,5,878
9,24,877
22,5,876
20,4,865
27,8,858
12,6,852
10,19,851
7,5,835
35,4,834
21,10,827
2,11,813
30,8,811
16,32,810
7,4,809
18,35,793
1,11,789
12,4,784
25,32,782
6,38,774
38,5,766
10,23,764
26,1,755
21,32,744
20,6,739
2,6,732
26,32,732
25,1,720
6,15,719
22,4,718
6,26,716
10,27,714
35,24,710
20,11,709
1,6,707
7,24,700
15,5,696
21,1,692
35,11,692
6,10,687
3,8,685
7,11,671
2,24,662
10,25,656
4,5,636
28,8,635
1,24,622
9,26,620
15,4,609
9,38,600
12,11,600
10,17,597
38,4,595
17,6,592
6,39,591
20,24,591
38,24,579
18,5,578
10,0,570
9,10,561
19,5,558
11,35,555
37,8,554
22,24,553
16,23,547
22,11,547
9,15,546
22,6,546
17,35,540
19,4,530
38,11,530
21,23,523
2,38,520
21,19,520
16,19,518
9,39,509
15,11,502
35,26,499
15,6,496
1,38,490
17,5,489
4,6,486
10,18,477
6,1,476
14,8,476
4,4,470
4,26,470
15,24,469
6,32,457
12,24,450
2,10,442
2,15,438
9,1,437
38,6,431
0,35,431
26,19,429
8,8,427
2,26,426
34,35,422
9,32,422
20,38,420
1,26,419
2,39,419
12,38,415
12,26,415
22,26,413
31,8,413
7,38,412
7,6,410
35,6,403
16,17,400
4,11,399
25,19,398
32,8,398
18,4,395
10,29,395
4,24,390
7,39,387
0,5,386
20,10,386
0,6,386
26,27,385
12,10,384
1,15,383
34,5,381
20,39,380
11,5,379
1,10,378
12,15,374
25,17,371
20,26,371
20,15,370
21,27,368
16,27,366
11,4,364
24,35,361
17,4,359
19,24,358
1,39,357
25,27,356
6,23,348
35,10,347
26,25,346
38,38,346
7,15,345
11,11,344
26,17,341
26,23,339
22,38,339
18,6,338
22,15,336
34,4,336
38,15,331
25,25,326
18,11,323
38,26,323
5,8,323
16,0,323
15,15,322
22,10,320
15,10,318
12,32,317
18,24,317
35,15,316
16,18,314
7,10,314
19,11,313
35,38,312
2,1,312
11,24,312
38,39,312
15,38,311
19,6,310
1,32,309
7,26,308
15,26,306
21,0,305
16,25,300
2,32,300
0,4,297
12,1,295
1,1,293
24,5,291
6,19,290
21,18,288
10,13,285
17,11,279
9,19,277
9,23,274
35,1,272
7,32,270
20,1,269
25,23,269
4,39,266
18,38,265
20,32,264
25,0,263
17,24,263
34,11,262
11,6,260
4,38,260
22,39,259
21,17,258
7,1,255
21,25,254
4,15,253
6,25,252
26,18,252
16,29,251
12,39,251
12,23,249
21,29,248
24,4,246
34,6,246
35,32,245
26,29,243
38,10,243
19,15,242
18,15,241
22,1,241
6,27,241
3,35,240
35,19,240
0,24,239
22,32,239
10,2,237
19,26,237
11,38,236
8,35,234
30,35,234
0,11,233
18,26,230
15,39,228
6,17,222
17,38,221
15,1,221
37,35,221
10,21,219
25,18,217
35,39,216
27,35,215
24,6,215
19,32,213
28,35,212
19,38,212
26,28,211
18,10,210
24,11,205
38,32,205
21,13,205
10,12,205
34,24,204
15,32,203
14,35,202
9,27,200
4,32,199
10,28,198
2,23,196
27,11,196
4,19,194
4,10,193
9,25,193
12,19,192
25,29,192
6,0,191
1,19,190
24,24,187
38,1,187
16,28,185
30,4,185
4,1,184
33,8,184
10,31,183
2,19,183
17,15,181
10,33,180
22,23,180
3,5,176
1,23,175
18,32,174
21,2,173
17,10,172
10,9,172
4,23,171
22,19,171
20,19,169
11,26,168
0,38,167
10,36,166
18,39,166
9,0,165
16,13,165
19,10,165
7,19,164
27,4,163
11,10,163
16,12,163
26,0,163
34,38,162
30,24,160
25,28,159
6,18,158
16,2,158
17,39,157
17,26,156
11,1,156
16,21,155
9,17,155
9,18,155
38,19,154
18,1,154
30,11,154
6,2,153
7,17,153
20,23,149
35,25,149
37,6,149
11,15,148
31,35,148
27,5,147
1,25,146
35,23,146
19,19,144
0,10,144
35,36,144
6,29,143
35,27,143
14,5,143
34,39,142
19,39,142
32,35,142
12,25,142
17,1,141
30,5,141
0,0,141
2,27,141
2,25,141
25,13,141
34,10,139
0,15,139
3,4,138
15,19,138
29,8,137
10,37,137
12,0,137
11,39,136
21,21,133
32,5,132
11,32,132
6,13,130
28,5,130
35,2,129
19,1,127
8,4,127
28,4,127
10,22,127
2,17,127
20,17,126
34,26,126
1,27,126
7,27,126
26,13,125
4,27,125
37,5,124
34,15,124
5,35,124
3,11,121
17,32,121
3,24,119
1,17,119
8,5,119
38,23,118
0,1,118
0,39,118
15,25,117
27,24,117
31,5,117
3,6,117
0,34,116
20,0,116
32,4,116
26,22,116
26,2,116
2,0,115
1,0,114
35,18,114
37,4,114
12,18,112
24,15,112
28,11,112
22,25,111
20,27,110
8,11,110
38,27,110
0,26,110
24,10,109
15,23,108
23,8,108
35,17,108
9,29,106
24,39,106
24,26,106
18,19,106
25,2,105
20,25,105
9,36,105
22,18,105
28,6,105
24,38,105
17,22,104
22,17,104
19,17,104
7,25,102
26,31,101
26,9,101
14,4,101
22,0,101
22,27,100
1,18,100
26,33,100
20,18,100
9,13,99
16,31,99
25,31,99
26,37,99
25,33,98
26,12,98
4,17,98
12,27,97
34,1,97
2,18,97
8,24,96
25,9,96
16,22,95
0,22,95
6,12,94
16,33,94
19,23,94
4,25,94
7,28,94
15,27,94
4,0,94
4,2,94
15,17,94
38,29,93
17,0,93
9,2,93
31,4,92
27,39,91
21,22,90
21,37,90
30,6,89
38,18,89
16,9,88
14,11,88
21,31,88
21,33,87
24,32,87
21,9,87
8,23,87
6,21,87
17,23,87
4,18,86
26,36,86
28,24,86
16,37,85
24,1,85
3,38,85
2,29,85
18,23,85
30,38,84
0,32,84
30,15,84
5,5,84
18,27,83
38,17,83
34,32,82
4,36,82
30,10,82
11,19,82
9,21,81
6,28,81
15,0,80
20,29,80
7,29,79
35,28,79
0,9,79
3,15,79
35,13,79
7,0,78
38,0,78
6,36,78
14,6,78
8,6,77
17,19,77
37,26,77
30,39,76
8,26,76
14,25,75
35,29,75
37,10,74
25,21,74
4,29,73
15,18,73
32,11,73
31,11,73
14,24,72
18,17,72
9,28,72
27,32,72
7,2,71
4,13,71
20,22,70
25,12,70
27,10,70
5,4,69
38,25,69
27,6,69
28,10,69
3,39,69
21,12,68
17,34,68
32,24,68
3,10,68
9,12,68
14,26,67
29,35,67
22,29,67
25,37,67
22,36,66
35,0,66
19,27,66
4,20,65
37,11,65
22,2,65
6,33,65
11,23,65
28,26,64
12,17,64
27,15,64
31,6,64
25,36,64
30,26,64
18,0,64
32,6,63
33,35,63
0,23,63
18,18,63
14,38,63
3,26,63
7,12,63
26,21,62
6,31,62
6,37,62
37,1,62
30,32,62
2,28,62
15,29,62
25,22,62
34,23,61
7,23,61
5,9,61
5,24,60
2,13,60
1,29,60
31,24,60
28,38,60
4,30,60
37,32,60
22,13,60
27,1,60
15,2,59
23,35,59
7,18,59
5,6,59
1,36,58
12,21,58
6,22,58
11,25,58
5,11,57
28,1,57
22,33,56
19,18,56
27,26,56
20,2,55
14,10,55
34,19,55
1,28,55
20,28,54
20,13,54
22,22,54
1,13,54
33,4,54
12,13,54
14,15,53
4,21,53
9,33,53
30,1,53
17,25,53
33,6,53
17,18,53
37,24,53
17,27,52
28,32,52
24,23,52
11,17,52
19,0,51
20,34,51
20,21,51
1,2,51
8,10,51
8,39,51
2,21,51
2,2,51
12,12,50
37,23,50
4,9,50
15,13,50
3,1,50
24,19,49
19,25,48
28,15,48
32,15,48
0,25,48
38,13,48
3,32,48
7,9,48
2,12,48
18,25,48
18,29,47
0,19,47
14,1,47
27,38,47
22,28,46
28,39,46
31,1,46
9,22,46
38,2,46
12,36,45
11,18,45
5,26,45
33,5,45
9,9,45
16,14,45
20,12,45
0,18,45
7,31,45
38,22,44
34,27,44
18,13,44
7,33,44
6,9,44
8,38,43
15,12,43
1,21,43
31,26,43
0,36,42
15,28,42
1,12,42
37,15,42
11,27,42
32,10,42
8,1,42
31,38,42
17,17,41
9,31,41
32,39,41
8,15,41
15,21,41
0,17,41
14,32,41
32,38,40
37,19,40
0,27,39
31,10,39
31,39,39
7,13,39
7,36,39
21,28,38
34,17,38
2,9,38
31,15,38
17,21,38
2,31,37
32,1,37
38,37,37
24,17,36
8,32,36
34,25,36
34,0,36
5,2,36
23,5,36
38,28,36
22,9,36
33,10,35
14,39,35
15,9,35
2,33,35
19,13,35
38,9,35
35,12,34
24,25,34
20,9,34
5,38,34
29,11,34
5,10,33
3,23,33
11,0,33
1,31,33
9,37,33
34,18,33
2,36,33
1,9,33
22,12,33
29,5,33
18,2,32
32,32,32
37,38,32
7,21,32
38,33,32
30,25,32
24,27,32
5,39,32
33,11,31
32,26,31
12,2,31
29,24,31
34,29,31
38,31,31
23,4,31
1,33,31
17,29,31
17,33,31
11,29,30
22,37,30
28,19,30
33,24,30
20,31,30
35,37,30
28,23,29
0,29,29
35,33,29
30,19,29
5,0,29
35,21,29
29,4,29
30,17,29
24,0,28
14,23,28
5,15,28
2,22,28
12,31,28
11,28,28
12,28,28
20,33,28
20,37,28
14,19,28
31,32,28
2,37,28
17,13,27
22,21,27
8,17,27
3,19,27
30,28,27
15,31,27
19,21,27
15,33,26
34,28,26
39,35,26
37,0,26
4,37,26
19,29,25
12,29,25
24,18,25
3,0,25
12,9,25
5,19,25
21,36,25
14,2,25
19,12,24
5,1,24
37,18,24
8,19,24
4,22,24
8,25,24
18,9,24
34,13,24
27,17,24
17,12,24
22,31,24
4,12,24
0,2,23
23,24,23
24,22,23
18,31,23
4,31,22
12,33,22
18,33,22
11,31,22
19,28,22
16,36,22
4,33,22
11,2,21
28,25,21
27,25,21
18,22,21
3,18,21
19,31,21
15,22,21
34,2,21
28,27,21
5,32,21
35,31,21
23,6,21
1,37,20
0,21,20
35,9,20
27,19,20
28,36,20
20,36,20
19,2,20
32,19,20
27,28,19
27,18,19
0,16,19
29,26,19
30,29,19
32,17,19
27,2,19
24,29,19
24,13,19
37,27,19
33,26,19
33,1,19
0,12,19
31,19,19
19,9,19
28,17,19
3,25,19
3,17,19
0,28,19
11,13,19
18,37,19
1,22,18
33,15,18
23,15,18
14,18,18
28,18,18
11,12,18
8,27,18
19,33,18
5,25,18
34,12,18
15,36,18
23,26,18
28,0,18
14,27,18
37,39,18
27,0,18
27,29,18
30,27,18
8,2,18
17,2,18
37,25,17
34,21,17
29,38,17
0,13,17
24,12,17
3,27,17
31,21,17
35,22,17
5,17,17
7,37,16
18,21,16
30,23,16
30,0,16
37,17,16
19,37,16
14,17,16
33,32,16
14,9,15
24,2,15
38,12,15
23,11,15
33,38,15
3,29,15
18,28,15
17,31,15
14,21,15
14,29,15
29,10,15
17,9,15
37,36,15
39,8,15
37,28,14
8,18,14
8,36,14
32,27,14
14,0,14
33,39,14
31,18,14
31,27,14
17,28,14
5,23,14
31,17,14
24,36,13
0,31,13
14,13,13
14,22,13
31,23,13
3,37,13
19,22,13
18,12,13
34,33,13
17,37,13
5,18,13
24,28,13
34,22,13
0,33,13
32,23,13
29,6,13
29,15,13
11,33,12
27,23,12
24,33,12
28,13,12
23,32,12
29,1,12
12,22,12
34,31,12
5,34,12
11,21,12
3,2,12
5,3,12
30,2,12
17,36,12
27,27,12
28,12,12
12,37,12
5,27,12
23,19,12
34,9,12
33,19,12
0,37,11
29,39,11
39,5,11
3,33,11
8,0,11
32,18,11
32,29,11
11,9,11
23,38,11
32,0,11
37,13,11
23,13,11
11,22,11
3,36,10
37,12,10
31,0,10
29,32,10
24,21,10
30,18,10
8,29,10
27,12,10
3,13,10
3,9,10
39,4,10
30,12,10
32,28,9
8,21,9
32,25,9
27,33,9
7,22,9
30,31,9
3,22,9
39,26,9
30,9,9
28,29,9
5,29,9
8,13,9
33,23,9
4,28,9
30,36,9
8,28,9
31,29,9
23,39,8
5,13,8
37,21,8
23,23,8
31,25,8
28,28,8
34,37,8
11,36,8
30,33,8
24,37,8
24,31,8
11,37,8
8,12,8
29,19,8
3,21,8
3,28,8
24,9,8
14,33,8
14,28,8
15,37,8
0,7,8
5,36,8
8,31,8
32,2,7
27,9,7
33,17,7
3,12,7
39,24,7
29,27,7
14,31,7
33,18,7
28,21,7
33,12,7
38,21,7
39,11,7
5,21,7
37,2,6
23,27,6
14,36,6
29,17,6
23,1,6
13,14,6
3,31,6
23,10,6
33,25,6
30,13,6
39,32,6
19,36,6
22,34,6
31,22,6
31,28,6
31,2,6
31,13,6
14,12,6
23,17,5
23,18,5
37,9,5
24,34,5
34,34,5
32,21,5
30,21,5
15,16,5
33,36,5
4,34,5
27,31,5
39,10,5
39,23,5
39,15,5
33,27,5
39,38,5
39,6,5
33,0,5
28,31,5
28,2,5
18,36,5
15,34,5
5,12,5
5,33,5
5,28,5
29,2,5
32,13,5
29,25,4
29,36,4
31,12,4
31,31,4
31,36,4
33,21,4
14,37,4
28,9,4
28,33,4
8,9,4
8,33,4
5,31,4
32,12,4
32,31,4
39,19,4
5,22,4
11,3,4
11,34,4
33,28,4
27,13,4
32,9,4
38,36,4
32,33,4
32,37,4
39,17,3
33,31,3
5,20,3
33,22,3
23,25,3
23,29,3
33,33,3
39,2,3
39,27,3
33,13,3
29,18,3
39,25,3
31,37,3
23,0,3
31,33,3
33,29,3
29,23,3
0,3,3
31,7,2
29,31,2
29,29,2
36,23,2
39,39,2
13,29,2
14,34,2
33,9,2
39,9,2
14,3,2
8,37,2
23,2,2
29,0,2
29,13,2
23,9,2
37,31,2
23,12,2
23,33,2
9,34,2
34,36,2
29,33,2
32,22,2
5,37,2
39,1,2
39,31,2
36,19,2
33,2,2
14,7,2
39,28,1
16,34,1
33,3,1
39,12,1
4,3,1
23,37,1
23,28,1
23,31,1
39,34,1
29,21,1
29,9,1
27,21,1
8,7,1
39,0,1
39,29,1
33,34,1
5,16,1
9,7,1
25,3,1
30,22,1
9,3,1
39,33,1
39,18,1
39,36,1
39,37,1
39,13,1
36,25,1
39,3,1
15,3,1
35,3,1
14,16,1
31,16,1
30,37,1
31,9,1
10,16,1
0,20,1
23,22,1
28,37,1
28,22,1
5,7,1
15,7,1
32,36,1
3,34,1
6,30,1
8,22,1
