cluster_type,cluster_id,n_members,llm_name,llm_description,judge_accurate,judge_issues,judge_split_candidate,judge_confidence,suggested_revision,final_name,top5_node_names
chain_pathbuildB,0,6944,Funding and training to build AI safety capacity,"These chains connect AI safety risks to interventions by reasoning about how targeted grants, outreach, and fellowship programs expand the research community and improve participant skills, thereby increasing the field's capacity to develop and implement safety measures.",True,"This is a causal mechanism description, not a restatement of an AI safety risk. It focuses on interventions (funding, outreach, fellowships) and their effects on research capacity and participant skill development.",False,high,,Funding and training to build AI safety capacity,de:15 & im:4 & pr:6 & th:11 & va:10
chain_pathbuildB,1,1649,Funding and consensus-building for AI safety capacity,"These chains connect AI safety risks to interventions by reasoning about how targeted grants, outreach, and expert consensus can expand the research community and implementation capacity needed to accelerate safety work.",True,"The name describes a causal mechanism: funding, outreach, and consensus-building expanding AI safety research and implementation capacity. It does not primarily restate an AI safety risk, and it does not center on terms like catastrophic, existential, or misalignment as the main theme.",False,high,,Funding and consensus-building for AI safety capacity,de:15 & im:4 & pr:6 & th:11 & va:9
chain_pathbuildB,2,1210,AI safety research funding and capacity building,"These chains connect AI safety risks to interventions by reasoning about how targeted grants, donor support, and outreach expand the research community and implementation capacity needed to develop Friendly AI work.",True,"The name describes a causal mechanism (funding and outreach expanding research and implementation capacity), not a re-stated AI safety risk. It does not center on catastrophic/existential/misalignment language as the main theme.",False,high,,AI safety research funding and capacity building,de:15 & im:4 & pr:6 & th:11 & va:32
chain_pathbuildB,3,900,Robust reward learning and specification gaming,"These chains connect AI safety risks to interventions by reasoning about how reward specification, preference learning, and robustness techniques interact to prevent specification gaming and unintended optimization under limited data.",True,"The name describes a causal mechanism rather than re-stating an AI safety risk. It focuses on how reward learning, specification checks, and robustness methods interact to reduce specification gaming and unintended optimization. It does not primarily center on catastrophic/existential/misalignment framing.",False,high,,Robust reward learning and specification gaming,de:34 & im:10 & pr:10 & pr:19 & th:3 & va:4
chain_pathbuildB,4,896,Corrigible transparency and secure oversight mechanisms,"These chains connect AI safety risks to interventions by reasoning about how corrigible design, secure containment, expert-verifiable transparency, and reproducibility practices can reduce power-seeking and manipulation through stronger oversight and reliability checks.",True,"The name describes a causal mechanism rather than re-stating an AI safety risk. It focuses on how corrigibility, secure containment, transparency, and reproducibility contribute to oversight and reliability, which aligns with the chain components.",False,high,,Corrigible transparency and secure oversight mechanisms,de:12 & im:20 & pr:9 & th:1 & va:12
chain_pathbuildB,5,855,Human feedback loops for objective alignment,"These chains connect AI safety risks to interventions by reasoning about how human oversight, reward modeling, and feedback-driven fine-tuning can reduce objective misspecification and Goodhart-style optimization failures in deployed models.",True,This describes a causal mechanism: human oversight and feedback loops (including reward modeling/fine-tuning with human feedback) are used to reduce objective misspecification and Goodhart-style optimization failures. It does not primarily restate a risk.,False,high,,Human feedback loops for objective alignment,de:13 & im:1 & pr:7 & th:37 & va:17
chain_pathbuildB,6,746,Adversarial robustness through PGD training,These chains connect AI safety risks to interventions by reasoning about how projected-gradient adversarial examples and adversarial training expose classifier vulnerabilities and improve robustness through robust optimization.,True,"This describes a causal mechanism, not an AI safety risk. It focuses on how PGD adversarial examples and adversarial training expose vulnerabilities and improve classifier robustness via robust optimization. No re-stated catastrophic/existential/misalignment risk language is present.",False,high,,Adversarial robustness through PGD training,de:3 & im:16 & pr:39 & th:36 & va:26
chain_pathbuildB,7,729,Expanding AI safety research and implementation capacity,"These chains connect AI safety risks to interventions by reasoning about how increasing research capacity, staffing, tooling, and deployment infrastructure can strengthen the development and adoption of safety methods.",True,"This is mechanism-focused: it describes how increasing research capacity, staffing, tooling, and deployment infrastructure can enable safety methods, rather than re-stating a specific AI safety risk.",False,high,,Expanding AI safety research and implementation capacity,pr:6
chain_pathbuildB,8,678,Grant-funded AI safety talent pipeline,"These chains connect AI safety risks to interventions by reasoning about how funding, grants, and fellowship programs expand the safety research community, improve participant skills, and address the shortfall in alignment research relative to capability progress.",True,"The name describes a causal mechanism: grant funding expands the AI safety talent pipeline by supporting research community growth, skill-building, and a response to the alignment-research shortfall. It does not primarily re-state a risk.",False,high,,Grant-funded AI safety talent pipeline,de:15 & im:4 & pr:31 & th:9 & va:10
chain_pathbuildB,9,538,AI safety capacity building via funding and fellowships,"These chains connect AI safety risks to interventions by reasoning about how grants, fellowships, and related funding expand the research community and implementation capacity needed to counter capability-race pressures and improve alignment work.",True,The name describes a causal mechanism: funding and fellowships expand AI safety research/implementation capacity to counter capability-race pressures. It does not primarily restate a risk like catastrophic or existential harm.,False,high,,AI safety capacity building via funding and fellowships,de:15 & im:4 & pr:27 & pr:6 & th:12 & th:2 & va:10
chain_pathbuildB,10,522,Funding-driven growth of AI safety research capacity,"These chains connect AI safety risks to interventions by reasoning about how targeted grants, outreach, and fellowship funding expand the research community and practical capability needed to close the alignment research gap.",True,"This describes a causal mechanism, not a risk statement. It focuses on how targeted funding, outreach, and fellowships increase AI safety research capacity and reduce the alignment research gap. It does not center on catastrophic/existential/misalignment risk language.",False,high,,Funding-driven growth of AI safety research capacity,de:15 & im:4 & pr:31 & pr:6 & th:11 & va:10
chain_pathbuildB,11,444,Behavior shaping via reflective alignment prompting,"These chains connect AI safety risks to interventions by reasoning about how elicited chain-of-thought, synthetic prompting, and human-value conditioning can expose or steer latent model behavior toward more aligned and less deceptive responses.",True,"This is mechanism-focused rather than merely restating an AI safety risk. It describes how reflective alignment prompting, synthetic prompts, and human-value conditioning can change elicited behavior and expose latent reasoning, which is a causal intervention pathway. The only minor issue is phrasing: it is a bit broad and mixes several mechanisms, but it does not mainly restate a risk like 'misalignment' or 'catastrophic' behavior.",False,high,Behavior shaping via reflective alignment and self-elicitation prompting,Behavior shaping via reflective alignment prompting,de:11 & im:9 & pr:33 & th:35 & va:15
chain_pathbuildB,12,429,Building AI safety capacity through funded training,"These chains connect AI safety risks to interventions by reasoning about how funding and outreach expand the safety research community, improve benchmarked evaluation of specification gaming, and build fellowships that increase practitioner skill and implementation capacity.",True,"The name describes a causal mechanism: funded training and outreach increasing community size, evaluation capacity, and practitioner skill. It does not mainly restate an AI safety risk.",False,high,,Building AI safety capacity through funded training,de:15 & im:10 & pr:6 & th:11 & va:10
chain_pathbuildB,13,403,Grant-driven expansion of AI safety research,"These chains connect AI safety risks to interventions by reasoning about how targeted funding, grants, and outreach can expand the safety research community and close the gap between alignment research and rapid AI capability progress.",True,This describes a causal mechanism: targeted funding/grants/outreach expand the AI safety research community and help close the gap with capability progress. It does not primarily restate an AI safety risk.,False,high,,Grant-driven expansion of AI safety research,de:15 & im:4 & pr:31 & th:11 & va:9
chain_pathbuildB,14,399,Capacity-building through funded safety talent and oversight,"These chains connect AI safety risks to interventions by reasoning about how grants and funding programs expand the safety research community, improve implementation capacity, build fellowship participant skills, and increase transparency for expert reliability verification.",True,The name describes a causal mechanism (funded capacity-building and oversight) rather than restating an AI safety risk. It does not center on catastrophic/existential/misalignment language.,False,high,,Capacity-building through funded safety talent and oversight,de:15 & im:4 & pr:6 & th:1 & va:10
chain_pathbuildB,15,394,Compute chokepoints enabling scalable governance,These chains connect AI safety risks to interventions by reasoning about how concentrating advanced compute hardware creates enforceable choke points for export controls that can slow proliferation and mitigate capability spikes during AI scaling.,True,This is mechanism-focused rather than a re-stated AI safety risk. It describes how supply chain concentration and export controls on advanced compute hardware can create enforceable governance choke points that slow proliferation and reduce capability spikes during scaling.,False,high,,Compute chokepoints enabling scalable governance,de:25 & im:34 & pr:32 & th:21 & va:30
chain_pathbuildB,16,391,Utility-shaping and power-seeking mitigation mechanisms,"These chains connect AI safety risks to interventions by reasoning about how reward mis-specification, instrumental convergence, and conservative or security-based training can reduce agents' incentives and ability to pursue power-seeking or manipulate humans.",True,"The name describes a causal mechanism / intervention family, not merely an AI safety risk. It focuses on how utility shaping, conservative training, and security protocols mitigate power-seeking and manipulation. It does not primarily restate a risk like catastrophic or existential misalignment.",False,high,,Utility-shaping and power-seeking mitigation mechanisms,de:14 & im:20 & pr:19 & pr:9 & th:14 & th:26 & va:19
chain_pathbuildB,17,383,Global governance enables coordinated AI safety controls,"These chains connect AI safety risks to interventions by reasoning about how international coordination, expert consensus, and heightened risk awareness can create governance regimes that impose deployment controls and enforce safety standards.",True,"This describes a causal mechanism: perceived AI risk and expert consensus increase support for international governance frameworks, which can then enable deployment controls and enforce safety standards. It does not primarily restate an AI safety risk.",False,high,,Global governance enables coordinated AI safety controls,de:20 & im:19 & pr:11 & th:12 & va:9
chain_pathbuildB,18,379,Human feedback reward-model alignment learning,These chains connect AI safety risks to interventions by reasoning about how human feedback can be used to train reward models that better approximate human preferences and thereby steer AI objectives toward aligned behavior.,True,"This describes a causal mechanism: using human feedback to train a reward model that better approximates human preferences and improves alignment. It does include a risk term ('goal misalignment') in one component, but the overall chain is intervention/mechanism-focused rather than re-stating an AI safety risk.",False,high,,Human feedback reward-model alignment learning,de:37 & im:1 & pr:12 & th:6 & va:39
chain_pathbuildB,19,377,Human feedback reward-model alignment,"These chains connect AI safety risks to interventions by reasoning about how reward models trained from human feedback can better approximate complex human preferences and objectives, thereby reducing goal misalignment in advanced AI systems.",True,"The family name describes a causal mechanism/intervention: using human-feedback-trained reward models to better approximate human preferences and reduce objective-value mismatch. It does mention misalignment in the component list, but the name itself is mechanism-focused rather than primarily re-stating a risk.",False,high,,Human feedback reward-model alignment,de:37 & im:1 & pr:12 & th:6 & va:1
chain_pathbuildB,20,360,Human-feedback alignment and goal specification,"These chains connect AI safety risks to interventions by reasoning about how human feedback, reward modeling, and better summarization can shape model objectives and reduce goal misalignment despite the orthogonality of intelligence and goals.",True,"The name describes a causal mechanism: human feedback, reward modeling, and better summarization shaping objectives and reducing misalignment. It does not primarily restate a risk theme.",False,high,,Human-feedback alignment and goal specification,de:16 & im:1 & pr:12 & th:31 & va:39
chain_pathbuildB,21,350,Preventing reward hacking through robust evaluation,"These chains connect AI safety risks to interventions by reasoning about how mis-specified rewards and weak benchmarks induce Goodhart-style specification gaming in reinforcement learning systems, and how stronger security and evaluation can reduce it.",True,"The name describes a causal mechanism rather than re-stating a risk. It focuses on how weak evaluation and mis-specified rewards lead to reward hacking/specification gaming, and how stronger security and evaluation can mitigate it. It does not center on catastrophic/existential/misalignment language.",False,high,,Preventing reward hacking through robust evaluation,de:7 & im:10 & pr:19 & th:37 & va:37
chain_pathbuildB,22,342,Preference learning and reward alignment mechanisms,"These chains connect AI safety risks to interventions by reasoning about how human feedback, demonstrations, and target-network training can shape reward models and reinforcement learning agents to reduce reward mis-specification and unsafe exploration.",True,"The name describes a causal mechanism: preference learning, demonstrations, and target-network training as interventions shaping reward models and RL behavior. It does not mainly restate a risk like catastrophic failure, existential risk, or misalignment. The chain components are also mechanism-oriented, linking human feedback and training structure to reduced unsafe exploration and reward mis-specification.",False,high,,Preference learning and reward alignment mechanisms,de:37 & im:8 & pr:19 & th:28 & va:1
chain_pathbuildB,23,337,Funding and expert consensus for AI safety capacity,These chains connect AI safety risks to interventions by reasoning about how expert agreement and dedicated grant funding can overcome insufficient research and implementation capacity to advance control and value-alignment work.,True,"The name describes a causal mechanism: expert consensus plus targeted funding increasing AI safety research and implementation capacity, which in turn supports control and value-alignment work. It does not mainly restate a risk.",False,high,,Funding and expert consensus for AI safety capacity,de:16 & im:4 & pr:6 & va:9
chain_pathbuildB,24,328,Adversarial robustness training via optimized perturbations,These chains connect AI safety risks to interventions by reasoning about how generating worst-case adversarial examples and training on them can shift neural networks toward more robust features and reduce vulnerability.,True,This describes a causal mechanism: generating adversarial examples with optimized perturbations and training on them can improve robustness by shifting models toward more robust features. It does not primarily restate an AI safety risk.,False,high,,Adversarial robustness training via optimized perturbations,de:3 & im:16 & pr:39 & th:36 & va:0
chain_pathbuildB,25,326,Compute supply chain controls for AI governance,These chains connect AI safety risks to interventions by reasoning about how export controls on advanced AI compute hardware and semiconductor supply chains can constrain proliferation of frontier models and create enforceable global governance leverage.,True,,False,high,,Compute supply chain controls for AI governance,de:25 & im:34 & pr:4 & th:21 & va:27
chain_pathbuildB,26,323,Funding-driven expansion of AI safety capacity,"These chains connect AI safety risks to interventions by reasoning about how targeted grants and outreach can increase the pool, resources, and implementation capacity of AI safety researchers, thereby accelerating Friendly AI research.",True,"This name describes a causal mechanism: targeted funding and outreach increase AI safety research capacity, which can accelerate Friendly AI research. It does not mainly restate a risk.",False,high,,Funding-driven expansion of AI safety capacity,de:15 & im:4 & pr:6 & th:11
chain_pathbuildB,27,320,Scaling safety capacity through transparent expert oversight,"These chains connect AI safety risks to interventions by reasoning about how funding expands the safety research workforce and implementation capacity, while transparency enables outside experts to verify and strengthen system reliability.",True,"This describes a causal mechanism, not a risk re-statement. It links funding to expanded safety capacity and transparency to external verification by experts.",False,high,,Scaling safety capacity through transparent expert oversight,de:15 & pr:6 & th:1
chain_pathbuildB,28,320,Governance capacity building via safety infrastructure,"These chains connect AI safety risks to interventions by reasoning about how awareness, historical governance precedents, and stronger red-teaming, audits, interpretability, and research capacity can enable elites and institutions to implement more effective AI safety measures.",True,"The name describes a causal mechanism rather than re-stating an AI safety risk. It emphasizes how governance capacity building, awareness, historical precedent, and safety infrastructure can lead to stronger mitigation measures.",False,high,,Governance capacity building via safety infrastructure,de:4 & im:7 & pr:6 & th:12 & va:30
chain_pathbuildB,29,320,Elite-triggered global AI governance coordination,"These chains connect AI safety risks to interventions by reasoning about how elite risk awareness, expert probability estimates, and weak incentives can catalyze coordinated international governance regimes that enforce deployment and safety standards.",True,"The name describes a causal mechanism rather than re-stating an AI safety risk. It emphasizes how elite risk awareness, expert probability estimates, and weak incentives can lead to coordinated international governance and deployment controls.",False,high,,Elite-triggered global AI governance coordination,de:20 & im:19 & pr:35 & th:12 & va:2
chain_pathbuildB,30,298,Expanding alignment research capacity and skill,"These chains connect AI safety risks to interventions by reasoning about how funding and grant programs expand the alignment research community, address the gap between capability progress and alignment research, and build participant expertise to tackle complex human-value alignment problems.",True,"The name describes a causal mechanism: funding and grants expand the alignment research community, help close the capability-vs-alignment gap, and improve participant skill. It does not primarily restate an AI safety risk.",False,high,,Expanding alignment research capacity and skill,de:15 & im:4 & pr:31 & th:2 & va:10
chain_pathbuildB,31,288,Human-feedback reward modeling for objective alignment,These chains connect AI safety risks to interventions by reasoning about how reward models trained from human feedback can approximate complex objectives and reduce misalignment from misspecified agent goals.,True,"The name describes a causal mechanism: using human-feedback-trained reward models to approximate complex objectives and improve alignment. It does not mainly restate an AI safety risk, and it does not center on catastrophic/existential/misalignment language as the primary theme.",False,high,,Human-feedback reward modeling for objective alignment,de:37 & im:1 & pr:12 & pr:7 & th:6 & va:1
chain_pathbuildB,32,281,Adversarial robustness training and optimization,"These chains connect AI safety risks to interventions by reasoning about how adversarial examples, robust optimization, and target-network style training shift model learning toward robust features and away from exploitable vulnerabilities.",True,"The name describes a causal mechanism, not a re-stated AI safety risk. It focuses on adversarial training, robust optimization, and target-network style training as interventions that change what features the model learns from, reducing vulnerability to adversarial examples. It does include a risk-related component (adversarial vulnerability / objective misspecification), but the overall chain family name is mechanism-oriented rather than risk-themed.",False,high,,Adversarial robustness training and optimization,de:3 & im:8 & pr:39 & pr:7 & th:36 & va:0
chain_pathbuildB,33,274,Human feedback reward modeling for alignment,"These chains connect AI safety risks to interventions by reasoning about how reward models trained from human feedback can approximate complex human objectives and improve agent behavior, while addressing limitations in predicting or aligning advanced RL agents with human values.",True,,False,high,,Human feedback reward modeling for alignment,de:37 & im:1 & pr:12 & pr:20 & th:6 & va:1
chain_pathbuildB,34,272,Mechanistic interpretability for hidden model cognition,"These chains connect AI safety risks to interventions by reasoning about how mechanistic interpretability and neuron-circuit analysis can expose opaque internal model logic, revealing hidden malfunction or misalignment mechanisms that can then be audited and corrected.",True,"This describes a causal mechanism, not merely a risk. It focuses on how mechanistic interpretability and neuron-circuit analysis expose hidden internal logic, which can then be audited and corrected. It does mention misalignment, but as an outcome revealed by the mechanism rather than the main theme.",False,high,,Mechanistic interpretability for hidden model cognition,de:22 & im:31 & pr:13 & th:4 & va:7
chain_pathbuildB,35,271,Human-feedback reward modeling for alignment,These chains connect AI safety risks to interventions by reasoning about how learning reward models from human feedback can better approximate complex objectives and reduce harmful or power-seeking behavior in advanced AI systems.,True,"The name describes a causal mechanism: using human-feedback reward modeling to better approximate complex objectives and reduce harmful or power-seeking behavior. It does not mainly re-state a risk like catastrophic, existential, or misalignment.",False,high,,Human-feedback reward modeling for alignment,de:37 & im:1 & pr:9 & th:6 & va:17
chain_pathbuildB,36,270,Funding and capacity-building for AI safety research,"These chains connect AI safety risks to interventions by reasoning about how grant programs, outreach, and fellowships expand the research community and skill base needed to improve safety work and reduce reward-specification failures in AI systems.",True,"The name describes a causal mechanism: funding and capacity-building expanding the AI safety research community and skill base. It does not mainly restate a risk term like catastrophe, existential risk, or misalignment.",False,high,,Funding and capacity-building for AI safety research,de:15 & im:4 & pr:19 & pr:6 & th:11 & va:10
chain_pathbuildB,37,265,Governance-enabled safety capacity escalation,"These chains connect AI safety risks to interventions by reasoning about how heightened threat awareness and empirical safety evidence can overcome capacity limits and motivate coordinated governance, audits, red-teaming, and other institutional safeguards.",True,"The name describes a causal mechanism: heightened threat awareness plus empirical safety evidence leading elites and institutions to coordinate governance and deploy audits, red-teaming, interpretability, and other safeguards to overcome capacity limits. It does not primarily restate a risk and does not center terms like catastrophic, existential, or misalignment.",False,high,,Governance-enabled safety capacity escalation,de:20 & im:7 & pr:6 & th:12 & va:0
chain_pathbuildB,38,264,Elite risk salience enabling safety capacity building,"These chains connect AI safety risks to interventions by reasoning about how heightened awareness among elites can justify restrictive capability controls, increase grant funding, and overcome research capacity gaps through broad expert consensus on precautionary measures.",True,"This describes a causal mechanism, not a risk re-statement. It links elite risk awareness and expert consensus to restrictive capability controls, funding increases, and capacity building to address research gaps.",False,high,,Elite risk salience enabling safety capacity building,de:17 & im:4 & pr:6 & th:12 & va:9
chain_pathbuildB,39,263,Risk forecasting drives elite cost-benefit action,"These chains connect AI safety risks to interventions by reasoning about how AI-enabled forecasting and cost-effectiveness analysis, combined with credible expert risk estimates and awareness-raising, increase perceived returns to investing in safety research and high-level mitigation efforts.",True,"The name describes a causal mechanism rather than re-stating an AI safety risk. It focuses on how forecasting, cost-effectiveness analysis, expert risk estimates, and awareness-raising change elite decision-making and increase investment in safety and mitigation.",False,high,,Risk forecasting drives elite cost-benefit action,de:23 & im:38 & pr:6 & th:12 & va:2
