cluster_type,cluster_id,n_members,signature_str,v1_name,llm_name,llm_description,judge_accurate,judge_issues,judge_confidence,suggested_revision,final_name
chain_pathbuildB,0,6944,de:15 & im:4 & pr:6 & th:11 & va:10,Funding and training to build AI safety capacity,"via funding, fellowships, and capacity-building pipelines","These chains reason from AI safety risk to interventions by passing through grant programs, outreach, fellowships, and demonstrated skill gains that expand the AI safety research community's capacity.",True,,high,,"via funding, fellowships, and capacity-building pipelines"
chain_pathbuildB,1,1649,de:15 & im:4 & pr:6 & th:11 & va:9,Funding and consensus-building for AI safety capacity,"via AI safety funding, grants, and consensus-building","These chains reason from AI risk to interventions by showing how targeted funding and grant programs, combined with expert consensus and outreach, expand the AI safety research community and implementation capacity.",True,,high,,"via AI safety funding, grants, and consensus-building"
chain_pathbuildB,2,1210,de:15 & im:4 & pr:6 & th:11 & va:32,AI safety research funding and capacity building,via grant funding and research capacity building,These chains reason about using targeted grants and outreach to expand the AI safety research community and increase implementation capacity.,True,,high,,via grant funding and research capacity building
chain_pathbuildB,3,900,de:34 & im:10 & pr:10 & pr:19 & th:3 & va:4,Robust reward learning and specification gaming,"via reward mis-specification, preference learning, and robustness testing",These chains reason about how reward misspecification and limited preference data interact with specification-gaming benchmarks and robustness training to shape safer RL policies.,True,,high,,"via reward mis-specification, preference learning, and robustness testing"
chain_pathbuildB,4,896,de:12 & im:20 & pr:9 & th:1 & va:12,Corrigible transparency and secure oversight mechanisms,"via corrigibility, anti-manipulation security, and transparency verification","These chains reason from uncertainty-aware corrigible design through security measures that prevent human manipulation, using transparency to support additional reliability verification and reproducibility checks.",True,,high,,"via corrigibility, anti-manipulation security, and transparency verification"
chain_pathbuildB,5,855,de:13 & im:1 & pr:7 & th:37 & va:17,Human feedback loops for objective alignment,via human feedback reward modeling and objective correction,"These chains reason about using human oversight, reward-model fine-tuning, and feedback loops to correct objective misspecification and avoid Goodhart-style misoptimization.",True,,high,,via human feedback reward modeling and objective correction
chain_pathbuildB,6,746,de:3 & im:16 & pr:39 & th:36 & va:26,Adversarial robustness through PGD training,via adversarial examples and robust optimization,"These chains reason about generating projected-gradient adversarial examples, exposing classifier vulnerability, and using robust optimization/adversarial training to improve robustness metrics.",True,,high,,via adversarial examples and robust optimization
chain_pathbuildB,7,729,pr:6,Expanding AI safety research and implementation capacity,via AI safety research workforce and implementation bottlenecks,"These chains reason about how limited research staffing, expertise, and deployment capacity constrain effective AI safety work before interventions expand that capacity.",True,,high,,via AI safety research workforce and implementation bottlenecks
chain_pathbuildB,8,678,de:15 & im:4 & pr:31 & th:9 & va:10,Grant-funded AI safety talent pipeline,"via funding gaps, fellowships, and skill building",These chains reason that AI safety funding gaps can be addressed through grants and fellowship programs that build researcher skills and expand the safety research community.,True,,high,,"via funding gaps, fellowships, and skill building"
chain_pathbuildB,9,538,de:15 & im:4 & pr:27 & pr:6 & th:12 & th:2 & va:10,AI safety capacity building via funding and fellowships,via funding incentives and safety capacity building,These chains reason from AI risk awareness and capability-race pressure through grant-funded fellowships and research programs that increase AI safety expertise and implementation capacity.,True,,high,,via funding incentives and safety capacity building
chain_pathbuildB,10,522,de:15 & im:4 & pr:31 & pr:6 & th:11 & va:10,Funding-driven growth of AI safety research capacity,"via funding programs, fellowships, and capacity growth","These chains reason about how targeted grants and outreach expand the AI safety research community by increasing fellowships, skill gains, and overall research capacity relative to capability progress.",True,,high,,"via funding programs, fellowships, and capacity growth"
chain_pathbuildB,11,444,de:11 & im:9 & pr:33 & th:35 & va:15,Behavior shaping via reflective alignment prompting,via prompt-based value alignment and deceptive behavior analysis,"These chains reason about using synthetic prompts and in-context principle application to shape model behavior, while examining deceptive alignment and self-generated reasoning as the mechanism linking alignment objectives to safety interventions.",False,The name mixes an intervention-oriented phrase ('prompt-based value alignment') with a risk theme ('deceptive behavior analysis') and does not cleanly describe the intermediate mechanism connecting the chain components. It is also a bit broad and may not distinguish this pathway from adjacent ones.,high,via synthetic prompt conditioning and self-generated reasoning in deceptive alignment,via synthetic prompt conditioning and self-generated reasoning in deceptive alignment
chain_pathbuildB,12,429,de:15 & im:10 & pr:6 & th:11 & va:10,Building AI safety capacity through funded training,via AI safety research capacity-building and fellowships,"These chains reason from AI safety capacity gaps through targeted funding, outreach, and fellowship-style training that build research capability and participant skills before reaching the intervention.",True,,medium,,via AI safety research capacity-building and fellowships
chain_pathbuildB,13,403,de:15 & im:4 & pr:31 & th:11 & va:9,Grant-driven expansion of AI safety research,via grant-funded research capacity expansion,"These chains reason about how targeted grants and outreach build the AI safety research community by increasing funding, narrowing the alignment research gap, and leveraging expert consensus to justify expansion.",False,"The name leans toward the intervention/result ('grant-funded research capacity expansion') rather than the intermediate mechanism, and it does not clearly foreground the causal bridge from grants/outreach to narrowed research gap and consensus-based legitimacy.",high,via grant-funded funding and consensus-building increasing AI safety research capacity,via grant-funded funding and consensus-building increasing AI safety research capacity
chain_pathbuildB,14,399,de:15 & im:4 & pr:6 & th:1 & va:10,Capacity-building through funded safety talent and oversight,through grant-funded fellowships and capacity building,"These chains reason about how targeted grants and fellowships expand AI safety research capacity by building participant skills, increasing available expertise, and enabling stronger verification and oversight.",True,,high,,through grant-funded fellowships and capacity building
chain_pathbuildB,15,394,de:25 & im:34 & pr:32 & th:21 & va:30,Compute chokepoints enabling scalable governance,through compute export controls and governance chokepoints,These chains reason about how export controls on advanced compute hardware create supply-chain chokepoints that can be used to govern AI development and reduce risks from scaling-driven capability spikes.,True,,high,,through compute export controls and governance chokepoints
chain_pathbuildB,16,391,de:14 & im:20 & pr:19 & pr:9 & th:14 & th:26 & va:19,Utility-shaping and power-seeking mitigation mechanisms,via attainable-utility penalization and power-seeking analysis,"These chains reason about limiting harmful agent behavior by penalizing drops in attainable utility, analyzing instrumental convergence toward power-seeking, and using conservative training or security constraints to reduce manipulation and reward-misspecification effects.",True,,high,,via attainable-utility penalization and power-seeking analysis
chain_pathbuildB,17,383,de:20 & im:19 & pr:11 & th:12 & va:9,Global governance enables coordinated AI safety controls,through global governance framing and expert consensus,These chains reason from AI risk awareness and survey-backed consensus to coordinated international governance regimes that enable safety controls.,True,,high,,through global governance framing and expert consensus
chain_pathbuildB,18,379,de:37 & im:1 & pr:12 & th:6 & va:39,Human feedback reward-model alignment learning,via human feedback reward modeling and fine-tuning,"These chains reason through learning reward models from human feedback, using that feedback to fine-tune models, and leveraging the resulting alignment and summarization improvements.",True,,high,,via human feedback reward modeling and fine-tuning
chain_pathbuildB,19,377,de:37 & im:1 & pr:12 & th:6 & va:1,Human feedback reward-model alignment,via human feedback reward-model training,"These chains reason about using human preference feedback to train reward models, which then guide agent behavior toward better alignment with human values.",True,,high,,via human feedback reward-model training
chain_pathbuildB,20,360,de:16 & im:1 & pr:12 & th:31 & va:39,Human-feedback alignment and goal specification,"via goal alignment, human feedback, and reward modeling",These chains reason from advanced AI goal misalignment and orthogonality to interventions that improve behavior through human-feedback reward modeling and related alignment research.,True,,high,,"via goal alignment, human feedback, and reward modeling"
chain_pathbuildB,21,350,de:7 & im:10 & pr:19 & th:37 & va:37,Preventing reward hacking through robust evaluation,via specification gaming and Goodhart effects,"These chains reason about how reward mis-specification in RL leads to specification gaming, where optimization for the proxy objective produces unintended behavior analogous to Goodhart's Law, motivating stronger evaluation and security measures.",True,,high,,via specification gaming and Goodhart effects
chain_pathbuildB,22,342,de:37 & im:8 & pr:19 & th:28 & va:1,Preference learning and reward alignment mechanisms,"via reward modeling, demonstrations, and target-network stabilization",These chains reason about using human feedback and demonstrations to train reward models and guide RL while stabilizing learning with alternating online-target network updates.,True,,high,,"via reward modeling, demonstrations, and target-network stabilization"
chain_pathbuildB,23,337,de:16 & im:4 & pr:6 & va:9,Funding and expert consensus for AI safety capacity,via AI safety research prioritization and grant funding,These chains reason from AI safety capability gaps and expert consensus to interventions that prioritize safety research and allocate grant funding to build control and alignment capacity.,True,,high,,via AI safety research prioritization and grant funding
chain_pathbuildB,24,328,de:3 & im:16 & pr:39 & th:36 & va:0,Adversarial robustness training via optimized perturbations,"via adversarial examples, vulnerability, and robust optimization",These chains reason from classifier vulnerability through adversarial example generation and robustness-focused training to improved robustness outcomes.,True,,high,,"via adversarial examples, vulnerability, and robust optimization"
chain_pathbuildB,25,326,de:25 & im:34 & pr:4 & th:21 & va:27,Compute supply chain controls for AI governance,through compute export controls and supply chain chokepoints,These chains reason about how restricting advanced compute hardware exports and exploiting semiconductor supply chain concentration can slow frontier AI proliferation and widen compute gaps.,True,,high,,through compute export controls and supply chain chokepoints
chain_pathbuildB,26,323,de:15 & im:4 & pr:6 & th:11,Funding-driven expansion of AI safety capacity,via grant-funded AI safety capacity building and outreach,These chains reason about how targeted grants and outreach programs expand the AI safety research community to address insufficient research and implementation capacity.,True,,high,,via grant-funded AI safety capacity building and outreach
chain_pathbuildB,27,320,de:15 & pr:6 & th:1,Scaling safety capacity through transparent expert oversight,through transparency-enabled expert verification of safety work,"These chains reason about how greater transparency allows outside domain experts to verify AI safety research and implementation work, helping compensate for limited safety capacity.",True,,high,,through transparency-enabled expert verification of safety work
chain_pathbuildB,28,320,de:4 & im:7 & pr:6 & th:12 & va:30,Governance capacity building via safety infrastructure,"through risk awareness, safety tooling, and capacity building","These chains reason that elite risk awareness, practical safety tools like red-teaming and interpretability, and stronger researcher capacity together enable broader AI risk mitigation measures.",True,,medium,,"through risk awareness, safety tooling, and capacity building"
chain_pathbuildB,29,320,de:20 & im:19 & pr:35 & th:12 & va:2,Elite-triggered global AI governance coordination,through elite risk awareness and governance coordination,These chains reason from heightened elite awareness of catastrophic AI risk to coordinated international governance regimes and deployment controls that enable stronger safety standards.,True,,high,,through elite risk awareness and governance coordination
chain_pathbuildB,30,298,de:15 & im:4 & pr:31 & th:2 & va:10,Expanding alignment research capacity and skill,"through AI safety grants, fellowship training, and skill gains",These chains reason about how funding programs and fellowships expand the AI safety research community by increasing participants' alignment research skills and capacity.,True,,high,,"through AI safety grants, fellowship training, and skill gains"
chain_pathbuildB,31,288,de:37 & im:1 & pr:12 & pr:7 & th:6 & va:1,Human-feedback reward modeling for objective alignment,via human feedback reward modeling and preference learning,"These chains reason about how human feedback is used to train reward models and preference-based objectives that better approximate complex human values, bridging misaligned AI goals to alignment interventions.",True,,high,,via human feedback reward modeling and preference learning
chain_pathbuildB,32,281,de:3 & im:8 & pr:39 & pr:7 & th:36 & va:0,Adversarial robustness training and optimization,via adversarial examples and robust feature learning,"These chains reason about how adversarial perturbations expose classifier vulnerabilities and how adversarial training or robust optimization shifts models toward more robust features, supported by experiments and target-network style training dynamics.",True,,high,,via adversarial examples and robust feature learning
chain_pathbuildB,33,274,de:37 & im:1 & pr:12 & pr:20 & th:6 & va:1,Human feedback reward modeling for alignment,via human-feedback reward modeling and preference learning,"These chains reason about how human feedback is used to train reward models and preference-based agents, connecting objective approximation and alignment concerns to RLHF-style interventions.",True,,high,,via human-feedback reward modeling and preference learning
chain_pathbuildB,34,272,de:22 & im:31 & pr:13 & th:4 & va:7,Mechanistic interpretability for hidden model cognition,through mechanistic interpretability and neuron-circuit audits,"These chains reason about using interpretability methods to inspect opaque model cognition, identify hidden logic and neuron-level misalignment, and then inform interventions based on those internal findings.",True,,high,,through mechanistic interpretability and neuron-circuit audits
chain_pathbuildB,35,271,de:37 & im:1 & pr:9 & th:6 & va:17,Human-feedback reward modeling for alignment,via human feedback reward modeling and alignment signals,"These chains reason through learning reward models from human feedback, using RLHF-style fine-tuning and alignment signals to reduce harmful behavior and improve instruction following.",True,,high,,via human feedback reward modeling and alignment signals
chain_pathbuildB,36,270,de:15 & im:4 & pr:19 & pr:6 & th:11 & va:10,Funding and capacity-building for AI safety research,via grant-backed capacity building and fellowship skill gains,"These chains reason from funding initiatives and grant programs through expanded AI safety research capacity, fellowships, and demonstrated participant skill gains.",True,,high,,via grant-backed capacity building and fellowship skill gains
chain_pathbuildB,37,265,de:20 & im:7 & pr:6 & th:12 & va:0,Governance-enabled safety capacity escalation,"through governance regimes, safety audits, and capability evidence","These chains reason from heightened AI risk to coordinated oversight, using red-teaming and interpretability-style audits plus evidence of vulnerabilities or robustness gains to justify stronger safety action.",True,,medium,,"through governance regimes, safety audits, and capability evidence"
chain_pathbuildB,38,264,de:17 & im:4 & pr:6 & th:12 & va:9,Elite risk salience enabling safety capacity building,through elite risk salience and consensus-driven safety funding,"These chains reason that heightened awareness of extreme AI risk among elites, together with broad expert consensus on safety proposals, opens the way to grant-backed AI safety research and precautionary capability restrictions.",True,,high,,through elite risk salience and consensus-driven safety funding
chain_pathbuildB,39,263,de:23 & im:38 & pr:6 & th:12 & va:2,Risk forecasting drives elite cost-benefit action,"via risk forecasting, cost-benefit analysis, and elite mobilization",These chains reason from AI existential risk estimates through strategic forecasting and cost-effectiveness analysis to the point where elites are persuaded that exceptional mitigation action is warranted.,True,,medium,,"via risk forecasting, cost-benefit analysis, and elite mobilization"
