node_type,edge_config,mode,silhouette_mean,edge_validation_mean,n_clusters,path_length_mean
risk,EDGE,unconstrained,0.5031889081001282,1.0,40.0,6.861790958825223
risk,EDGE,single_risk,0.4918421357870102,1.0,40.0,6.787356321839081
risk,EDGE,monotonic,0.5076028257608414,1.0,40.0,6.788245986064829
risk,EDGE,both,0.4839991778135299,1.0,40.0,6.739306899781455
risk,0.8,unconstrained,0.5583221316337585,0.2738929856622654,80.0,12.03663892599518
risk,0.8,single_risk,0.510998860001564,0.5737111964435021,46.0,10.57770343067763
risk,0.8,monotonic,0.5334789454936981,0.2782867562050751,76.0,9.737096052456952
risk,0.8,both,0.5432822406291962,0.5599159020694725,48.0,8.36536247763554
risk,0.85,unconstrained,0.5808558762073517,0.33356995351085,66.0,13.599068075657982
risk,0.85,single_risk,0.5052229464054108,0.6927871493998069,46.0,11.21277298240649
risk,0.85,monotonic,0.5951423048973083,0.363284296463945,66.0,10.148250165198064
risk,0.85,both,0.4699672162532806,0.730612608254906,43.0,8.661824196767292
risk,0.9,unconstrained,0.5403291881084442,0.5602862812701983,58.0,14.317058738183093
risk,0.9,single_risk,0.5149587392807007,0.9058099095158384,40.0,9.061804871181192
risk,0.9,monotonic,0.553881362080574,0.5807176321252543,48.0,10.24367435107054
risk,0.9,both,0.5193306058645248,0.9083393117679034,40.0,7.95841050681933
risk,0.95,unconstrained,0.5294180512428284,0.8302407635391834,43.0,12.097357787791616
risk,0.95,single_risk,0.4703726470470428,0.9977834167696396,40.0,6.793612533895752
risk,0.95,monotonic,0.5458786487579346,0.8498507888722899,42.0,10.725478060440498
risk,0.95,both,0.4941112995147705,0.9976531367914496,40.0,6.745957711442786
intervention,EDGE,unconstrained,0.4200884252786636,1.0,40.0,6.861790958825223
intervention,EDGE,single_risk,0.4213501811027527,1.0,40.0,6.787356321839081
intervention,EDGE,monotonic,0.4439222812652588,1.0,40.0,6.788245986064829
intervention,EDGE,both,0.4497832953929901,1.0,40.0,6.739306899781455
intervention,0.8,unconstrained,0.530950203537941,0.4892587581041823,53.0,12.03663892599518
intervention,0.8,single_risk,0.4711496233940124,0.499969997245509,58.0,10.57770343067763
intervention,0.8,monotonic,0.5077061355113983,0.5453423724071889,46.0,9.737096052456952
intervention,0.8,both,0.4936717599630356,0.553096239711586,50.0,8.36536247763554
intervention,0.85,unconstrained,0.4964408427476883,0.6501376484418833,44.0,13.599068075657982
intervention,0.85,single_risk,0.4737256020307541,0.6491342053601155,49.0,11.21277298240649
intervention,0.85,monotonic,0.4957311153411865,0.723001563672207,44.0,10.148250165198064
intervention,0.85,both,0.4931931495666504,0.733485969369217,41.0,8.661824196767292
intervention,0.9,unconstrained,0.4355947077274322,0.9153282427392588,40.0,14.317058738183093
intervention,0.9,single_risk,0.4468136429786682,0.9351508220021224,40.0,9.061804871181192
intervention,0.9,monotonic,0.4601193517446518,0.9406337227762914,40.0,10.24367435107054
intervention,0.9,both,0.4280920028686523,0.9409018802147052,40.0,7.95841050681933
intervention,0.95,unconstrained,0.4590557813644409,0.9985244293624378,40.0,12.097357787791616
intervention,0.95,single_risk,0.4310576915740967,0.998585998129216,40.0,6.793612533895752
intervention,0.95,monotonic,0.4515289515256881,0.99882192707567,40.0,10.725478060440498
intervention,0.95,both,0.4557010978460312,0.9986554989775138,40.0,6.745957711442786
all_concepts,EDGE,unconstrained,0.3060840964317322,1.0,64.0,6.861790958825223
all_concepts,EDGE,single_risk,0.3043414279818535,1.0,62.0,6.787356321839081
all_concepts,EDGE,monotonic,0.3080680593848228,1.0,61.0,6.788245986064829
all_concepts,EDGE,both,0.3074493631720543,1.0,61.0,6.739306899781455
all_concepts,0.8,unconstrained,0.3780267536640167,0.4246792300796205,109.0,12.03663892599518
all_concepts,0.8,single_risk,0.3945150524377823,0.4560301625778722,102.0,10.57770343067763
all_concepts,0.8,monotonic,0.3876021951436996,0.4962761469823251,99.0,9.737096052456952
all_concepts,0.8,both,0.3865845948457718,0.513922198739044,98.0,8.36536247763554
all_concepts,0.85,unconstrained,0.3766130805015564,0.5379485537791294,94.0,13.599068075657982
all_concepts,0.85,single_risk,0.3674831390380859,0.6157731664470136,100.0,11.21277298240649
all_concepts,0.85,monotonic,0.3837045729160309,0.6389045551660909,87.0,10.148250165198064
all_concepts,0.85,both,0.3644327670335769,0.6762575465559231,87.0,8.661824196767292
all_concepts,0.9,unconstrained,0.35725998878479,0.8370287637677231,76.0,14.317058738183093
all_concepts,0.9,single_risk,0.3298479914665222,0.8836741549794501,74.0,9.061804871181192
all_concepts,0.9,monotonic,0.3366372585296631,0.8783106857536277,72.0,10.24367435107054
all_concepts,0.9,both,0.3488297313451767,0.8976879046692977,68.0,7.95841050681933
all_concepts,0.95,unconstrained,0.2658843845129013,0.9884074970185356,66.0,12.097357787791616
all_concepts,0.95,single_risk,0.2964912801980972,0.9985459641891038,61.0,6.793612533895752
all_concepts,0.95,monotonic,0.3141887485980987,0.9983984908826976,62.0,10.725478060440498
all_concepts,0.95,both,0.3117391616106033,0.99900110755086,62.0,6.745957711442786
problem_analysis,EDGE,unconstrained,0.466359481215477,1.0,40.0,6.861790958825223
problem_analysis,EDGE,single_risk,0.4434771835803985,1.0,40.0,6.787356321839081
problem_analysis,EDGE,monotonic,0.4531171321868896,1.0,40.0,6.788245986064829
problem_analysis,EDGE,both,0.4495115727186203,1.0,40.0,6.739306899781455
problem_analysis,0.8,unconstrained,0.486846387386322,0.3231051650503831,61.0,12.03663892599518
problem_analysis,0.8,single_risk,0.5249010026454926,0.4593177361279533,59.0,10.57770343067763
problem_analysis,0.8,monotonic,0.5186579823493958,0.3977329286613772,54.0,9.737096052456952
problem_analysis,0.8,both,0.5089161396026611,0.4433954080183397,52.0,8.36536247763554
problem_analysis,0.85,unconstrained,0.4999673813581466,0.4421560669839996,58.0,13.599068075657982
problem_analysis,0.85,single_risk,0.5378205329179764,0.5734911271691753,43.0,11.21277298240649
problem_analysis,0.85,monotonic,0.5249892175197601,0.5310349912003992,47.0,10.148250165198064
problem_analysis,0.85,both,0.5204304903745651,0.5902527717872701,43.0,8.661824196767292
problem_analysis,0.9,unconstrained,0.4694752246141433,0.710394343577031,40.0,14.317058738183093
problem_analysis,0.9,single_risk,0.4867147952318191,0.8397587835397233,40.0,9.061804871181192
problem_analysis,0.9,monotonic,0.48230741918087,0.8042855623974084,40.0,10.24367435107054
problem_analysis,0.9,both,0.4822638183832168,0.8697681762761749,40.0,7.95841050681933
problem_analysis,0.95,unconstrained,0.4413648843765259,0.9707671576313556,40.0,12.097357787791616
problem_analysis,0.95,single_risk,0.4593249708414078,0.9973683980102156,40.0,6.793612533895752
problem_analysis,0.95,monotonic,0.4397119879722595,0.9977138821591964,40.0,10.725478060440498
problem_analysis,0.95,both,0.4735385030508041,0.9984398336618586,40.0,6.745957711442786
theoretical_insight,EDGE,unconstrained,0.4077548384666443,1.0,40.0,6.861790958825223
theoretical_insight,EDGE,single_risk,0.3929056972265243,1.0,40.0,6.787356321839081
theoretical_insight,EDGE,monotonic,0.3978018909692764,1.0,40.0,6.788245986064829
theoretical_insight,EDGE,both,0.3826689720153808,1.0,40.0,6.739306899781455
theoretical_insight,0.8,unconstrained,0.4786590486764908,0.4599726534359108,50.0,12.03663892599518
theoretical_insight,0.8,single_risk,0.472813218832016,0.5137262541873682,51.0,10.57770343067763
theoretical_insight,0.8,monotonic,0.4658544063568115,0.5135363926332119,44.0,9.737096052456952
theoretical_insight,0.8,both,0.4179163426160812,0.555374572923712,44.0,8.36536247763554
theoretical_insight,0.85,unconstrained,0.4327280819416046,0.5885613932131952,45.0,13.599068075657982
theoretical_insight,0.85,single_risk,0.4166427701711654,0.6594008435746607,40.0,11.21277298240649
theoretical_insight,0.85,monotonic,0.4303925037384033,0.6571677276857538,40.0,10.148250165198064
theoretical_insight,0.85,both,0.4287326782941818,0.7198638625940292,40.0,8.661824196767292
theoretical_insight,0.9,unconstrained,0.4051547646522522,0.8478471418416904,40.0,14.317058738183093
theoretical_insight,0.9,single_risk,0.3867331594228744,0.8986569713631294,40.0,9.061804871181192
theoretical_insight,0.9,monotonic,0.4122436791658401,0.8790865376140435,40.0,10.24367435107054
theoretical_insight,0.9,both,0.4291419684886932,0.9024780608233218,40.0,7.95841050681933
theoretical_insight,0.95,unconstrained,0.3742752075195312,0.9934799378727512,40.0,12.097357787791616
theoretical_insight,0.95,single_risk,0.3913126587867737,0.9992984122826052,40.0,6.793612533895752
theoretical_insight,0.95,monotonic,0.3679838329553604,0.9986238810979974,40.0,10.725478060440498
theoretical_insight,0.95,both,0.3885068595409393,0.999017431142952,40.0,6.745957711442786
design_rationale,EDGE,unconstrained,0.3605238795280456,1.0,40.0,6.861790958825223
design_rationale,EDGE,single_risk,0.3657724559307098,1.0,40.0,6.787356321839081
design_rationale,EDGE,monotonic,0.4008439183235168,1.0,40.0,6.788245986064829
design_rationale,EDGE,both,0.3978550136089325,1.0,40.0,6.739306899781455
design_rationale,0.8,unconstrained,0.4727051556110382,0.4936724536351974,43.0,12.03663892599518
design_rationale,0.8,single_risk,0.4719841778278351,0.5000393525965381,42.0,10.57770343067763
design_rationale,0.8,monotonic,0.4532527923583984,0.5340200383289672,41.0,9.737096052456952
design_rationale,0.8,both,0.3848444819450378,0.5575638350286397,40.0,8.36536247763554
design_rationale,0.85,unconstrained,0.4623227417469024,0.5952795847556298,40.0,13.599068075657982
design_rationale,0.85,single_risk,0.4439111351966858,0.6305505009951449,41.0,11.21277298240649
design_rationale,0.85,monotonic,0.4422543048858642,0.6827942551667266,40.0,10.148250165198064
design_rationale,0.85,both,0.4103128015995025,0.7269072298524885,40.0,8.661824196767292
design_rationale,0.9,unconstrained,0.4103822708129883,0.9026801998124908,40.0,14.317058738183093
design_rationale,0.9,single_risk,0.367958515882492,0.9287202511421928,40.0,9.061804871181192
design_rationale,0.9,monotonic,0.3970120698213577,0.920516694690054,40.0,10.24367435107054
design_rationale,0.9,both,0.3820559829473495,0.9562901417299652,40.0,7.95841050681933
design_rationale,0.95,unconstrained,0.3501714020967483,0.9966739495603136,40.0,12.097357787791616
design_rationale,0.95,single_risk,0.3631477504968643,0.999410594932983,40.0,6.793612533895752
design_rationale,0.95,monotonic,0.3581405878067016,0.9986753891667028,40.0,10.725478060440498
design_rationale,0.95,both,0.3660895079374313,0.998754456305042,40.0,6.745957711442786
implementation_mechanism,EDGE,unconstrained,0.4250656217336654,1.0,40.0,6.861790958825223
implementation_mechanism,EDGE,single_risk,0.3993549048900604,1.0,40.0,6.787356321839081
implementation_mechanism,EDGE,monotonic,0.4052297472953796,1.0,40.0,6.788245986064829
implementation_mechanism,EDGE,both,0.3955676853656769,1.0,40.0,6.739306899781455
implementation_mechanism,0.8,unconstrained,0.4748826324939728,0.4876210548694267,52.0,12.03663892599518
implementation_mechanism,0.8,single_risk,0.4983018934726715,0.4825218957437115,49.0,10.57770343067763
implementation_mechanism,0.8,monotonic,0.4882283210754394,0.5738311444937481,42.0,9.737096052456952
implementation_mechanism,0.8,both,0.4546392410993576,0.5944196877915872,44.0,8.36536247763554
implementation_mechanism,0.85,unconstrained,0.4870753884315491,0.639030534193118,40.0,13.599068075657982
implementation_mechanism,0.85,single_risk,0.4913368672132492,0.664567210097277,41.0,11.21277298240649
implementation_mechanism,0.85,monotonic,0.4753975868225097,0.7451616333263478,40.0,10.148250165198064
implementation_mechanism,0.85,both,0.4909674078226089,0.7527647585560822,40.0,8.661824196767292
implementation_mechanism,0.9,unconstrained,0.4500853568315506,0.902319918511188,40.0,14.317058738183093
implementation_mechanism,0.9,single_risk,0.4539382755756378,0.9300991955801484,40.0,9.061804871181192
implementation_mechanism,0.9,monotonic,0.4507678002119064,0.930855730489816,40.0,10.24367435107054
implementation_mechanism,0.9,both,0.4616146087646484,0.9421216336556664,40.0,7.95841050681933
implementation_mechanism,0.95,unconstrained,0.4040181338787079,0.9968760147313428,40.0,12.097357787791616
implementation_mechanism,0.95,single_risk,0.422043889760971,0.998960800076743,40.0,6.793612533895752
implementation_mechanism,0.95,monotonic,0.4189316034317016,0.9985534338071922,40.0,10.725478060440498
implementation_mechanism,0.95,both,0.431873619556427,0.9991380460133196,40.0,6.745957711442786
validation_evidence,EDGE,unconstrained,0.4250119924545288,1.0,40.0,6.861790958825223
validation_evidence,EDGE,single_risk,0.4051278382539749,1.0,40.0,6.787356321839081
validation_evidence,EDGE,monotonic,0.4164203107357025,1.0,40.0,6.788245986064829
validation_evidence,EDGE,both,0.4112739711999893,1.0,40.0,6.739306899781455
validation_evidence,0.8,unconstrained,0.4495785981416702,0.5940520590953611,40.0,12.03663892599518
validation_evidence,0.8,single_risk,0.4800420701503753,0.6053372041401899,44.0,10.57770343067763
validation_evidence,0.8,monotonic,0.4860376715660095,0.6683121439562253,40.0,9.737096052456952
validation_evidence,0.8,both,0.4581232517957687,0.68410323301236,40.0,8.36536247763554
validation_evidence,0.85,unconstrained,0.4338901937007904,0.7246374583877481,40.0,13.599068075657982
validation_evidence,0.85,single_risk,0.4436255842447281,0.7260656702670998,40.0,11.21277298240649
validation_evidence,0.85,monotonic,0.4241286963224411,0.7758793891974453,40.0,10.148250165198064
validation_evidence,0.85,both,0.4279445856809616,0.7716943197814028,40.0,8.661824196767292
validation_evidence,0.9,unconstrained,0.4451750963926315,0.9349955120946462,40.0,14.317058738183093
validation_evidence,0.9,single_risk,0.3993701189756393,0.956335510079628,40.0,9.061804871181192
validation_evidence,0.9,monotonic,0.4304598271846771,0.9450571265007166,40.0,10.24367435107054
validation_evidence,0.9,both,0.4315672814846039,0.954172718991059,40.0,7.95841050681933
validation_evidence,0.95,unconstrained,0.4048812985420227,0.9983493278735384,40.0,12.097357787791616
validation_evidence,0.95,single_risk,0.4097686856985092,0.9987595628201856,40.0,6.793612533895752
validation_evidence,0.95,monotonic,0.4061005562543869,0.9980847218988108,40.0,10.725478060440498
validation_evidence,0.95,both,0.4005654454231262,0.9991147468325192,40.0,6.745957711442786
