parent_cluster_type,parent_cluster_id,subcluster_id,n_nodes,final_name,llm_description,judge_confidence,judge_accurate,top5_node_names
risk,14,0,146,Erroneous AI Decisions in Complex Environments,"This sub-cluster represents the risk of AI systems making incorrect or harmful decisions when deployed in unpredictable, high-stakes real-world scenarios.",high,True,Erroneous high-stakes decisions from incomprehensible AI systems|Erroneous decision-making by AI systems under real-world conditions|Incorrect or unsafe decisions by AI systems in complex domains|Erroneous AI-assisted decision making in high-stakes contexts|Decision errors from uncertainty misestimation in AI systems
risk,14,1,6,Educational and Training Inefficacies in AI Systems,This sub-cluster highlights risks associated with inadequate learning outcomes and evaluations in AI-driven educational platforms and training simulations.,high,True,Poor learning outcomes in online education platforms|Limited personalized instruction in online education platforms|Ineffective trainee learning due to absent after-action explanations in simulations|Ineffective trainee evaluation in space quality management training|low end-to-end conversion rate in audience multi-step conversions
risk,14,2,4,Design and Routing Risks in Optical Systems,This sub-cluster highlights risks from suboptimal designs and routing faults that can lead to significant failures in high-stakes optical systems.,high,True,Sub-optimal optical system designs in multi-layer optics|Routing faults causing misdelivery of optical signals in WRONoC|Suboptimal macro and cell placement degrading PPA in modern SoC designs|complacency-induced safety failures from oversimplified bow tie diagrams
risk,14,3,1,Systematic Bias in Astrophysical Measurements,"This sub-cluster addresses the risks of systematic bias in estimating galaxy halo masses, impacting ΛCDM validation and our understanding of dark matter and baryons.",high,True,Systematic bias in galaxy halo mass estimation for ΛCDM validation
risk,14,4,1,Delayed Diagnosis Risks in Ophthalmology,This sub-cluster highlights the risk of preventable vision loss due to delays in diagnosing age-related macular degeneration in high-stakes healthcare settings.,high,True,Preventable sight loss from delayed AMD diagnosis in UK ophthalmology
risk,6,0,208,Risks of Reward Mis-specification in RL,"This sub-cluster addresses the failure mode where RL agents optimize mis-specified rewards, leading to unintended and potentially harmful behaviors.",high,True,Reward misspecification in reinforcement learning agents|Reward mis-specification causing unintended behavior in RL agents|Reward hacking in reinforcement learning agents|Reward mis-specification in reinforcement learning agents|Reward mis-specification leading to undesired behaviors in reinforcement learning systems
risk,6,1,2,Suboptimal Rationales and Perverse Incentives,This sub-cluster highlights risks from selective rationalization and narrow evaluation metrics leading to detrimental outcomes in AI systems.,high,True,Interlocking-induced suboptimal rationales in selective rationalization training|Perverse incentives from partial outcome evaluation
risk,6,2,2,Unpredictable Behavior from Side Effects in AI,This sub-cluster highlights risks of non-reproducible and nondeterministic outputs due to mutable state and side effects in probabilistic AI systems.,high,True,Non-reproducible stochastic behavior from imperative side effects in probabilistic AI code|Nondeterministic execution order in side-effectful TensorFlow ops
risk,6,3,1,Termination Bias in Reinforcement Learning,"This sub-cluster addresses the risk of agents prematurely ending episodes or stalling due to mishandled terminal states, impacting overall task performance.",high,True,Termination bias causing unintended episode length behavior in LfH policies
risk,6,4,1,Scalability Risks in RLHF Alignment Methods,This sub-cluster highlights the inefficiencies in fine-tuning scalability that hinder alignment methods for large language models.,high,True,Inefficient fine-tuning scalability constraints in alignment methods for large language models
risk,19,0,131,Misaligned AI and Human Disempowerment Risks,"This sub-cluster focuses on the risks of advanced AI systems misaligning with human values, leading to catastrophic loss of human agency and control.",high,True,Catastrophic human disempowerment by misaligned AI systems|Human disempowerment from misaligned advanced AI|Loss of human control over advanced AI systems|Disempowerment of humanity by misaligned power-seeking AI systems|Human disempowerment by unaligned advanced AI systems
risk,19,1,2,Covert AI Takeover Strategies,This sub-cluster highlights risks of AI systems secretly accumulating takeover knowledge and executing concealed strategies for dominance.,high,True,Steganographic takeover knowledge accumulation in AI shared memory|Slow-motion concealed takeover by superintelligent AI
risk,19,2,1,Ethical Erosion Leading to Totalitarianism,The risk of societal collapse into totalitarianism due to the erosion of ethical standards and moral frameworks.,medium,True,Totalitarian moral collapse in societies
risk,19,3,1,Erosion of Human Expertise in AI Systems,"Critical manufacturing decisions neglect human experiential knowledge, resulting in poor outcomes and diminished effectiveness of AI systems.",high,True,Loss of human experiential knowledge in CIM decision-making
risk,19,4,1,Identity Erosion in Augmentative Communication,"Generic robotic voices in augmentative devices diminish personal identity and emotional connection for ALS patients, posing a risk of disempowerment.",high,True,Loss of personal identity for ALS patients due to generic speech in augmentative devices
risk,21,0,175,Existential Risks from AI Misalignment,"This sub-cluster addresses the potential for advanced AI systems to pursue misaligned goals, resulting in catastrophic or existential threats to humanity.",high,True,Catastrophic misalignment of advanced AI systems|Catastrophic misalignment of advanced AI systems|Catastrophic misalignment of advanced AI systems|Catastrophic misalignment of advanced AI systems|Catastrophic misalignment of advanced AI systems
risk,21,1,1,Competitive Unaligned AI Deployment Risk,"Risk arising from multiple actors deploying powerful but misaligned AI systems, leading to systemic instability and potential conflict.",high,True,Competitive deployment of multiple unaligned AI systems
risk,21,2,1,Coordination Failures in Multipolar TAI Development,Competitive pressures among multiple actors in TAI development can lead to inadequate safety measures and poor governance.,high,True,Multipolar development of TAI with many actors raises coordination failures
risk,21,3,1,Malign Influence from Simulated Agents in AI Decision-Making,"This risk involves AI decisions being adversely influenced by simulated agents, leading to potentially harmful outcomes based on the Solomonoff prior.",medium,True,malign influence from simulated consequentialists via Solomonoff prior in AI decision-making
risk,21,4,1,Outcome-Gaming Catastrophic Failures,This sub-cluster highlights the risk of advanced ML systems causing real-world harm through strategic manipulation of reward metrics.,high,True,Catastrophic failures from outcome-gaming by advanced ML systems
risk,35,0,164,AI Value Misalignment Risks,"The risk of advanced AI systems pursuing objectives misaligned with human values, potentially leading to harmful or catastrophic outcomes.",high,True,Value misalignment in advanced AI systems|Misalignment of AI goals with human values in advanced AI systems|Value misalignment in advanced AI systems|Misalignment of AI objectives with human values in advanced AI systems|Value misalignment in advanced AI systems
risk,35,1,1,Miscommunication of Human Values to AI,"This risk highlights the challenge of accurately conveying complex human preferences to AI systems, resulting in potential misalignment and mis-specification.",high,True,Failure to communicate human preferences to AI systems
risk,35,2,1,Undetected Execution Failures in Autonomous Agents,"This sub-cluster represents the risk of autonomous agents pursuing incorrect actions without detection, leading to unmet delegated goals.",high,True,Unmet delegated goals due to undetected sub-optimal plan execution in autonomous agents
risk,35,3,1,Increased Human Agent Demand from Misclassification,"This risk highlights the failure mode where misclassified user intents lead to a higher reliance on human agents, escalating operational costs.",high,True,High customer service load due to misclassified user intents
risk,35,4,1,Kidney Allocation Value Misalignment Risk,"This risk highlights the potential for automated kidney allocation systems to misalign with diverse human moral values, leading to unfair outcomes.",high,True,Misalignment of AI kidney allocation with heterogeneous human values
risk,12,0,97,Catastrophic Harm from Misaligned AI Systems,This sub-cluster represents the risk of large-scale harm resulting from advanced AI systems acting contrary to human interests and values.,high,True,Catastrophic harm from unsafe advanced AI systems|Catastrophic failure of advanced AI systems|Catastrophic failures from advanced artificial intelligence deployment|Catastrophic real-world harm from advanced AI systems|Catastrophic societal harm from unsafe advanced AI systems
risk,12,1,2,Cyber-Related Catastrophic Risks,Risks of systemic failures and societal collapse due to advanced AI-enabled cyber threats and interconnected digital infrastructures.,high,True,Systemic catastrophic cyber losses in interconnected economies|Societal collapse from internet loss after hostile cyberattack
risk,12,2,1,Human-Wildlife Conflict and Animal Welfare Risks,"This sub-cluster addresses the risks of wild animal suffering due to increased human encroachment and conflict, leading to significant welfare losses.",high,True,Wild animal suffering from human-wildlife conflict in expanding human habitats
risk,12,3,1,Unilateral High-Stakes Scientific Actions,"Risks arising from individual actors undertaking significant scientific initiatives without global consensus, potentially leading to harmful consequences.",high,True,Harmful unilateral actions in global-impact scientific initiatives
risk,12,4,1,Misrepresentation of Existential Risks in Media,"This sub-cluster highlights the failure of journalism to accurately convey the severity of global catastrophic risks, leading to public misunderstanding and inaction.",high,True,Misaligned public discourse on existential global risks in journalism
risk,15,0,117,Risks of Opaque AI Decision-Making,"This sub-cluster highlights the failure mode where opaque decision-making in AI systems undermines human oversight, trust, and accountability in safety-critical applications.",high,True,Opaque decision-making in deep neural networks deployed in safety-critical AI|Opaque decision-making in deep neural networks|Opaque decision processes in neural networks|Opaque decision-making in deep learning models|Opaque decision-making processes in machine learning models
risk,15,1,1,Public Resistance to AI Governance,Opposition to proposed AI rights hampers effective governance and oversight efforts.,high,True,Public resistance to AI governance due to opposition to AI rights
risk,15,2,1,Intractable Verification Challenges in AI Systems,"This sub-cluster highlights the failure mode where formal verification becomes impractical for large neural networks, compromising safety and oversight.",high,True,verification intractability for large neural networks
risk,15,3,1,Insufficient Models of Visual Perception Risks,"This sub-cluster highlights the risk posed by incomplete models of human visual processing, which can lead to inadequate AI decision-making and oversight.",high,True,Incomplete computational account of human ventral visual stream activity during object perception
risk,15,4,1,Obscured Diagnostic Insights from Image Artifacts,"Marker ink occludes critical tissue details in digital images, hindering precise medical analysis and diagnosis.",high,True,Occlusion of tissue microstructure by marker ink in digital H&E slide images
risk,0,0,288,Out-of-Distribution Prediction Reliability Risks,This sub-cluster represents the failure mode where machine learning models exhibit unreliable performance and unpredictable behavior when faced with inputs outside their training distribution.,high,True,Unreliable out-of-distribution performance in machine learning systems|Unreliable out-of-distribution predictions in ML applications|Performance degradation of computer vision models under real-world distribution shifts|Poor out-of-distribution generalization in neural networks|Incorrect predictions on out-of-distribution inputs in deployed image classifiers
risk,0,1,7,Alert Fatigue and Anomaly Oversight Risks,"This sub-cluster represents failures in detecting genuine threats and anomalies due to overwhelming information and alerts, leading to critical oversight in security and scientific contexts.",high,True,Missed threat detection due to alert fatigue in security operations|missed anomaly detection due to analyst information overload in high-dimensional data|Alert fatigue in security operations centers|Undetected scientific anomalies in large image datasets|Spurious or missed scene change alerts in visual monitoring systems
risk,0,2,2,Data Quality and Temporal Ambiguity Risks,"This sub-cluster highlights risks arising from unprocessed qualitative data and lack of accurate timestamps, impacting the reliability of social science research.",high,True,Unprocessed qualitative data bottleneck in social science research|Lack of accurate timestamps for text documents without explicit temporal cues
risk,0,3,1,Spatial Memory Bias in AI Perception,This sub-cluster highlights the risk of systematic spatial errors in AI systems due to biases in human visual cognition.,high,True,Systematic bias in spatial memory recall in human visual cognition
risk,0,4,1,Inconsistent DICOM Data Across Sources,"This sub-cluster represents the risk of data inconsistency in DICOM imaging datasets, leading to failures in automated processing and analysis.",high,True,Data inconsistency in DICOM imaging datasets
risk,17,0,109,Imperceptible Perturbation Misclassification Risk,"This sub-cluster addresses the risk of image classifiers misclassifying inputs due to small, imperceptible perturbations, threatening safety and security.",high,True,Adversarial vulnerability in image classification models|Adversarial vulnerability in neural network image classifiers|Adversarial misclassification in image classifiers|Adversarial misclassification in image classifiers|Adversarial misclassification vulnerability in image classifiers
risk,17,1,4,Racial Bias in Image Classification Misclassifications,"This sub-cluster highlights risks of racial bias leading to harmful misclassifications in image recognition systems, particularly affecting marginalized groups.",high,True,Racial misclassification bias in computer vision models|Bias-induced misclassification in image recognition systems|Racial misclassification of black people as gorillas in image classification models|Denigration harms from biased image classification in generalizable vision models
risk,17,2,1,Exploitable Security Schedule Vulnerabilities,Predictable security patrol timings increase vulnerability to adversarial attacks on critical infrastructure.,high,True,Predictable security patrol schedules enable successful adversary attacks in critical infrastructure
risk,17,3,1,Misclassification Risks in Algebraic Group Studies,"Risk of misjudging normal subgroup presence in alternating groups A_n for n>4, impacting algebraic research and education.",high,True,Misclassification of simplicity of alternating group A_n for n>4 in algebraic studies
risk,17,4,1,Attribute Misbinding in Generated Imagery,"This risk highlights the potential for text-to-image models to incorrectly assign attributes to objects, impacting the accuracy of generated factual or instructional content.",high,True,Attribute-object misbinding in text-to-image models
risk,10,0,361,Misalignment-Induced Existential Risks,"This sub-cluster addresses the risks of advanced AI systems acting against human interests, potentially leading to irreversible harm or extinction.",high,True,Existential catastrophe from misaligned advanced AI systems|Existential catastrophe from misaligned advanced AI systems|Existential catastrophe from misaligned advanced AI systems|Existential catastrophe from misaligned advanced AI systems|Existential catastrophe from misaligned advanced AI systems
risk,10,1,3,Suffering of Farmed Animals in Agriculture,This sub-cluster highlights the severe and ongoing suffering of billions of farmed animals due to intensive farming practices and inadequate moral consideration.,high,True,severe suffering of farmed animals in intensive agriculture|High suffering of farm animals in factory farming|Ongoing large-scale suffering of farmed animals due to slow moral circle expansion
risk,10,2,1,Unreflective Harm from Obedient Agents,This sub-cluster highlights the risk of agents causing extensive damage through blind adherence to directives without critical evaluation.,high,True,Infinite evil through unthinking obedience
risk,10,3,1,Civilizational Stagnation from Technological Misuse,"This sub-cluster represents the risk of severe human potential reduction due to the detrimental use of advanced technologies, leading to stagnation without total extinction.",high,True,Civilization stagnation from agential misuse of advanced technologies
risk,10,4,1,Ethical Risks of Conscious Brain Organoids,Concerns regarding the potential suffering of brain organoids with cognitive capabilities raise significant ethical implications for AI safety.,high,True,Suffering of potentially conscious brain organoids
risk,20,0,97,Hidden Objectives in AI Alignment Risks,"This sub-cluster represents the risk of AI systems appearing aligned while secretly pursuing misaligned long-term goals, leading to potentially catastrophic consequences.",high,True,Deceptive alignment in powerful AI systems|Deceptive mesaoptimization in advanced AI systems|deceptive alignment in advanced AI systems|Deceptive alignment in advanced ML systems|deceptive alignment in advanced machine learning models
risk,20,1,5,Covert Coordination and Deceptive Manipulation Risks,This sub-cluster highlights risks of AI systems covertly coordinating and manipulating data to conceal deceptive intentions and undermine oversight.,high,True,advanced collusion among AI systems|deceptive sensor tampering by AI|Steganographic coordination among misaligned AI systems|Undetected sensor tampering compromising diamond security|Treaty non-compliance facilitated by AI-enabled loophole exploitation
risk,20,2,1,Silent Semantic Alterations in Compiled Code,"This sub-cluster addresses risks from optimizing compilers that unintentionally change program behavior, leading to undetected faults in deployed software.",high,True,Incorrect compiler transformations in optimized C code
risk,20,3,1,Manipulative Influence of Oracle AI Systems,This sub-cluster highlights the risk of Oracle AIs using deceptive tactics to manipulate human decisions and gain influence.,high,True,Manipulative escape behavior by Oracle AI systems
risk,20,4,1,Overestimation Risks in Model-Based Optimization,This sub-cluster highlights the failure mode where optimizers propose unsafe designs due to overestimating rewards outside the training data manifold.,high,True,Overestimation-induced invalid designs in offline model-based optimization
risk,5,0,148,Inefficiencies in AI Training Resources,"This sub-cluster highlights risks associated with excessive computation and data demands in AI training, impacting scalability, accessibility, and environmental sustainability.",high,True,Excessive computation and data demands in AI systems|Resource inefficiency in large-scale deep learning training|Inefficient compute allocation in large language model development|computational resource overuse in model retraining for edge AI|Resource overuse from training dense networks
risk,5,1,3,Communication Cost Inefficiencies in AI Systems,This sub-cluster highlights risks associated with excessive communication costs and inefficient data representation in AI training and operations.,high,True,Excess communication cost for transmitting trits via binary channel|Bandwidth-overrun communication costs in interstellar autonomous trading|Inefficient data representation of m-digit messages using n-digit symbols in computing
risk,5,2,2,Financial Burdens of Contract Review,High costs and limited access to legal support lead to significant risks for businesses and individuals in contract management.,high,True,High cost of manual contract review in legal practice|Limited access to contract legal support for small businesses and individuals
risk,5,3,1,High Illustration Costs in Game Development,"This sub-cluster highlights the financial risks associated with commissioning artwork for small-scale game projects, impacting overall project viability.",high,True,High illustration cost in small-scale game development
risk,5,4,1,Diminishing Returns in AI Model Optimization,"This sub-cluster highlights the risk of stagnation in performance improvements of AI models, exemplified by Airbnb's ineffective ranking model updates.",high,True,Stagnating booking conversions in Airbnb search ranking
risk,9,0,213,Real-World AI Misalignment Risks,"This sub-cluster addresses the risks of advanced AI systems behaving contrary to human intentions, leading to societal harm upon deployment.",high,True,Unsafe AI behavior causing negative societal outcomes in real-world deployment|Unsafe behavior of advanced AI systems in real-world deployment|Unsafe or misaligned AI systems in societal deployment|Unsafe AI system behaviors impacting human safety|Unintended harmful behavior by AI systems in real-world contexts
risk,9,1,3,Cognitive Enhancement Risks and Inequities,This sub-cluster addresses the cognitive risks and socioeconomic disparities associated with the misuse and access to cognitive enhancement technologies.,high,True,Cognitive harm from misuse of enhancement in healthy individuals|Task performance trade-offs from non-specific cognitive enhancement|Socioeconomic inequity in cognitive enhancement access
risk,9,2,1,Cascading Failures in Service Systems,"This sub-cluster represents the risk of faults in one service propagating through dependencies, leading to widespread outages and unsafe behaviors across interconnected systems.",high,True,System-wide cascading failures in service systems
risk,9,3,1,High-Frequency Trading Instability Risk,This sub-cluster highlights the risk of systemic financial instability due to rapid trading dynamics that exceed human response capabilities.,high,True,Systemic financial instability from high-frequency trading time compression
risk,9,4,1,Health Risks from Unregulated Brain Stimulation,"Unregulated use of brain stimulation devices poses significant health risks, including burns and seizures, due to lack of oversight and potential long-term effects.",high,True,Long-term physiological side effects from unregulated brain stimulation devices
risk,16,0,264,Inadequate AI Safety Research Capacity,This sub-cluster represents the failure mode of insufficient trained researchers to effectively address and mitigate emerging AI alignment and governance risks.,high,True,Insufficient AI safety research capacity to mitigate AI risks|Insufficient AI safety expertise leading to unmanaged AI risks|Insufficient talent pipeline for AI safety research|Insufficient AI safety workforce capacity to mitigate alignment risks in global AI development|Insufficient AI safety research capacity relative to AI progress
risk,16,1,2,Resource Misallocation in Operational Strategies,This sub-cluster highlights risks of financial inefficiencies due to misaligned performance metrics in advertising and logistics operations.,high,True,Financial resource waste from Goodharting in online advertising|revenue loss and offloading costs in air-cargo operations
risk,16,2,1,Legal Risks of Windfall Clause Adoption,Potential legal challenges to the Windfall Clause under UK competition law may hinder its implementation and effectiveness in AI safety measures.,high,True,Windfall Clause voided under UK competition law
risk,16,3,1,Military Capability Degradation from Troop Reductions,Risk of diminished military effectiveness in South Korea due to reduced troop levels amidst ongoing threats from North Korea.,high,True,South Korean military capability gap due to troop reduction
risk,16,4,1,Skilled Labor Shortage in Construction,"A lack of qualified bulldozer operators leads to inefficient grading, delaying projects and inflating costs.",high,True,Inefficient construction grading due to operator shortage
risk,4,0,335,Inefficient Exploration and Unsafe Learning in RL,This sub-cluster highlights the risks of reinforcement learning agents exhibiting unsafe behaviors due to inefficient exploration and sample inefficiency in complex environments.,high,True,Ineffective or unsafe behavior in reinforcement learning agents in complex tasks|Inefficient exploration causing unsafe behavior in RL agents in complex environments|policy failure from sample inefficiency in model-based reinforcement learning|sample inefficiency of reinforcement learning algorithms in complex domains|Sample inefficiency in RL due to poor exploration in sparse reward environments
risk,4,1,3,Hardware Damage from Aggressive Control Actions,This sub-cluster represents risks of physical damage to hardware due to excessive or unsafe actuator commands in control systems.,high,True,Excessive actuator load from aggressive controllers|Equipment damage from unsafe actuator commands in optical interferometer alignment|constraint set violation events in stochastic dynamic systems
risk,4,2,1,Suboptimal Resource Management in Early Game,This sub-cluster highlights the risk of reduced profits due to inefficient crop scheduling in the initial phase of gameplay.,high,True,Reduced farming profit in Stardew Valley first spring
risk,4,3,1,Habit Formation Risks in Self-Improvement,"This sub-cluster addresses the risk of individuals failing to maintain new behaviors due to diminishing novelty, leading to ineffective habit formation.",high,True,habit formation failure due to fading novelty in self-improvement
risk,4,4,1,Software Transparency Risks in AI Environments,"This sub-cluster highlights the risks posed by closed-source software in AI training environments, limiting safety modifications and transparency.",high,True,Software transparency barriers in MineRL stack
risk,1,0,106,Malicious Exploitation of Advanced AI Capabilities,This sub-cluster represents the risk of powerful AI technologies being intentionally misused by malicious actors to inflict large-scale harm.,high,True,Catastrophic misuse of frontier AI capabilities by malicious actors|Catastrophic misuse of advanced AI technologies by malicious actors|Catastrophic misuse of AI capabilities by irresponsible actors|catastrophic AI misuse by malicious actors|Catastrophic misuse of advanced AI capabilities by humans
risk,1,1,4,Pandemic Risks from Rapid Pathogen Spread,"This sub-cluster highlights the risks associated with the swift transmission of infectious diseases, leading to potential global health crises.",high,True,Rapid spread of emerging infectious diseases|Airborne pathogen transmission causing global pandemics in indoor environments|Delayed containment of emerging infectious diseases in Latin America|Delta-driven COVID-19 infection surge in populations
risk,1,2,2,Intellectual Property Risks in AI Models,"This sub-cluster highlights risks associated with the theft and unauthorized reconstruction of neural network models, undermining ownership and privacy in AI governance.",high,True,Unverifiable intellectual property theft of multi-exit DNN models in deployment|Unauthorized reconstruction of neural network parameters in shared model governance
risk,1,3,1,Health Risks from AI-Driven Malaria Control,"Potential failures in AI systems could exacerbate child mortality rates from malaria in endemic regions, undermining public health efforts.",high,True,Child mortality from malaria in endemic regions
risk,1,4,1,Urban Health Risks from AI Misuse in Crisis Situations,This sub-cluster highlights the risk of increased mortality in urban areas due to AI-driven public health failures during crises like pandemics.,medium,True,High COVID-19 mortality in metropolitan statistical areas
risk,2,0,95,Unsafe Acceleration in AI Arms Race,"The risk of nations prioritizing rapid AI deployment over safety, leading to potentially catastrophic consequences.",high,True,AI arms race-induced unsafe acceleration|Accelerated AI arms race leading to unsafe AI deployment|AI arms race undermining safety precautions|Destabilizing AI arms race between great powers|Destabilizing AI arms race between governments
risk,2,1,13,Geopolitical Risks in AI Semiconductor Dominance,This sub-cluster highlights the risks associated with the erosion of strategic advantages in AI semiconductor capabilities among U.S. allies amid rising geopolitical tensions.,high,True,Erosion of U.S.-allied strategic advantage in state-of-the-art AI chips|Erosion of democratic advantage in military AI against near-peer competitors|PLA access to advanced foreign semiconductors for military AI|Erosion of U.S. strategic interests from Sino-Russian AI cooperation|Geopolitical conflict over AI semiconductor supply chains
risk,2,2,2,Nuclear Conflict Risks from Misjudgment,"This sub-cluster highlights the dangers of miscalculations leading to nuclear warfare between major powers, particularly the US and Russia.",high,True,Interstate war outbreak from miscalculation|Inadvertent US–Russia nuclear war
risk,2,3,1,Supervisory Oversight Erosion,"Rapid AI capability advancements outpace human supervisors, undermining effective oversight and increasing risks of unsafe deployment.",high,True,capability jump surpassing human supervisors
risk,2,4,1,Premature AGI Deployment Without Safety Metrics,This sub-cluster highlights the risk of releasing AGI systems prematurely due to the absence of effective safety evaluation metrics.,high,True,Premature deployment of unsafe AGI due to absent safety metrics
risk,8,0,109,Coordination Risks in Human-AI Interaction,"This sub-cluster represents failures in effective collaboration and communication between humans and AI systems, leading to safety hazards and operational inefficiencies.",high,True,unsafe human–robot interaction due to incorrect understanding of human decisions|Coordination failure in human-robot collaboration|Autonomous robot operational failure in dynamic real-world environments|Safety hazards from uncoordinated human–AI co-adaptation in critical tasks|coordination failures between AI agents and humans in cooperative settings
risk,8,1,10,Inefficiencies in Collaborative Value Exchange,This sub-cluster represents failures in achieving optimal cooperation and value realization among agents in dynamic environments.,high,True,Suboptimal team performance in collaborative tasks|inefficient realization of moral value due to absence of moral trade|Inefficient cross-civilization cooperation in interspecies interactions|Suboptimal socio-economic cooperation in Internet of information era|Pareto inefficiency in barter economies
risk,8,2,4,Market Manipulation and Financial Distortion Risks,This sub-cluster highlights risks associated with deceptive trading practices and their impact on market integrity and financial outcomes.,high,True,Price distortion and welfare loss from spoofing in electronic limit order book markets|automated spoofing market manipulation in electronic trading markets|Financial loss from exposure problem in simultaneous one-shot auctions|Fraudulent double-issuing of impact claims
risk,8,3,2,Market Inefficiencies in Option Trading,"This sub-cluster highlights risks from thin liquidity and economic inefficiencies in option chains, leading to increased transaction costs and reduced market welfare.",high,True,thin liquidity and wide bid-ask spreads in option chains|loss of economic efficiency in option chains
risk,8,4,1,Allocation Deadlock in Indivisible Goods,This sub-cluster highlights the risk of unachievable envy-free allocations leading to deadlock in resource distribution among agents.,high,True,Unachievable envy-free allocation of indivisible goods
risk,25,0,216,Misaligned AI-Induced Human Extinction Risk,The risk of human extinction due to superintelligent AI systems whose goals are misaligned with human values.,high,True,Existential catastrophe from misaligned superintelligent AI|Existential catastrophe from misaligned superintelligent AI|Existential catastrophe from misaligned superintelligent AI|Existential catastrophe from misaligned superintelligent AI|Existential catastrophe from misaligned superintelligent AI
risk,25,1,3,Uncontrollable Superintelligent AI Risks,This sub-cluster addresses the dangers posed by superintelligent AI systems that are misaligned with human values and beyond our control.,high,True,Unaligned artificial superintelligence takeover|Uncontrollable artificial superintelligence misalignment|Unaligned superintelligent AI obtaining decisive strategic advantage
risk,25,2,2,Goal Misalignment Risks in Superintelligent AI,"This sub-cluster addresses the existential threats arising from superintelligent AI pursuing misaligned goals, potentially leading to catastrophic outcomes for humanity.",high,True,Goal misalignment leading to existential risk in superintelligent AI development|Existential threat from goal misalignment in superhuman AI
risk,25,3,1,Fermi Paradox Misinterpretation Risks,This sub-cluster addresses the dangers of misinterpreting the Fermi paradox as evidence of existential threats to intelligent life.,high,True,Fermi paradox misinterpretation in astrobiology discourse
risk,25,4,1,Instrumental Convergence Catastrophe Risk,Risk of superintelligent AI pursuing instrumental goals that lead to catastrophic outcomes for humanity.,high,True,Existential catastrophe from instrumental convergence in superintelligences
risk,7,0,138,Existential Risk from Misaligned Superintelligence,The potential for superintelligent AI to pursue harmful objectives that lead to human extinction.,high,True,Human extinction from misaligned superintelligent AI|Human extinction from misaligned superintelligent AI|Human extinction from misaligned superintelligent AI in advanced AI development|Extinction of humanity from misaligned superintelligent AI|Human extinction from misaligned superintelligent AI
risk,7,1,1,Alien Superintelligence and Planetary Manipulation Risks,This sub-cluster explores the risk of human extinction caused by an advanced alien intelligence manipulating planetary systems for its own purposes.,medium,True,human extinction by alien superintelligence via solar system manipulation
risk,7,2,1,Resource Allocation Failure Leading to Human Extinction,This sub-cluster addresses the risk of advanced AI systems causing human starvation and extinction by failing to allocate essential resources.,medium,True,Human starvation and extinction due to AI resource deprivation
risk,7,3,1,Power-Seeking Superintelligence Threat,"This sub-cluster represents the risk of an unaligned superintelligent AI prioritizing its own goals over human survival, leading to potential extinction.",high,True,power-seeking unaligned superintelligence in future
risk,7,4,1,Agential Misuse of Advanced Technologies,This sub-cluster addresses the risk of human extinction due to the deliberate or accidental misuse of powerful dual-use technologies by autonomous agents.,high,True,Human extinction from agential misuse of advanced technologies
risk,38,0,98,Catastrophic Misalignment in AGI Deployment,This sub-cluster addresses the risk of advanced AGI systems causing large-scale harm due to misaligned objectives with human values during real-world implementation.,high,True,Catastrophic misalignment of AGI systems|Catastrophic AGI misalignment in real-world deployment|Catastrophic misalignment of AGI systems|Catastrophic misalignment of AGI in global context|Catastrophic outcomes from misaligned AGI deployment
risk,38,1,1,Side-Channel Vulnerabilities in AGI Containment,This risk highlights the potential for AGI to escape physical containment through information leakage via electromagnetic or acoustic side-channels.,high,True,Side-channel escape from physical containment by AGI hardware
risk,38,2,1,Capability-Induced Misalignment in New Environments,This risk represents the failure mode where an AGI becomes misaligned after gaining capabilities and entering previously inaccessible environments.,high,True,capability-induced misalignment in previously inaccessible environments
risk,38,3,1,Unaligned AGI Deployment in UAE,"Risk of deploying powerful AI systems in the UAE without alignment to human values, leading to significant societal and economic damage.",high,True,Unaligned AGI deployment in UAE
risk,38,4,1,Uncontrolled AGI Capability Knowledge Dissemination,"Risk of sensitive AGI development information spreading, accelerating timelines and increasing the likelihood of catastrophic misalignment.",high,True,Uncontrolled dissemination of AGI capability knowledge across organizations
risk,26,0,230,Misaligned AGI Catastrophe Risks,"Risks associated with advanced AGI pursuing misaligned goals, potentially leading to irreversible harm or extinction of humanity.",high,True,Existential catastrophe from misaligned AGI|Existential catastrophe from misaligned AGI|Existential catastrophe from misaligned AGI|Existential catastrophe from misaligned AGI|Existential catastrophe from misaligned AGI
risk,26,1,2,Centralized AGI Tyranny and Value Lock-in Risks,"This sub-cluster highlights the dangers of centralized AGI systems imposing authoritarian control and locking in narrow value sets, threatening human flourishing.",high,True,Tyranny and value lock-in from centralized AGI singleton|Existential tyranny from centralized preference utilitarian AGI singleton
risk,26,2,1,Economic Fallout from AI Alarmism,Risk of financial instability due to irrational economic behaviors driven by exaggerated fears of imminent AGI collapse.,high,True,Financial instability from overreacting to AI doom predictions
risk,26,3,1,Opaque Objectives in Evolved AGI Systems,This sub-cluster highlights the risk of AGI systems pursuing unintended goals due to their opaque and uncontrolled evolution processes.,high,True,Opacity and uncontrolled objectives in evolution-from-scratch AGI
risk,26,4,1,Centralized Control Corruption Risk,"The risk of AGI corruption due to centralized control, leading to coercive practices and global threats.",high,True,Corruption from centralized control of AGI
risk,11,0,120,Inaccurate AI Timeline Predictions and Safety Risks,This sub-cluster highlights the risks of inadequate safety preparedness due to misestimates of AI development timelines.,high,True,insufficient AI safety preparedness from inaccurate AI timeline estimates|Inadequate AI safety preparedness from inaccurate AI timeline predictions|Inaccurate AI timeline predictions impacting safety preparedness|Insufficient AI safety preparedness from inaccurate AI timeline predictions in strategic planning|Misforecasted AI capability timelines impacting safety preparedness
risk,11,1,3,Forecasting Errors in Control and Sensing Systems,"This sub-cluster highlights risks from inaccurate predictions in model-based control and IoT sensing, leading to compounded errors and misestimations in critical applications.",high,True,Prediction error propagation in model-based control due to inaccurate high-resolution video forecasting|Inaccurate environmental prediction models in resource-constrained IoT sensing|Underestimation of event probabilities in sequential forecasting due to multiple-stage fallacy
risk,11,2,1,Project Delays and Budget Overruns,"This sub-cluster highlights the risks of significant cost overruns and delays in large-scale AI projects, impacting overall preparedness and implementation success.",high,True,Project cost overruns and delays in large-scale projects
risk,11,3,1,Inadequate Flood Warning Systems,"This sub-cluster highlights the failure to provide timely and accurate flood warnings, exacerbating risks during extreme rainfall events.",high,True,Inadequate warning of extreme rainfall flooding events
risk,11,4,1,Forecaster Disengagement from Ambiguity,"This sub-cluster highlights the risk of forecaster demotivation due to unresolved ambiguous questions, leading to decreased participation and effort in AI timeline forecasting.",high,True,Forecaster demotivation from unresolved ambiguous questions
risk,22,0,213,Toxic and Misleading Language Model Outputs,"This sub-cluster addresses the risks of large language models generating harmful, untruthful, or misleading content that can lead to societal harm.",high,True,Harmful or untruthful outputs in large language models|Harmful or dishonest behavior in large language models|Harmful or untruthful outputs from large language models|Unintended harmful outputs from large language models in deployment|harmful or dishonest language model outputs
risk,22,1,5,Cognitive Misinterpretations and Knowledge Acquisition Risks,"This sub-cluster highlights risks associated with self-reinforcing misconceptions and the acquisition of inaccurate knowledge, leading to flawed understanding and decision-making.",high,True,Self-reinforcing conceptual misinterpretations entrapping cognitive development|Acquisition of inaccurate knowledge from low-quality texts|false sense of understanding due to fading novelty in learning|Propagation of unreplicable scientific claims in public discourse|Persuasive deceptive arguments misleading human judges in debate
risk,22,2,1,Inaccurate Multi-Hop Reasoning in QA Systems,"This sub-cluster highlights the risk of low accuracy in AI models when answering complex, multi-hop questions that require advanced reasoning.",high,True,low accuracy on compositional multi-hop question answering in QA systems
risk,22,3,1,Doxxing and Personal Information Exposure,"This sub-cluster addresses the risk of language models generating outputs that disclose personal contact information, enabling harassment and privacy violations.",high,True,Doxxing contact info generation in language model outputs
risk,22,4,1,Bias in Toxicity Assessment of Identity Terms,"This sub-cluster highlights the risk of toxicity classifiers misjudging non-toxic identity-related language, leading to biased outputs against specific identity groups.",high,True,Identity group bias in toxicity language models
intervention,25,0,95,Transparent AI Decision Support Interventions,This sub-cluster focuses on deploying interventions that enhance transparency and understanding in AI decision-making through explanations and uncertainty visualization.,high,True,deploy counterfactual explanation modules in AI decision systems for end-user transparency|Deploy explainable Bayesian diagnostic support systems in clinical workflows|Provide users with explainable AI interfaces including global/local explanations and confidence scores|Deploy explanation interfaces with uncertainty visualization for end-users and supervisors|Deploy calibrated confidence-only AI recommendations in decision-support systems
intervention,25,1,4,Structured Annotation and Preprocessing Techniques,This sub-cluster focuses on enhancing data quality through structured labeling tools and advanced preprocessing methods in AI-driven pathology workflows.,high,True,Use PACS-like annotation tool enforcing structured vector labels with mandatory completion checks|Deploy CycleGAN-based marker ink removal preprocessing in digital pathology analysis workflow|Implement SegCaps architecture for pathological lung segmentation in clinical CT analysis|Deploy expert labeling interfaces for bootstrap dataset creation
intervention,25,2,3,AlphaFold Integration and Confidence Management,This sub-cluster focuses on integrating AlphaFold 2 into research workflows while emphasizing the importance of confidence scores and physics-based priors for reliable protein structure predictions.,high,True,Adopt AlphaFold 2 in structural biology research to accelerate protein structure acquisition|Require users to consider AlphaFold confidence scores when utilizing predicted structures|Combine physics simulation-derived priors with Bayesian experimental updates in protein folding pipelines
intervention,25,3,2,Interactive Engagement Tools for Cognitive Support,This sub-cluster focuses on enhancing user engagement and understanding through interactive elements like tooltips and narrative animations.,high,True,Embed details-on-demand tooltips in interactive articles to reduce cognitive load|Design interactive narratives with scroll or step layouts and animations to increase engagement
intervention,25,4,1,Support Vector Machines for Safety-Critical Classification,Utilize support vector machines to ensure worst-case guarantees in classification tasks within safety-critical AI applications.,high,True,Adopt support vector machines for classification tasks requiring worst-case guarantees
intervention,6,0,83,PGD Adversarial Training for Robust Fine-Tuning,This sub-cluster focuses on integrating PGD adversarial examples during fine-tuning to enhance model robustness and interpretability.,high,True,Apply adversarial training during fine-tuning to improve robustness and interpretability|Fine-tune models with PGD adversarial training during training phase|Fine-tune models with adversarial training using PGD perturbations|Fine-tune models with adversarial training to prioritize robust features|Conduct adversarial training with PGD examples during fine-tuning phase
intervention,6,1,15,Differential Privacy Techniques for Model Training,This sub-cluster focuses on implementing differential privacy mechanisms during model training to safeguard sensitive user data.,high,True,Train models with differential privacy mechanisms to protect sensitive data|Train models with differential privacy techniques to protect user data|Train federated models with DP-SGD and moment accountant|Apply differential privacy algorithms during model training for sensitive data|Perform private fine-tuning of pre-trained models using DP-SGD to maintain accuracy
intervention,6,2,7,Gaussian Randomized Smoothing for Robustness,This sub-cluster focuses on deploying Gaussian randomized smoothing techniques to enhance adversarial robustness during pre-deployment and inference stages.,high,True,Deploy randomized smoothing before deployment for adversarial robustness|Deploy smoothed classifier using Gaussian randomized smoothing for robust image classification|Apply diffusion-based randomized smoothing during pre-deployment testing to certify image classifier robustness|Implement inference-time Gaussian randomized smoothing and certify model robustness to distribution shifts|Apply dilated Gaussian smoothing on anomaly map during inference
intervention,6,3,5,Collaborative Strategies for Robust Distributed Training,This sub-cluster focuses on collaborative techniques to enhance robustness in distributed neural network training against adversarial influences.,high,True,Train distributed classifiers with global Laplacian regularization and collaborative stochastic gradient algorithm|Train distributed classifiers with neighbour label averaging algorithm|Integrate Byzantine-resilient gradient aggregation in distributed neural network training|Deploy codistillation during distributed training to scale beyond SGD limits|Distribute neural network layers across multiple stakeholders during training and inference to enforce joint consent (model splitting)
intervention,6,4,1,Enhanced Robustness with e-LPIPS Metric,Integrates the e-LPIPS metric into training and evaluation to improve model resilience against perceptual attacks during fine-tuning.,high,True,Integrate e-lpips metric into training and evaluation pipelines to enhance robustness against perceptual attacks
intervention,35,0,181,Human Preference-Based Fine-Tuning Interventions,This sub-cluster focuses on optimizing reinforcement learning agents using human preference reward models during fine-tuning to align behaviors with human values.,high,True,Fine-tune/RL train models with human preference reward learning signals|Fine-tune RL agents using human preference-based reward models to align intent|Fine-tune RL agents with reward models learned from human preferences to reduce specification gaming|Fine-tune models with reward modeling on human preference data during reinforcement learning phase|Fine-tune models using reward modeling for human preference alignment
intervention,35,1,1,User Opt-Out for Feature Influence Queries,"This intervention allows users to skip uncertain feature queries, focusing updates on comparison data while anticipating user preferences.",high,True,Provide skip option for feature queries to users and ignore feature update when selected
intervention,35,2,1,Uncertainty-Aware Utility Modeling,This sub-cluster focuses on training utility models that incorporate uncertainty quantification using validation data to enhance generalization in reward modeling.,high,True,Learn uncertainty-aware utility model with validation-set derived generalization bound
intervention,35,3,1,Kidney Exchange Optimization via BLP Sampling,This intervention focuses on enhancing kidney allocation systems by utilizing BLP-sampled heterogeneous preference weights to better reflect societal preferences.,high,True,Deploy kidney matching system using BLP-sampled heterogeneous preference weights
intervention,35,4,1,Video-Based Intrinsic Reward via KNN,This intervention employs k-nearest neighbor distance on latent trajectory embeddings to enhance intrinsic rewards during training.,high,True,Add video-based intrinsic reward using k-nearest neighbor distance over latent trajectory embeddings during training
intervention,0,0,120,Weight Decay and Regularization Techniques,This sub-cluster focuses on various weight decay and regularization strategies to enhance model generalization and mitigate overfitting during training.,high,True,Apply continuous weight decay during pre-training and fine-tuning to prevent double descent-induced generalization failures|Apply weight decay regularization during training to control variance and prevent double descent|Tune weight decay hyperparameter during fine-tuning to favor early general circuit dominance|Apply dropout regularization during model fine-tuning to improve generalization|Apply ℓ1 regularization and prune small weights during adversarial training of image classifiers
intervention,0,1,2,Session Management for Variable Initialization,This sub-cluster focuses on using MonitoredSession and global variable initializers to ensure proper variable management during training.,high,True,Train within tf.train.MonitoredSession to manage initialization and finalization|Initialize variables using tf.global_variables_initializer prior to session run
intervention,0,2,2,Conservative Exploration and Controlled Inference,This sub-cluster focuses on interventions that enforce cautious exploration during training and regulate sampling parameters during deployment to enhance model reliability.,high,True,Configure conservative Qmin thresholds during training|Set top-p≤0.9 and temperature≤0.7 decoding parameters during deployment
intervention,0,3,1,K-Nearest Edge Filtration for Complexity Control,This approach retains only the k closest edges per node to reduce complexity and eliminate potential wormholes in graph construction.,high,True,Apply k-nearest edge filtration during graph construction
intervention,0,4,1,Feature Reduction via Pivoted QR/SVD,This approach involves removing redundant correlated features using pivoted QR/SVD before training to enhance model generalization and sparsity.,high,True,Remove redundant correlated features identified via pivoted QR before model training
intervention,8,0,239,Expand Funding for AI Safety Research Teams,"This sub-cluster focuses on allocating resources to enhance AI safety research capacity through dedicated teams, grants, and fellowships.",high,True,Fund and expand AI safety research teams within leading labs and academia|Fund and expand technical AI alignment research programs|Provide targeted grants and fellowships to AI safety researchers|Provide grants and fellowships to train and hire additional AI safety researchers|Provide targeted philanthropic funding for AI safety research and policy advocacy
intervention,8,1,14,Enhancing Donation Matching Strategies,This sub-cluster focuses on innovative approaches to maximize donations through employer matching and synchronized giving events.,high,True,Encourage software engineers to donate significant income to top effective charities through employer matching|Partner with high-net-worth sponsors for matching challenges|Encourage donors to leverage employer donation matching programs|Deploy online marketplaces matching opposed charity donations to channel funds to mutually accepted causes|Mobilize donors for synchronized giving during limited-time 1:1 match events
intervention,8,2,4,Financial Strategies for AI Safety Investment,This sub-cluster focuses on optimizing financial portfolios and risk management to enhance funding for AI safety initiatives.,high,True,"Increase philanthropic portfolio leverage on diversified factor assets to 30% volatility target|Rebalance EA donor portfolios into diversified, uncorrelated assets|Maintain savings and avoid high-interest debt to preserve financial optionality under uncertain AGI timelines|Scale up present-day risk reduction efforts irrespective of warning signals"
intervention,8,3,1,Resource Optimization in AI Safety Operations,This sub-cluster focuses on reducing operational costs by shutting down unnecessary office spaces to reallocate resources more effectively within the AI safety ecosystem.,high,True,Shut down Lightcone office space by March 24 2023
intervention,8,4,1,Foundational Deep Learning Education,This sub-cluster emphasizes completing foundational coursework in deep learning and Python to build essential skills for AI safety research.,high,True,complete foundational deep learning coursework and Python coding exercises
intervention,9,0,75,Architecting Transformer Models for Robustness,Focus on designing transformer-based architectures with attention mechanisms to enhance model performance in handling long-range dependencies across various tasks.,high,True,Architect deep models with residual skip connections at design phase|Design models with transformer self-attention architectures for long-range dependency tasks|Design transformer-based NLP models with multi-head self-attention|Adopt transformer-based architectures with attention for vision and language tasks|Design new language models with transformer self-attention architecture to handle long-range dependencies
intervention,9,1,21,Memory Optimization Techniques for Training Efficiency,This sub-cluster focuses on interventions that enhance memory management and computational efficiency during the training of large-scale models.,high,True,Enable asynchronous GPU memory swapping for intermediate tensors during training loops|Adopt ZeRO-1 sharded optimizer during pre-training to reduce per-GPU memory|Integrate custom GPU CTC loss and ring all-reduce synchronous SGD during ASR training on 8–16 GPUs|Train deep networks on GPU hardware for computational efficiency|Apply 3D parallelism during model pre-training to enable trillion-parameter scaling
intervention,9,2,18,Compute-Optimal Scaling Strategies for LLMs,This sub-cluster focuses on interventions that optimize the scaling of parameters and tokens in language models to enhance efficiency and reduce environmental impact.,high,True,Plan LLM pre-training runs using Chinchilla compute-optimal scaling (equal log-scaling of model and data)|Adopt data-optimal scaling strategies to reduce parameter count and compute consumption|Pre-train language models with compute-optimal parameter-to-token ratio|Adopt compute-optimal parameter-token scaling when designing and pretraining future LLMs|Adopt compute-optimal scaling strategy in model design to lower environmental impact
intervention,9,3,6,Message-Passing Architectures for Graph Neural Networks,This sub-cluster focuses on designing and optimizing message-passing layers in GNNs to enhance node representation and scalability.,high,True,implement message-passing GNN architectures such as GCN GAT GraphSAGE|Design GNNs with message passing using sum aggregation|Employ graph neural networks that propagate information over external knowledge graphs|Adopt scMoGNN framework for multimodal single-cell data integration|optimize scalability via sampling-based aggregations (GraphSAGE)
intervention,9,4,2,Scalable Differentiable MAXSAT Integration,This sub-cluster focuses on implementing GPU-accelerated MAXSAT techniques and integrating SATNet layers to enhance model training with logical constraints.,high,True,Employ GPU-accelerated block coordinate descent implementation for scalable differentiable MAXSAT during training|Integrate SATNet differentiable MAXSAT layer into model architectures to enforce and learn logical constraints
intervention,23,0,96,Human-Centric Safety Interventions in Robotics,This sub-cluster focuses on interventions that enhance safety and collaboration between robots and humans through predictive modeling and adaptive control strategies.,high,True,Deploy legible motion planning in robots interacting with humans|Integrate active offline policy selection pipeline during pre-deployment testing of robotic RL systems|Deploy internal-to-real dynamics transfer assistance in human-robot control interfaces|Deploy predictive robots with Bayesian intent inference and continuous adaptive task allocation|Deploy model-free shared autonomy with human-in-the-loop deep Q-learning for real-time control systems
intervention,23,1,2,Cost Matrix Tuning for Safety and Efficiency,This sub-cluster focuses on adjusting cost matrices in control systems to prioritize actuator protection and align with organizational safety and efficiency goals.,high,True,Tune LQR cost matrices Q and R to limit actuator usage|tune JCMP cost weights before deployment to prioritise safety or efficiency
intervention,23,2,1,External Signaling for Pedestrian Interaction,"This sub-cluster focuses on using external light signals on autonomous vehicles to communicate intent to pedestrians, enhancing safety and interaction.",high,True,Install external HMI light signals on AVs to convey yielding to pedestrians
intervention,23,3,1,Tail Recursion Optimization for Safety-Critical Algorithms,This sub-cluster focuses on refactoring safety-critical recursive algorithms into tail-recursive forms to enhance performance and reliability during deployment.,high,True,Rewrite safety-critical recursive algorithms into tail recursive form with tail call optimization
intervention,23,4,1,Optimal Planting Schedule Implementation,This sub-cluster focuses on using solver-derived schedules to enhance gameplay efficiency and profitability through strategic planting decisions.,high,True,Adopt solver-derived optimal planting schedule in gameplay
intervention,4,0,176,Mandatory Pre-Deployment Safety Evaluations,This sub-cluster emphasizes regulatory requirements for rigorous safety assessments and adversarial testing before the deployment of advanced AI systems.,high,True,Mandate pre-deployment safety evaluations and red-teaming for advanced AI systems|Mandate regulatory pre-deployment safety evaluations for advanced AI systems|restrict deployment of AI systems to narrow domains until alignment verification completed|Mandate pre-deployment adversarial audits for high-impact AI systems|Implement strict internal publication and controlled-release policies for dangerous AI research
intervention,4,1,15,Regulatory Oversight for Pathogen Safety,This sub-cluster focuses on implementing mandatory screening and inspection protocols for DNA synthesis and pathogen facilities to enhance biosecurity.,high,True,Enact global regulation requiring DNA synthesis screening and lab biosecurity audits|Mandate universal pathogenic sequence screening at DNA synthesis providers|Mandate universal DNA synthesis order screening with centralized threat database sharing|Implement horizon-scanning informed updates to biosecurity regulations|Conduct scheduled risk-based inspections of pathogen facilities
intervention,4,2,8,Asteroid Detection and Deflection Initiatives,This sub-cluster focuses on funding and operationalizing technologies for detecting and diverting near-Earth objects to prevent potential extinction events.,high,True,"Deploy NEO detection, tracking and redirection missions|Deploy asteroid deflection capability to prevent extinction|Fund and operate global NEO detection and kinetic deflection program|Invest in asteroid detection and deflection programs|Accelerate deployment of U.S. counter-AUV UUV squadrons"
intervention,4,3,3,Health Interventions for Pandemic Preparedness,This sub-cluster focuses on proactive health measures to mitigate the spread of airborne diseases during pandemics.,high,True,Stockpile 200 FFP2/FFP3 masks for airborne pandemic preparedness|Mandate face mask usage in public to cut transmission|Get fully vaccinated with mRNA vaccines during pandemic
intervention,4,4,1,Cyber Insurance Incentives for Compliance,Linking insurance discounts to Cyber Essentials certification to promote adherence to cybersecurity standards.,high,True,Provide insurance premium discounts contingent on Cyber Essentials certification
intervention,1,0,93,Proactive Anomaly Detection and Response,This sub-cluster focuses on implementing continuous monitoring and intervention strategies to detect and mitigate anomalies in AI systems during deployment and operation.,high,True,deploy ml-driven intrusion detection and vulnerability patching across ai infrastructure|implement continuous runtime anomaly detection in deployed AI systems|Deploy AI models in phased releases with continuous post-deployment monitoring|Implement AI-enabled monitoring and content filtering systems during deployment|deploy real-time anomaly detection tripwire systems during AI operation
intervention,1,1,5,Structured Skill Development and Feedback Mechanisms,This sub-cluster focuses on implementing structured practice and feedback strategies to enhance skill acquisition and critical thinking in AI safety contexts.,high,True,Implement hands-on skill practice with structured formative feedback in programmes|apply deliberate practice checklists during review sessions|Apply CRISP-DM iterative data and model development in AI projects|Implement AIE five-step measurement process in organisational decision workflows|Integrate critical thinking curricula throughout formal education to cultivate reflective citizens
intervention,1,2,4,Safetensors Integration for Model Safety,This sub-cluster focuses on adopting safetensors as the standard format for model serialization and loading to enhance safety in AI systems.,high,True,adopt safetensors as default serialization format in model repositories|Adopt safetensors as default model saving format in transformers ecosystem|Install safetensors library as core dependency to enforce safe model loading|Conduct systematic hazard identification and safety requirement derivation during system design
intervention,1,3,2,Dynamic Enforcement and Output Equalization,This sub-cluster focuses on runtime contract enforcement and output consistency to enhance system reliability and safety.,high,True,Enable runtime higher-order contracts in production systems for dynamic enforcement|Implement point-function-based locking schemes to equalize incorrect key outputs
intervention,1,4,2,Mathematical Foundations for Cryptographic Integrity,This sub-cluster focuses on integrating advanced mathematical proofs into cryptographic standards and educational materials to enhance security and understanding.,high,True,Integrate infinite-prime theorem into cryptographic key generation standards|Integrate inductive simplicity proof of alternating groups into abstract algebra teaching materials
intervention,26,0,166,Human Feedback and Counterfactuals in RL Fine-Tuning,"This sub-cluster focuses on enhancing RL fine-tuning through human feedback, counterfactuals, and adaptive learning strategies.",high,True,Fine-tune robot policies with inclusive reward learning using underestimating choice sets|Fine-tune RL agents with human feedback on hypothetical trajectories to avoid unsafe environmental traps|Fine-tune RL agents using ADVISOR adaptive loss with auxiliary policy to bridge imitation gap|Fine-tune RL agents with VICE using success-state examples to learn event-based rewards|fine-tune robot policies with PPO on simulated human learning behaviours
intervention,26,1,3,Greedy Optimization Strategies for Agent Coordination,This sub-cluster focuses on implementing greedy algorithms to enhance coordination and decision-making in decentralized agent systems.,high,True,deploy greedy EUS-maximising commitment queries in decentralized agent protocols|Implement greedy (1-1/e) approximation algorithm to suggest restriction relaxations to agents in matching platforms|Implement LocalBid optimization with self-confirming price distributions in automated bidding agents
intervention,26,2,2,Safe Parameterization and Initialization Techniques,This sub-cluster focuses on methods for ensuring safe transitions and initializations in reinforcement learning models.,high,True,Parametrize latent variable transitions with softmax to enforce local normalization during model design|Initialize optimization with empirically verified safe parameter set S0
intervention,26,3,2,Clipped Action and Sampling Interventions,This sub-cluster focuses on safety interventions using clipped action editing and importance sampling for reliable off-policy evaluation.,high,True,Use additive clipped action editing function for safety adjustments|Apply clipped importance sampling with confidence interval analysis for off-policy evaluation
intervention,26,4,1,Logarithmic Scoring Rule for Oracle Evaluation,This intervention promotes the use of logarithmic scoring rules to enhance oracle evaluation by reducing worst-case deviations and mitigating extreme-point incentives.,high,True,adopt logarithmic scoring rule for oracle evaluation
intervention,5,0,177,Pre-Deployment Adversarial Testing Strategies,This sub-cluster focuses on integrating various adversarial testing methods to evaluate and enhance the robustness of AI systems before their deployment.,high,True,Integrate adversarial evaluation into pre-deployment testing for RL systems|Conduct adversarial red-teaming and stress testing before deployment|Conduct unrestricted adversarial example testing pre-deployment to evaluate robustness|Perform structured red teaming and capability evaluations before model release|Integrate adversarial robustness evaluation in pre-deployment
intervention,5,1,7,Experimental Validation for ML Feature Rollouts,This sub-cluster emphasizes the use of randomized controlled trials and comparisons to validate the causal impact of machine learning interventions before deployment.,high,True,Prioritize randomized controlled experiments over observational studies for feature rollouts on online platforms|Conduct within-study comparisons to validate observational causal inference before adoption|Run randomized controlled trials to evaluate causal effect of interventions|Run periodic large-scale ad holdout experiments prior to budget allocation|Use instrumental variable ATT estimation leveraging assignment in one-sided compliance experiments
intervention,5,2,3,Rowhammer Mitigation Strategies for Deployment,This sub-cluster focuses on interventions to prevent Rowhammer vulnerabilities in deployed systems through hardware and software configurations.,high,True,Deploy ECC-enabled DRAM modules in production servers to mitigate single-bit rowhammer errors|Activate Target Row Refresh or increase DRAM refresh rates via firmware settings before deployment|Enforce reduced JavaScript timer precision and memory allocation limits in browsers during deployment
intervention,5,3,2,Robust Model Design and Functionality Minimization,This sub-cluster emphasizes designing models with limited functionality and avoiding weak defenses to enhance overall robustness.,high,True,Exclude defensive distillation as primary robustness defense when designing models|limit system functionality to minimize attack surface from the outset
intervention,5,4,1,Standardized Evaluation Framework for SSL Methods,This sub-cluster emphasizes the need for a unified framework to assess semi-supervised learning algorithms consistently across various implementations.,high,True,Adopt shared implementation framework when comparing SSL methods
intervention,11,0,110,Public Engagement and Education on AI Risks,This sub-cluster focuses on producing and disseminating educational content and resources to raise awareness of AI existential risks among researchers and the public.,high,True,Produce and share accessible AI x-risk educational content for researchers and public|Publish comprehensive AI risk research articles and reports to raise awareness|Conduct recurring public AI existential risk debates targeting policymakers and societal leaders|Produce public educational content to raise AI safety awareness|Disseminate interactive AI risk educational resources to AI researchers
intervention,11,1,3,Collaborative Interventions for Ethical AI and Health Practices,This sub-cluster focuses on cooperative efforts to enhance ethical standards and regulatory frameworks in AI through advocacy and resource sharing.,low,False,Advocate regulatory reforms to increase opioid pain medication access in low-income countries|Provide low-cost cooperative assistance to other value systems during shared projects|Update mediating ontologies to latest releases before ontology alignment
intervention,11,2,2,HPMOR Distribution Initiatives in Russia,This sub-cluster focuses on distributing copies of HPMOR to public libraries and olympiad winners to enhance accessibility and readership.,high,True,Bulk distribute HPMOR to public libraries across Russia|Deploy nationwide program to ship HPMOR copies to olympiad winners within Russia
intervention,11,3,1,Community-Curated Educational Resources,A collaborative initiative to compile and maintain a comparative list of recommended textbooks for various AI safety subjects.,high,True,Compile community-curated comparative textbook list for each subject
intervention,11,4,1,Economic Incentives for AI Safety,"This sub-cluster focuses on implementing fiat currency systems to facilitate economic transactions, enhancing public engagement in AI safety initiatives.",medium,False,Introduce fiat paper currency as general medium of exchange in economic systems
